customer_id,has_pv_prob,pv_capacity_mean,pv_capacity_ci_lower,pv_capacity_ci_upper,pv_capacity_kwp,pv_capacity_kwp_ci_lower,pv_capacity_kwp_ci_upper,pv_capacity_kwp_regression_only,pv_capacity_kwp_floor,floor_to_reg_ratio,sc_share_mean,sc_share_ci_lower,sc_share_ci_upper
019aea2812fd34bdf9852bfc544c6cd14be98c50,0.5379366370962573,0.00323877312283039,0.0018078780491797017,0.004455779080171818,12.95509249132156,7.231512196718807,17.823116320687273,0.7342720342087247,12.95509249132156,17.643450775409672,0.7219310344827584,0.0,0.9502262443438915
019e6179a1f50a7770bf47670b80a98ed2831362,1.0,0.0017924331096618588,0.00168449339058787,0.0018933382838656396,7.1697324386474355,6.73797356235148,7.5733531354625585,7.1697324386474355,5.962166542531598,0.8315744825278802,0.28656215156033804,0.2405125839769067,0.3321623294825016
01a435bf5a193c94a5b2591a79c0e2b34fb5f929,1.0,0.0018471322000733765,0.0017341607833429226,0.001928020682895636,7.388528800293506,6.936643133371691,7.712082731582544,6.703851123313301,7.388528800293506,1.1021319931463232,0.011762947174957546,0.0004336801584806494,0.021411593965254945
01a9aaf9d7c7ac31055fb807a9566d902a776e8b,1.0,0.002088230761577971,0.0020026628483638363,0.002183956581976252,8.352923046311885,8.010651393455346,8.735826327905007,5.984035775176496,8.352923046311885,1.395867832368619,0.04641730287950302,0.030881633385596272,0.062179566052702
01b1ebd61f92b758c8e20378d74ac1d85c581806,1.0,0.002858544316305999,0.002751483093561092,0.0029600996888999942,11.434177265223996,11.005932374244368,11.840398755599978,9.241545709877071,11.434177265223996,1.2372580977447862,0.019465730208364104,0.007905934534598764,0.03302735786119326
01cb2991e75689b2c09de589e2f7c3be3dbb7796,1.0,0.0014762603217340364,0.0014251146994001902,0.00154477903012007,5.905041286936146,5.700458797600761,6.1791161204802805,4.980674286221818,5.905041286936146,1.1855907348270958,0.07298616479927998,0.05210985752333696,0.09695642503818494
01ce16e957337814095c03b06c530af4edcc8363,1.0,0.0012926887140711323,0.0012181175338641802,0.0013857259438220494,5.170754856284529,4.87247013545672,5.542903775288197,4.519774596096801,5.170754856284529,1.1440293639310914,0.12911626821817335,0.04897017964786185,0.17780179431989282
01d2bd2799ec93fdd0c8042d9a3a68cd8ebb8662,1.0,0.0025198695223364737,0.0024324260274464576,0.002635787140389588,10.079478089345894,9.72970410978583,10.543148561558352,5.624587639266547,10.079478089345894,1.7920385876786284,0.11673062341951214,0.05604527219941979,0.1697203250957045
01d54bf5876b73947b2821e979a098045173c065,1.0,0.0005552349285224534,0.000537067453668701,0.0005802605699602347,2.2209397140898135,2.148269814674804,2.3210422798409387,1.8747609958193387,2.2209397140898135,1.1846521871547588,0.018068778554433305,0.0,0.0753558792283954
01dc1786b9d3811fea5a6d7b27b3b338449a3b00,1.0,0.00823774258770593,0.00802765937150368,0.008455689783219013,32.950970350823724,32.11063748601472,33.82275913287605,28.850994401654873,32.950970350823724,1.1421086528973738,0.02916010037894175,0.017175241380493252,0.04109840804666344
01e7f3bbfed7c0c814e34459b6f6ce3af526ca8a,1.0,0.0025359012880103375,0.0023825557923706627,0.0026725075946691258,10.14360515204135,9.530223169482651,10.690030378676504,10.14360515204135,7.920844852116178,0.780870778524157,0.06293899824241914,0.0,0.17419697669769008
01ea6ee93b41db8bedd31121ef32ccaa1c80aad9,1.0,0.004038867647072703,0.0038777185588196312,0.004181464064178006,16.155470588290815,15.510874235278525,16.725856256712024,11.970243629849232,16.155470588290815,1.3496359044861226,0.0704857415732896,0.04248309986480053,0.09497119121475332
01ecc912bf942bd600b47512eb6127f27f84d62d,1.0,0.000450286741185312,0.0004410709723301903,0.0005345902051421817,1.8011469647412481,1.7642838893207613,2.138360820568727,1.8011469647412481,1.79546716933833,0.9968465674849947,0.42270334961857214,0.33159300721477525,0.4855081283316724
01ef9198b73243c83b0d2ba3f5c6de0bcffe6800,1.0,0.0018127473095041835,0.001740099278030253,0.0019410633756038033,7.250989238016734,6.960397112121012,7.7642535024152135,7.250989238016734,7.161967724389726,0.9877228457104485,0.06847040639345839,0.033962656992324675,0.0969100872591807
01f5119959d44858a4e7a3bc2dd3ff50ea61b974,1.0,0.0018376607573372273,0.0017674635647747705,0.0019199963774246928,7.350643029348909,7.069854259099082,7.6799855096987715,5.789794331838058,7.350643029348909,1.2695862077393232,0.08613081681527171,0.07230380336531607,0.10341143856503926
01f5e53618b8b60d8832cd20e897c974c02a99e1,1.0,0.001922434269480456,0.0018181459015689824,0.002028077396374712,7.689737077921824,7.27258360627593,8.112309585498847,3.7963798819763888,7.689737077921824,2.025544681244744,0.07448183344456426,0.00043816122703772684,0.1952228918296919
02017a45fa9643b684334c51764cd7fa93e80cb0,1.0,0.0017892715759354272,0.0017205445026834457,0.001897367340438817,7.157086303741709,6.882178010733782,7.589469361755268,4.058145133267178,7.157086303741709,1.763634879657347,0.092682179574997,0.06048808368111332,0.11913946099057957
020ba6257f75d699bf7c49099d4bcb15436cf182,1.0,0.0010723830306142094,0.001018727109247611,0.0011380646305997407,4.289532122456838,4.0749084369904445,4.5522585223989624,1.9972112133127178,4.289532122456838,2.147760884709791,0.011363315020365965,0.007598646399792495,0.016106462035532107
021964ca78659b52d89b0649f0df41116572e729,0.9524431408196815,0.0003182070818114668,0.00029979919383995944,0.0003480543441315936,1.2728283272458674,1.1991967753598378,1.3922173765263743,0.56786348851026,1.2728283272458674,2.2414336420624976,0.5781011795256544,0.5003048112784796,0.6501365014942491
021b8af72632c2bddfeceefc4c03b97eef3551a1,1.0,0.000997318546808925,0.0009752846384736581,0.0010355066847940698,3.9892741872357003,3.9011385538946324,4.142026739176279,2.79950224377223,3.9892741872357003,1.424994102473122,0.06913992000987627,0.05434884159929725,0.0814012196991154
021c1b0a024c884fe22081fd4f69f522d7a2bd31,1.0,0.001516044872950438,0.0014211713834426125,0.0015886764892906757,6.064179491801752,5.68468553377045,6.354705957162703,5.356967732908376,6.064179491801752,1.1320171772827574,0.1851652498125157,0.14472054110606136,0.21510915420104823
021fc87c9fcd86cd5f7dd21b8bd91080187b0a73,1.0,0.0014288490130152363,0.0013156037065409334,0.0015143326325343484,5.715396052060945,5.262414826163734,6.057330530137394,5.715396052060945,3.3655403430323045,0.5888551401120674,0.2348263230114237,0.14630727415097217,0.323660501383417
0229df7a57b3bb3e665924979e8e36b1aad4d431,1.0,0.0007827260431586394,0.0007151279989018607,0.000826091683252567,3.1309041726345574,2.860511995607443,3.304366733010268,1.6736042613548536,3.1309041726345574,1.8707553780365962,0.2330698328386191,0.13800156223120608,0.3100092767441198
02303f47caf51ac347992117df4b2782bb123f16,1.0,0.0012370248862225168,0.0012005762758276197,0.001301275508066546,4.948099544890067,4.802305103310479,5.2051020322661845,4.948099544890067,4.819457168648656,0.9740016596120704,0.09796914431407236,0.06950189142173994,0.12289210360805532
0231a8ab1c5e06b79e5b564e432a625539d80048,1.0,0.0009359163054947151,0.0009172091264548664,0.0009720026391846551,3.74366522197886,3.6688365058194656,3.8880105567386205,2.84066591550559,3.74366522197886,1.3178829659427063,0.0735264124005711,0.05009253789964576,0.10262761117771801
0238fd372f3986d6e39830057ca382bb95246266,1.0,0.0022623704702889004,0.002172810659509077,0.002371057368830587,9.049481881155602,8.691242638036307,9.484229475322348,9.049481881155602,8.743519699778492,0.9661900885160909,0.06905046426351472,0.03728223881341995,0.10932421003995096
023a258c6833190d0c17db9ceccad9c6e262429c,1.0,0.0013071806767334033,0.0012471188169738648,0.0013917229435418568,5.228722706933613,4.988475267895459,5.566891774167427,5.228722706933613,4.849430693546839,0.9274599104512066,0.11190842911536272,0.060828965708659685,0.1355327480034443
0271f31995d7ae29f16641bac05a31493e26cb1c,0.0,2.0231243656304748e-05,1.3735553049340143e-05,3.114453524954089e-05,0.08092497462521898,0.05494221219736057,0.12457814099816356,0.08092497462521898,0.0,0.0,1.0,1.0,1.0
02758f581d15e4673edde3e7cbddfe6c94494fe7,0.0,0.00027516890524760816,0.00019501535754622038,0.00033642315473350176,1.1006756209904327,0.7800614301848815,1.345692618934007,1.1006756209904327,0.0,0.0,1.0,1.0,1.0
027ebaa3acf8da120708aa49c29dd9067375f330,1.0,0.0012826574763131252,0.0011997825960709993,0.0013569430555494181,5.1306299052525,4.799130384283997,5.427772222197673,4.284495809931209,5.1306299052525,1.1974874367621045,0.07289104443159282,0.03209914188871804,0.11151723143690905
028573f9a16a9240d764f37ada57dcc5a8f3ab48,1.0,0.000758554323653146,0.00038637771237213305,0.0010128063076751718,3.034217294612584,1.5455108494885321,4.0512252307006875,3.034217294612584,1.048615979455739,0.34559686325617256,0.6381318923835191,0.0,0.8044303940260574
02872892fcefe135cc7ba2b69357d1b92b7345f4,1.0,0.0008768900041981244,0.0007496818806310662,0.000982110246249703,3.507560016792498,2.998727522524265,3.9284409849988116,3.507560016792498,2.144385547839549,0.6113610423123966,0.3829454297552481,0.2745788239869183,0.4448100563439344
0288660d9b64a5b9ea01f086f8d9ab5398bcf2bf,1.0,0.0018357743290374107,0.0017623471118537054,0.0019004464479133885,7.343097316149643,7.049388447414821,7.601785791653554,5.078949617652326,7.343097316149643,1.4457905411441918,0.053257118500351024,0.042881362798545056,0.06760782791348967
0296df334eaf8ad411d56cf200312ff4b38d331b,1.0,0.0011655590251239052,0.0011203554337082748,0.0012137689155899017,4.662236100495621,4.481421734833099,4.8550756623596065,3.4520080714544594,4.662236100495621,1.350586674187945,0.0,0.0,0.0
029706e92bf4653a0b8d9185810431a4d12f2e2c,1.0,0.004417038508799029,0.004341878363710068,0.00462840561732697,17.668154035196114,17.36751345484027,18.51362246930788,17.668154035196114,17.615824497883327,0.9970382000740687,0.012918330031263565,0.0032821292071135654,0.02201562592194219
029d6355723b3225d961095272dce25b8a364464,1.0,0.0027487063083791435,0.0026942098182899618,0.0028204302250410688,10.994825233516574,10.776839273159847,11.281720900164276,10.994825233516574,10.659682934639777,0.9695181786195973,0.03807632110117032,0.025696818676758305,0.04969859523373363
02a1714cb20b7d0286cf9ffc89b197e5bef7e41a,1.0,0.0024619690536392983,0.0024305558472843673,0.0026986558411436577,9.847876214557193,9.722223389137469,10.794623364574631,9.777920378224158,9.847876214557193,1.007154469828659,0.106140411119333,0.07321401331259417,0.13950587555096028
02b0aab494ae623882d5122749b5eff5fd6774f6,1.0,0.0027767000766659752,0.002654450546288218,0.0028946236641378335,11.106800306663901,10.617802185152872,11.578494656551333,7.676344331580922,11.106800306663901,1.4468866724711509,0.02793256408709452,0.002774064353721794,0.050978794792542144
02b13d8dde997331724caa3e229ef635631d7788,1.0,0.0016352023286596625,0.0015562372261044815,0.0017238328568933588,6.54080931463865,6.224948904417926,6.895331427573435,3.9631520664318254,6.54080931463865,1.6504058398464598,0.04381753542636823,0.03402837831312537,0.05679553154708982
02bbac6da01824449257cb4df3cd081f0eadd116,1.0,0.0012518418377095671,0.001153063551106078,0.0013953134382078296,5.007367350838269,4.612254204424312,5.581253752831318,5.007367350838269,4.831376136298682,0.9648535443459876,0.324137348434077,0.22558005767770878,0.40847280055595536
02c7ea35e140ef88ebc28dd1ae106fdfb760e097,1.0,0.0017414897906598472,0.001696033413582091,0.0018101136804992237,6.965959162639389,6.784133654328365,7.240454721996895,5.516162470716571,6.965959162639389,1.262827046813667,0.06107025067510551,0.04804377204337853,0.07784735689040011
02c862be9ef4516fd99650d9d041991154fc05f0,1.0,0.0006500362369886556,0.0005664823917015477,0.0007416748505610618,2.600144947954622,2.2659295668061907,2.966699402244247,2.600144947954622,1.4252087932497097,0.5481266705422849,0.3330544007548986,0.1757533755978728,0.4083835186060721
02c9e016bc3c31f06eaa78300808bee6159eb8af,1.0,0.0026934532737070073,0.0025438761324623064,0.0028673728248994473,10.773813094828029,10.175504529849226,11.46949129959779,10.773813094828029,10.016376139511067,0.9296964826983523,0.0915943732781896,0.03821494893716271,0.13232163530479069
02cd900f3bf85e60655b0215d2fea1519a428f12,1.0,0.004087064001534594,0.003731464775472192,0.00450497131699318,16.348256006138378,14.925859101888769,18.019885267972718,16.348256006138378,14.902322511822044,0.911554266475065,0.012406675300596056,0.0,0.15366367140747644
152b7397ca130833469ced81012f8fcf3850f39d,1.0,0.0013685645863478683,0.0013032343321912874,0.0014371376741395992,5.4742583453914735,5.2129373287651495,5.748550696558397,4.573181159368464,5.4742583453914735,1.1970350954011724,0.18305358467692506,0.09870610852739123,0.2839510913349594
152d37dafdd33f3ce11ab16f62d7b1a01ec2733a,1.0,0.0021403886970913968,0.0020647852679409958,0.0022610295673614654,8.561554788365587,8.259141071763983,9.044118269445862,6.15918721447975,8.561554788365587,1.390046200939966,0.08897851440111018,0.05736155451925993,0.10019326704625611
1530a877d09e36a3a1502a352a993c98db02b294,1.0,0.0004973057852237955,0.00048011686825568143,0.0005851621241557619,1.989223140895182,1.9204674730227258,2.340648496623048,1.8620323209839331,1.989223140895182,1.0683075253194525,0.013924403814275592,0.0,0.10928624575407618
15340047b1834dda4ad329810c6f8e9a627c038e,1.0,0.001333469959578852,0.0012760487829604754,0.0014972972824677444,5.333879838315408,5.104195131841902,5.989189129870978,5.333879838315408,5.232316228443183,0.9809587742973411,0.15161408755091624,0.08892132720983506,0.23605632128262818
153e32ee7787d50f628f9abb1ff7b9e0c6f0235e,1.0,0.001119373868020308,0.0010079405782806197,0.0012307392273955809,4.477495472081232,4.031762313122479,4.922956909582323,4.477495472081232,4.002481039375371,0.8939106838482039,0.29584733736649477,0.22738117046298695,0.35558668732038073
154cafed191b26b4e6e24b4aed4aa6afb7194f6e,1.0,0.002167131065303564,0.002106421782199,0.0022391713919856044,8.668524261214255,8.425687128796,8.956685567942417,8.11651476697702,8.668524261214255,1.0680106560617804,0.00364182464374989,0.0,0.014139963588413846
1550764bcb2bd6d964cca636b200f808e46b91cc,1.0,0.00048509523811697325,0.0004622953423628001,0.0005102069202662195,1.940380952467893,1.8491813694512005,2.040827681064878,1.2947813377818047,1.940380952467893,1.4986167129904093,0.04349157623185901,0.029049904340782473,0.05988897622578193
15579e47a923be534710e889d87b942cef6d801d,1.0,0.000997567945757726,0.0009425740117433535,0.0010473513581029275,3.990271783030904,3.770296046973414,4.18940543241171,2.5637794499676274,3.9902717830309045,1.556402124637238,0.037257603844016926,0.0,0.08825640870668171
1566fb15c29d1e76603ecb3b77db0dbc808c7d2e,1.0,0.0008812728039372454,0.0006906759166193636,0.0010026569074461733,3.525091215748982,2.7627036664774542,4.010627629784693,3.525091215748982,2.746046674394698,0.7790001751234801,0.22956142841787283,0.06967016391026577,0.32995762971219195
156ea7864f33c5af2dd17c54f024a5f338f46666,1.0,0.0002298141697533502,0.00021740382496240987,0.0002506545574880821,0.9192566790134008,0.8696152998496395,1.0026182299523285,0.9192566790134008,0.8928896423865065,0.9713170029341609,0.213064141767675,0.02480697804892367,0.336183629655998
1578732a4907cf736b537f8593ad4a60a0fa2f4a,1.0,0.0012461459787281085,0.0012311969630444126,0.0013934802455310353,4.984583914912434,4.9247878521776505,5.573920982124141,4.837519110726839,4.984583914912434,1.030400873013502,0.24893979767673743,0.20404499907245027,0.29687782335568663
1584bb45485ec6e7c798fa40df412d41ad6177c2,1.0,0.0022233120275271445,0.0021259810536175742,0.0023200388506421405,8.893248110108578,8.503924214470297,9.280155402568562,7.912394931250297,8.893248110108578,1.1239641331582635,0.07390451341027336,0.052133390022400264,0.0946767193450355
158a2a02fac127231a94c4c7c3d106f34da6c040,1.0,0.002567585141393669,0.0024994265921946504,0.002688433100557733,10.270340565574676,9.997706368778601,10.753732402230932,9.717573772827139,10.270340565574676,1.05688321032285,0.009805013052562723,0.004846757964481685,0.014392438367181855
158c4f031d628d0cb14bd895d0500b772df361c5,1.0,0.0011336366606212623,0.001097905370889811,0.0011776775961364486,4.534546642485049,4.391621483559244,4.710710384545794,3.290090289123401,4.534546642485049,1.3782438304126954,0.19576729175245947,0.15221263124631748,0.24406406307589715
158e7ae5dbe4371aeb8f529694b1c4e37a21cb30,1.0,0.001563128294960232,0.0014828090873526855,0.0016497878485781672,6.252513179840928,5.931236349410742,6.599151394312669,4.45022636854637,6.252513179840928,1.4049876707470188,0.050022427224240384,0.03630925668748492,0.06108414268229411
159683c4b781073fb26e083e4f457eed5b826bb1,1.0,0.0029504084696532966,0.0028208715625730133,0.003047193625979126,11.801633878613186,11.283486250292054,12.188774503916504,9.807151331207828,11.801633878613186,1.2033702224068488,0.023882859492670667,0.017487043871626966,0.03019720506545813
159e216525ba71844b19f881ddf1ea0fbda92d1f,1.0,0.005777777705464068,0.005592904559465412,0.006082537835865998,23.111110821856272,22.371618237861647,24.330151343463992,23.111110821856272,22.650446614701984,0.9800674138640434,0.06855586469230093,0.046430849206888766,0.09480315465763131
15a30f7d5c730d48ceb9337aed57a4f4338a45c4,1.0,0.0028828249979592777,0.002820838384685643,0.002962381422984292,11.53129999183711,11.283353538742572,11.849525691937169,8.35325055344438,11.53129999183711,1.3804566160274332,0.012798759743335771,0.0,0.048814560903404476
15b073b3a76b8f9a71c146dd56b4c1623f14ab63,1.0,0.0012547562299341953,0.001215066872959489,0.0013976874881844882,5.019024919736781,4.8602674918379565,5.590749952737952,4.577091838760869,5.019024919736781,1.0965532474645634,0.2500361925237075,0.047527040495708626,0.33942824267082566
15b0c8b0e9915f7c8a175b11b2c33f9c5e5e1f77,1.0,0.0021905550466442252,0.0021186361647416714,0.002323863689820263,8.7622201865769,8.474544658966686,9.295454759281053,8.605370746611113,8.7622201865769,1.01822692415984,0.06397780747109742,0.03314500178012102,0.08841542981537029
15bede74b384362b74c120c74215396e8a3fc0f2,1.0,0.0016956972870251915,0.0016243577263457061,0.0017884251695666363,6.782789148100766,6.497430905382824,7.153700678266545,4.984061729929888,6.782789148100766,1.3608958948821408,0.08870173430669784,0.06407407344724156,0.12412454979674703
15c96ee7887c10de21dbbed98d40dabbd77418de,1.0,0.001975964223004765,0.0019016360017109395,0.002051415627059324,7.90385689201906,7.606544006843758,8.205662508237296,5.8162233565452715,7.903856892019061,1.3589328345041076,0.10179033345854394,0.08616132272908596,0.12398222425410532
15dbdd74305c2f2933eaaf5c72e59d5a2c4e5776,1.0,0.002516421754059884,0.002492366106448799,0.002657113510542309,10.065687016239536,9.969464425795197,10.628454042169237,10.029420161981717,10.065687016239536,1.003616046957061,0.057204531342437075,0.03390358999856261,0.07342180871789071
15dd1fe8259416ff551737f022a75e903507be55,1.0,0.0028809870826811963,0.0027475391485800903,0.0030624282084661426,11.523948330724785,10.99015659432036,12.24971283386457,4.839835350883092,11.523948330724785,2.381062060018651,0.05791388242708458,0.0320515127392812,0.0866288935285057
15dd6f74229c99b015c1b81ebf3e2ceee9b0bee4,1.0,0.005673934654897395,0.005480178760396718,0.005863446497235722,22.69573861958958,21.920715041586874,23.453785988942887,19.493513396843543,22.69573861958958,1.1642713223396943,0.03889933477897016,0.026224034757863186,0.05485902763752264
15e1577b7388ddfa72830a7181ac06e0a9e4bfda,1.0,0.0009284517827231394,0.0008892295252445784,0.0009514831656566497,3.7138071308925578,3.5569181009783133,3.805932662626599,3.051970680180906,3.7138071308925578,1.2168554419639515,0.0994759440746513,0.07359041533317433,0.12875782325351082
15e2e2ee6b7ddce9b2dbab04a45ae5057366cc89,1.0,0.0014090991963143491,0.0013408720926881069,0.0015045179187720677,5.636396785257396,5.363488370752427,6.018071675088271,5.026488814031634,5.636396785257396,1.1213387702213087,0.11704771036877698,0.00043525492104748816,0.18700556696850673
15e384317c03021eb6054940f0a38d58c33f3612,1.0,0.0010567379248234345,0.0010059606776253937,0.001095739243278116,4.226951699293738,4.023842710501575,4.3829569731124645,3.465236681932406,4.226951699293738,1.2198161589749068,0.0886400746442734,0.05667697498745733,0.11768078061835524
15e881b75229dea822006d47a0bf466d53b94750,1.0,0.00231686529248373,0.0022480068276765517,0.0025152539915770647,9.26746116993492,8.992027310706208,10.06101596630826,9.039361018247199,9.26746116993492,1.0252341013073014,0.11186285484742779,0.0694991475529114,0.14781949266133548
15ec3422b1b10991b13581f0ca0fb51fa87b733a,1.0,0.0014137546038016252,0.0012937881153868183,0.0015645394789600752,5.6550184152065,5.175152461547273,6.2581579158403,5.6550184152065,5.136611883577274,0.908328055973219,0.1436165605559581,0.08365730074232577,0.17793446526423268
15f74c5c395e30504ea5099ef0d90a5289ebf36c,1.0,0.0013348820945989239,0.0012908571454922483,0.0014421123538790298,5.339528378395696,5.163428581968994,5.768449415516119,5.303163057071851,5.339528378395696,1.0068572889297362,0.1260542524391795,0.0747424974555802,0.162374214731504
15fe3489c3c7fd6b58974afe7bcb43e0fb728984,1.0,0.00115278870965787,0.0010985830883894097,0.0012284040814826696,4.611154838631481,4.394332353557639,4.913616325930678,4.611154838631481,4.356160886901135,0.9447006312618155,0.10975765696145538,0.007281552712387733,0.1639194287470955
160a5ea1878fe4dee1158e2cbb592427a734135e,1.0,0.0015977158204838154,0.0015249546376762922,0.0016646378851762882,6.390863281935261,6.0998185507051685,6.658551540705153,4.158351292593648,6.390863281935261,1.5368743120182977,0.11501329981673451,0.07123007117945486,0.14049132917282917
160fbbc9d615f13c084ac88e6dd0c570f8057290,1.0,0.001532611746817642,0.0014470009978449023,0.0016436054898372725,6.130446987270568,5.788003991379609,6.57442195934909,6.130446987270568,5.333530374886574,0.8700067688312559,0.11856701313266996,0.05516311701734051,0.17104884883965307
161023e28ca608ae06f2fd23696eb3698fa52695,1.0,0.001739038026408702,0.0017061591227706676,0.0018135065762162979,6.956152105634809,6.8246364910826705,7.254026304865191,6.956152105634809,6.850490077899652,0.9848102764099184,0.024172514463469706,0.015510036141399836,0.03637414717468622
1617f09e8242b184b0b63248537b43a2c54a5c31,1.0,0.002903335484213755,0.00279838582949838,0.003023978343326779,11.61334193685502,11.193543317993521,12.095913373307116,11.61334193685502,11.047390804412165,0.9512671601749015,0.0217007567793022,0.0,0.043666492447824876
161e80ed27936f049cb178b4caec2cb6aae20357,1.0,0.0027506224535298013,0.0025823783513399907,0.0029066090771434515,11.002489814119205,10.329513405359963,11.626436308573806,11.002489814119205,10.21335817667,0.9282769945002328,0.0610484206710276,0.027161839502707313,0.08750108417457018
161ea72470d8de30d8b5902a1964e26756638151,1.0,0.0006265110431116211,0.0006055249942893044,0.0007040202888184674,2.5060441724464844,2.4220999771572176,2.8160811552738694,2.5060441724464844,2.5012276575060914,0.9980780406852562,0.3664027147266291,0.2725047029024413,0.44293466272603577
16217c834765097276f4941aa11f2a39bd67d2bc,1.0,0.001021840721453556,0.0009907740033526706,0.0010472450078297638,4.0873628858142235,3.9630960134106825,4.188980031319055,3.7140401185203817,4.0873628858142235,1.1005166221636205,0.0340185012901753,0.0,0.06800896553150411
162c3f713acfef8da6e800110e5fe6d2b57d16a7,1.0,0.002465333386071705,0.0023956466017324217,0.002564383725536945,9.86133354428682,9.582586406929687,10.25753490214778,8.473936832310109,9.86133354428682,1.1637251656970977,0.12308859398452832,0.11396903973096185,0.15039758468501294
162edad38856d7b31a43d42cf34098984a6d0823,1.0,0.002633956312352137,0.002517104586506047,0.0027713378836574415,10.535825249408548,10.068418346024188,11.085351534629766,7.028835639413725,10.535825249408548,1.498943180621498,0.04974767129478521,0.023268620372813714,0.07062999129785831
1638340aaf102939bdf89228d42d3b8c19eaaa65,1.0,0.002661905763108662,0.00256794764582315,0.0027730045157255585,10.647623052434648,10.2717905832926,11.092018062902234,9.734478935278634,10.647623052434648,1.0938051356654228,0.01703606539767409,0.0,0.054469944156546234
163c9c02d650ef82361db32239ba2d256560cdf7,1.0,0.0011364785537828846,0.0010890728787997577,0.0012020237895592541,4.545914215131538,4.356291515199031,4.808095158237016,1.21559459149091,4.545914215131538,3.7396630808928135,0.026028040436700876,0.009468599506839296,0.03631049489946154
1642ac105e8c55a3a3553dd9f5a8d2f7181c1931,1.0,0.0010796802399289423,0.00104989342136091,0.0011290552996091488,4.318720959715769,4.19957368544364,4.516221198436595,2.6169004928364057,4.318720959715769,1.6503191357630853,0.042284145430044016,0.009858573260107209,0.06615816657583991
16437d0a43b4306ee6b35144b510284c3caa4a5b,1.0,0.0012382195620591436,0.0011763580247785767,0.0013091525731291436,4.9528782482365745,4.705432099114307,5.236610292516574,3.319260588146351,4.9528782482365745,1.4921631238969764,0.2193721013200143,0.19599920138039206,0.2532753302837823
1646f2fdadfbd724cc604c09d5f80570a4d0ab7a,1.0,0.0009127669546079834,0.0008747760029726323,0.001004039007458974,3.6510678184319336,3.499104011890529,4.016156029835896,3.5096064181747604,3.6510678184319336,1.0403069129132556,0.23421604830331522,0.19330667367563434,0.26458996814005753
1648c23ffe355b9455949a72f52037b7083118af,1.0,0.0006789605220564982,0.0006529190154188921,0.0007128002168831993,2.715842088225993,2.6116760616755688,2.851200867532797,2.264035200304522,2.715842088225993,1.199558243555887,0.23655999787194418,0.18684451071912164,0.2880463218862068
164e276dc18196cdc547b616f647adc69c74cf60,1.0,0.0011938503395081592,0.001127899448520915,0.0012708240652026975,4.775401358032637,4.51159779408366,5.08329626081079,3.575262464797426,4.775401358032637,1.335678542499176,0.1879963558609512,0.1483046112953606,0.2220289625099577
165b37a6159b77e11ae60d5c4ef3e0793f1db65a,1.0,0.0036403027334155087,0.0035242032388202427,0.0038201120438679233,14.561210933662034,14.09681295528097,15.280448175471694,14.561210933662034,14.077582357145792,0.9667865139294007,0.04720341989083085,0.010670790688690384,0.07423129578033558
1664dc6a21ae432609a8278c2f1da00d2926e0bb,1.0,0.0009492995837005074,0.000909973625559916,0.0009852085419412692,3.79719833480203,3.639894502239664,3.9408341677650767,3.235241042723772,3.79719833480203,1.173698739802442,0.08695512344383885,0.044593112632296865,0.13221431705667266
1669da11ddfec5bbd92ae010988b907e5ac16978,1.0,0.0021372275500502616,0.002074201189717544,0.002255001603660891,8.548910200201046,8.296804758870177,9.020006414643564,8.011876404836837,8.548910200201046,1.067029715415979,0.12679926976651626,0.09285086368798426,0.15063064213822275
166a08caea0b10265d7e1c56561c27aef61f37da,1.0,0.0025395994703973795,0.002386735261484204,0.0027103755983784255,10.158397881589519,9.546941045936817,10.841502393513702,10.158397881589519,8.59527319101318,0.846124880242262,0.08270334715456398,0.013458473496076904,0.12378182127347755
166dfcddca418db09c0fa22a500d8fe259259541,1.0,0.002106462147840513,0.0020384745198606807,0.0021935779263690387,8.425848591362053,8.153898079442722,8.774311705476155,4.274186290139422,8.425848591362053,1.9713339614608154,0.014410496985001194,0.009257499895354994,0.021692465782873503
1670a82326a5a318508bc07c8af9c8b4670d69c2,1.0,0.001324790525975349,0.0012704572901957021,0.0014094422065610303,5.299162103901396,5.081829160782808,5.6377688262441215,4.6674571116269385,5.299162103901396,1.1353424310425562,0.03039446520360798,0.01787772690965014,0.042391468875724765
1673b52424bee6137e0ced53c8988411ac41eb81,1.0,0.00047461295809801836,0.00045356808989662156,0.00048631822271466183,1.8984518323920734,1.8142723595864862,1.9452728908586474,1.2190843994066611,1.8984518323920734,1.5572767835566317,0.2255982195828181,0.1843451360705726,0.25738444236969477
167449dc75bcd3dc2f9e9051cbf0238ba14d6313,1.0,0.002413665442393193,0.002290832746120463,0.0025549996165654468,9.654661769572773,9.163330984481853,10.219998466261787,7.750725568156357,9.654661769572773,1.245646189466272,0.032718103269720085,0.020279542410468136,0.04240987942119505
167a6cab6d17e48e8db136ca90e34a25ea3b861a,1.0,0.0003964837312310468,0.0002832648653988999,0.0005076681968003336,1.5859349249241872,1.1330594615955998,2.0306727872013344,1.5859349249241872,0.8911976108755696,0.5619383222285566,0.5853167148814666,0.3179553965603966,0.671281934000966
168bbc7361ca193e832fd89b5e25ccdc2896cc4f,1.0,0.0018558998309821835,0.0017470543827002856,0.0019240462672775822,7.423599323928734,6.988217530801142,7.696185069110329,3.025926959215132,7.423599323928734,2.453330640160024,0.1923604063042584,0.0935975386663809,0.2526482820189077
169360e1219c3a63f9f5d833e10f4d783ef37cf8,1.0,0.001975694821289764,0.0018955451819351935,0.0020540087901175703,7.902779285159056,7.582180727740774,8.21603516047028,6.994877667689302,7.902779285159057,1.129795210238419,0.08565048124849324,0.044777588967846484,0.10874187553366584
16936b13d8a5e336a84c9d146ec4a27612fae363,1.0,0.002000774809146524,0.0018350480841078797,0.0021355235117847984,8.003099236586095,7.340192336431518,8.542094047139194,8.003099236586095,6.1244976445328785,0.7652657381199015,0.13101405389243057,0.078393721216894,0.18314764969785552
16936f0d904ee00ad17f50fb1a16d1838528c170,1.0,0.0008996245089703955,0.000866373777795339,0.0009496120295860652,3.598498035881582,3.465495111181356,3.798448118344261,2.889613866017897,3.598498035881582,1.2453214175776988,0.16462677916536225,0.11305049488773398,0.19577256287326428
169e6455493acbfa5af06c1b15a40d1f650502f3,1.0,0.0008747129596385125,0.0008229783612180637,0.0009432749782229072,3.49885183855405,3.291913444872255,3.7730999128916287,3.49885183855405,3.329095235383925,0.9514821973026788,0.3285488989616346,0.29198597481313526,0.3678040193497069
1ba732216178849347975e36ec9399682ddcb7ee,1.0,0.0027942607377205325,0.00268742327910633,0.002913347180477777,11.17704295088213,10.74969311642532,11.653388721911108,10.385974643654569,11.17704295088213,1.0761669784848622,0.08330404807949184,0.04831517428362377,0.11954055198650984
1bb3e571c7532f663f66955de682ea45063a1c05,1.0,0.0005503213968929303,0.0005292958865102908,0.0005732293069211596,2.201285587571721,2.117183546041163,2.2929172276846383,1.7193453570822779,2.201285587571721,1.2803044940937833,0.1471761109069442,0.10827679492866238,0.18275754655727067
1bbf08f3bcbf9980c4b1b042c43a59391e1968eb,1.0,0.0016717595416796938,0.001607877514215629,0.001744931806743107,6.687038166718775,6.431510056862516,6.979727226972428,6.442997513569579,6.687038166718775,1.037876881472517,0.18693249111725227,0.1416740720019681,0.23001727569865613
1bbfae36b660e8e017975821abeb1b520c1b7e50,1.0,0.0020953706599643658,0.0020281479123045814,0.0021886195882182997,8.381482639857463,8.112591649218325,8.7544783528732,7.121097039649653,8.381482639857463,1.176993178605781,0.12076864793409749,0.09411410634106478,0.14117901909775454
1bcbafe5a6039454d44da8ff830b15f7984f219a,1.0,0.0008022943623130953,0.0007701524974557097,0.0008301130354849996,3.209177449252381,3.0806099898228387,3.3204521419399984,2.8281271993374983,3.209177449252381,1.1347358951903386,0.04618170474319668,0.02365152038991574,0.06514784799261793
1bd00a21eed62525d593fb58f6b7bd23b0615221,1.0,0.0013703337981560916,0.0013501962447544738,0.0014360767568184002,5.481335192624367,5.400784979017895,5.7443070272736,4.079649047682153,5.481335192624367,1.3435800796979287,0.08818807027365361,0.05926979064927926,0.11646164091669098
1bd36658621bb4c7fd8bdd6d04725bb8f783b110,1.0,0.0014451770639990033,0.0013856402881030217,0.0014845739922559513,5.7807082559960135,5.542561152412087,5.938295969023805,5.084221239462018,5.7807082559960135,1.1369899112824,0.22181277925827766,0.188430915322185,0.2641585314571375
1be02f29d9b598586bd7d72cecf108445255cbd7,1.0,0.0009735673438370141,0.0009458599682765599,0.0010023855777262466,3.8942693753480566,3.7834398731062397,4.009542310904986,3.2211413758895193,3.8942693753480566,1.208971889435512,0.06915723783058772,0.03608711127045169,0.09291467995919446
1be355d3d5a050181e8f65a05cb018c7c1cfd18d,1.0,0.00204612024875777,0.0019652088332318247,0.0021775674182261144,8.184480995031079,7.860835332927299,8.710269672904458,7.295523971497518,8.184480995031079,1.1218496474011432,0.141938433989391,0.026597686526905917,0.22020736164260776
1bee2c06fb72183aba999ab2bbfd4489568ff5cd,1.0,0.0007457802163577028,0.000648045901352472,0.0008523257686390683,2.9831208654308115,2.592183605409888,3.409303074556273,2.9831208654308115,2.1239407575298506,0.7119861558888325,0.24811325932735995,0.0,0.3985053657952537
1bf23f08cb661c5fa8a61981e6e2ce4b9792ea50,1.0,0.001245552568986912,0.0011765084555943118,0.001339823545508036,4.982210275947648,4.706033822377247,5.359294182032144,3.3479197477361526,4.982210275947648,1.4881510464271417,0.22464596096504968,0.15459365829545718,0.29831833577301003
1bf373f33c0f06b01e0ea739b09a03ba424e19c3,1.0,0.0017641013409928667,0.001692641227840328,0.0018407650818626506,7.056405363971467,6.770564911361312,7.363060327450603,6.506332446475031,7.056405363971467,1.084544237790132,0.052130600500677846,0.043288304980543424,0.06911971683176558
1bf389cdf10cf5e177dc35cf70f4ed7240cb639f,1.0,0.0006283041556127567,0.0006013748047206126,0.0007849234308223668,2.513216622451027,2.4054992188824507,3.1396937232894673,2.371331254703544,2.513216622451027,1.0598336345738508,0.16558690771532092,0.0,0.31721231912732306
1bf48fe461851ea740e346a56124b1a2dda68f4b,1.0,0.0012072343970028498,0.0011645042842312271,0.0012552188689524313,4.828937588011399,4.658017136924909,5.020875475809725,4.533093510942001,4.828937588011399,1.0652631754353377,0.1317702120609675,0.10016034854033612,0.159714884009566
1bf7d583e8472c89f411d2b7cfad366134f537d2,1.0,0.004694088906582131,0.004506332749914725,0.00496614567708066,18.776355626328524,18.025330999658898,19.86458270832264,11.845869712003578,18.776355626328524,1.5850550514920987,0.013065901591634716,0.0,0.04041352860322361
1bfc459b458f56f26f8e92cef48921a3a81c94e5,1.0,0.0022394432867941655,0.0021343203519929486,0.002339299826730885,8.957773147176662,8.537281407971793,9.35719930692354,7.778266337055071,8.957773147176662,1.1516413502713978,0.17199526741199775,0.12618921788386805,0.20927307760020175
1c07ee9aa3c7e923826c82cc89f19f7a6b5264f3,1.0,0.0051411566884741,0.004280589010141388,0.006227883071270193,20.5646267538964,17.122356040565553,24.91153228508077,4.780825721293907,20.5646267538964,4.301480110914958,0.2992071212752013,0.22864707050561092,0.35137033424946085
1c0c4e9db2518e51701a6bcfebf35837fcd80472,1.0,0.0007340766566385044,0.0007156652484538088,0.0007842188001063466,2.9363066265540176,2.8626609938152354,3.1368752004253864,2.6023938547625187,2.9363066265540176,1.1283098525538018,0.2525579414806253,0.11890802653627787,0.3539729763803572
1c0cb9af3c6e0637a6348425e749247a6ff76587,1.0,0.000963083219632805,0.0009294282512265147,0.0010010346478393005,3.85233287853122,3.717713004906059,4.004138591357202,2.9182530581189687,3.85233287853122,1.3200818441065338,0.25184142158981904,0.10983634970937278,0.36467232740890204
1c0db6d05e69ce4792a02b62e9643b3d1cc9166b,1.0,0.000573474640342258,0.0005580074151625934,0.0005913718785589123,2.293898561369032,2.232029660650374,2.365487514235649,2.071390999763874,2.293898561369032,1.1074193919112918,0.040563924614212404,0.0,0.08331480676753958
1c11a679c4b1b17612344f2464392b48c3d38536,1.0,0.0027362984348151286,0.002628567020495085,0.0028260833107849864,10.945193739260514,10.51426808198034,11.304333243139945,9.240429476130751,10.945193739260514,1.1844897217746635,0.01823018784423559,0.00596536181765992,0.03318620609729892
1c2922cf1014ac6f592d163a5d684e4237e92741,1.0,0.002052921569196736,0.001972289968750176,0.0021452708649809145,8.211686276786944,7.889159875000703,8.581083459923658,4.112553880964542,8.211686276786944,1.996736459744816,0.05843068455543862,0.023828152444900125,0.07823197644855699
1c37d8aaebc1614fbaa7a370539d9ea6ccf73c09,1.0,0.002263809683391437,0.0021865017464352977,0.00242695774249417,9.055238733565748,8.746006985741191,9.70783096997668,7.4435976303015865,9.055238733565748,1.216513732110324,0.11507722723897627,0.08522520865317708,0.1403069864755326
1c38245205be7ee3e9957ae1da870cc0c18b6210,1.0,0.0013943023795638459,0.0013417231299596333,0.001464139676022497,5.577209518255383,5.366892519838533,5.856558704089988,4.133599221459076,5.577209518255383,1.349238089968176,0.03895081540782372,0.027196166512251586,0.05167457461091854
1c3a9afa44ca6326aaea92e83d1a8df13fed2e66,1.0,0.0012785593356600367,0.00122533601919929,0.0013350595467409466,5.114237342640147,4.90134407679716,5.340238186963786,4.102557335708949,5.114237342640147,1.2465974084324096,0.10965244195886263,0.08726685204931608,0.1365105548880906
1c3ce95e95e26e85f9c8d3f26be4cecdd74f27e0,1.0,0.002351233385565451,0.0022675898573289517,0.002459607402203026,9.404933542261803,9.070359429315808,9.838429608812104,7.541749013464901,9.404933542261803,1.2470493947054466,0.00972462609123955,0.00622088759556358,0.013271443588379648
1c41b538a9dac2e694ce5f2e182c205132137c3a,1.0,0.0012327835952446649,0.0011381059809527356,0.001345533098017563,4.931134380978659,4.5524239238109425,5.382132392070251,4.931134380978659,4.0516245283489685,0.8216414754336631,0.1544918243893327,0.06543839064718447,0.20085895185342725
1c44376a289c0dd80c330655dd09231844996215,1.0,0.0013970922456367865,0.0013235984225781511,0.001474968184313424,5.588368982547146,5.294393690312605,5.899872737253696,4.117597071908284,5.588368982547146,1.35719180020624,0.0568194246261254,0.03085423166372435,0.08064882916365936
1c45efcd21763e6aebe7ccba0b8d45d18a1c1286,1.0,0.0029506577477238865,0.002835451305834628,0.0031093138135311516,11.802630990895546,11.341805223338513,12.437255254124606,11.467686245956974,11.802630990895546,1.0292077004684932,0.07654123036387792,0.05362385992486819,0.10119627647643811
1c5227e02f21485f3e60022987c301daf47028cb,1.0,0.0024262908263060134,0.0023564660093240695,0.00249018900779929,9.705163305224053,9.425864037296279,9.96075603119716,8.854251542361327,9.705163305224053,1.0961020543398519,0.08606866962467341,0.054739450506266704,0.1092951655458092
1c52e366d16620348231720d33691cbe77fa6f42,1.0,0.003049521113822247,0.002886397837834719,0.003260589105240351,12.198084455288988,11.545591351338876,13.042356420961404,7.933376725097165,12.198084455288988,1.5375652610445762,0.09071716335775003,0.07201016024396142,0.1097302577733175
1c53ea6f7fbcf115c122286b621bb744bf0603fc,1.0,0.00047685089379442163,0.0004637589597462127,0.0004964270264290549,1.9074035751776865,1.855035838984851,1.9857081057162198,1.5421889461586158,1.9074035751776865,1.236815748114893,0.03776215943773976,0.02475027053764144,0.05095239075954161
1c57b2ddbfcf83e9a1af9fed7f53f67967a1a010,1.0,0.0013646941357143602,0.0012932146202744028,0.0014248722681867586,5.458776542857441,5.172858481097611,5.699489072747034,5.458776542857441,5.1106145664056735,0.9362197786045443,0.12164323002398533,0.08312242721709542,0.16179552534910646
1c5adaf9bea3ffb33ab1b16f264257ca9929dbf9,1.0,0.0021994259808877747,0.0020728956293775778,0.0023557698601072894,8.797703923551099,8.291582517510312,9.423079440429158,6.823422313042206,8.797703923551099,1.2893389152735388,0.03803471290391668,0.0,0.13137196655577496
1c5c08c2a21d389ad03340acc0d7c8a3bfaa91d7,1.0,0.0020765597195158943,0.0019727944260019815,0.002194030102402868,8.306238878063578,7.891177704007926,8.776120409611472,6.116219191553379,8.306238878063578,1.3580675606810593,0.28816662594811066,0.22571167394473307,0.3336622391120713
1c6dc59aa6c13a837eda6430ccb534a09fada818,1.0,0.0013335880840794818,0.0012923196028615347,0.0013782166330978535,5.334352336317927,5.169278411446139,5.512866532391413,4.250733086923782,5.334352336317927,1.2549252628276293,0.26495697155415804,0.24164180404219934,0.2853542280664141
1c7154f5ee5ef585e780897e138200dcb44cd2af,1.0,0.0006961524174075569,0.0006280633760639553,0.0008325405912941918,2.7846096696302274,2.512253504255821,3.330162365176767,2.7846096696302274,2.601547724069758,0.9342593873902698,0.23674907489632468,0.04037006278568717,0.39104867617014943
1c6de2a9b9b1cd4100a927e945117fa985b483de,1.0,0.0077936540224860015,0.007496320537978709,0.008226682981838068,31.174616089944006,29.985282151914838,32.906731927352276,18.92940701142035,31.174616089944006,1.646888149805008,1.9861508743992983e-05,8.289191544780982e-06,3.770572156745382e-05
232a52438172184cf5326400edc073064e24406f,1.0,0.003582749127621066,0.0034729384742254806,0.003733498116703378,14.330996510484265,13.891753896901923,14.933992466813512,10.903918115044682,14.330996510484265,1.3142978844192779,0.05622625496903492,0.03459588797827532,0.08258184889335791
232f90a6de4342dbd20e15c6064b264f8ca9ebb2,1.0,0.0021537949575639852,0.002000990410259355,0.002276979136757611,8.615179830255942,8.003961641037419,9.107916547030444,5.136912666767161,8.615179830255942,1.6771123803585657,0.09437921889888691,0.07146412683162133,0.11220584159990428
23361364e7759479560c0651ea7ab9c7cfee8ed5,1.0,0.003971519035852409,0.003786037250255649,0.0041580866726809475,15.886076143409637,15.144149001022596,16.63234669072379,6.043457489661178,15.886076143409637,2.6286403388435646,0.03947568209795789,0.0007553251874056721,0.06994772444786235
233e8a387380e47c07686adf8440323966c18ad5,1.0,0.0011809302593504543,0.0010704962526386708,0.0014421264396277903,4.723721037401817,4.281985010554683,5.768505758511161,4.723721037401817,4.672982561659323,0.989258790825971,0.3656707359367414,0.19212857698882468,0.4690606838688506
234732b6acdcc1e73b805b7228bc141c62ecf345,1.0,0.0021418979896900706,0.002039200138160766,0.0022159878527946483,8.567591958760282,8.156800552643064,8.863951411178594,8.567591958760282,8.145988798403241,0.9507909384122857,0.09797379105550214,0.06424801752959151,0.1358308995863908
234af640428075a8acb9d47793bbf50e5b93ed41,1.0,0.0014283596948896256,0.0013488411530378818,0.0014798150019181126,5.713438779558502,5.3953646121515275,5.919260007672451,4.097544822114528,5.713438779558502,1.3943566275890293,0.06768207000145367,0.03192445775808099,0.0871478362628142
235f287a73edcd2d7fdb44c3bd973d33316c95cb,1.0,0.0005084026783210844,0.0004945441741790029,0.0005513323675219531,2.0336107132843377,1.9781766967160117,2.205329470087812,2.0336107132843377,1.9937784313295905,0.980413025121009,0.1814626962062203,0.07951610114939198,0.24961058321114463
236cc208d54dd1c55bf59d092652e852b17efcb8,1.0,0.0014209882579478631,0.0013630198212770707,0.0016791129156792084,5.683953031791453,5.452079285108283,6.716451662716834,5.683953031791453,5.55674391623481,0.9776196047284104,0.0,0.0,0.02008216729698868
2371964172043c84f6a00746d1f43a72a00a4dfb,1.0,0.005570681241052117,0.005372593717147221,0.005829589703400217,22.282724964208466,21.490374868588884,23.318358813600867,19.45641615601078,22.282724964208466,1.1452635873706134,0.05489773973491348,0.03529786361694995,0.07108512310033936
237ae88171d2c0d075b94e37a3e9d62f8d723b53,1.0,0.0020166019684783086,0.0019672986212676187,0.0021296256948969525,8.066407873913235,7.869194485070475,8.51850277958781,8.066407873913235,7.9710015648149355,0.98817239214907,0.18058265379291938,0.12543677721605828,0.22501495883164374
2385ea8aaa32ef247e99b0faefd1150116f1ebe2,1.0,0.0013243417339636736,0.0012723228207038523,0.001382414834958178,5.297366935854694,5.0892912828154095,5.529659339832712,5.297366935854694,4.994567441912327,0.942839622474913,0.07383400245410465,0.03111557696297326,0.10314889757923434
23861b80b20bee8840e39b6151bfba95748e2fd4,1.0,0.0024447415225288295,0.0023759292626662496,0.0025127103719640716,9.778966090115318,9.503717050664998,10.050841487856287,8.38511610312142,9.778966090115318,1.1662290622875249,0.20437587194182355,0.17614770566756813,0.23547193720451814
238f5d497aef6e2de9d60891dc779f8b55d816f0,1.0,0.0019389498104481013,0.0017957827850653627,0.002056769172742471,7.755799241792405,7.183131140261451,8.227076690969884,7.755799241792405,6.7478528486513145,0.8700396488204936,0.20380336902188265,0.1683418210991628,0.23649332497204875
238f9fc7c7ffc9a489d1ecf35ecdd5bdf3355118,1.0,0.0006765237021508324,0.0006457894913392433,0.0007053824094872857,2.70609480860333,2.583157965356973,2.821529637949143,2.0024798257574767,2.70609480860333,1.3513718209768715,0.29750110553387576,0.162320856941996,0.3929766011410192
239d70de63555506b563c7caefb205cd3d4f5c44,1.0,0.0021443470272213476,0.0021073371122096174,0.002216521523881484,8.57738810888539,8.42934844883847,8.866086095525937,6.742066336032739,8.57738810888539,1.272219477142169,0.006737699604280434,0.0,0.028239513569410957
23a3fe703e31fd74dd4aa37482fdd9fca4af5d5f,1.0,0.0021774034959583626,0.0020662020975550236,0.002281558944556315,8.70961398383345,8.264808390220095,9.12623577822526,8.70961398383345,8.294026432803786,0.952284044757774,0.13384038856621097,0.0806996489202387,0.1801547879292828
23add1d8d2f00dfc9f88cac9bee94c5bd7f59c3a,1.0,0.0006974451613673715,0.000664184768763278,0.0007561373898373731,2.789780645469486,2.656739075053112,3.0245495593494924,2.789780645469486,2.730829150077895,0.9788687703861857,0.13046320383021065,0.09351844138792441,0.16376239809034335
23add4129c4a3608bccdd4f764e23e06a4bc793e,1.0,0.000885922084465164,0.0007924808182654351,0.0009682737825805293,3.543688337860656,3.1699232730617406,3.8730951303221173,3.543688337860656,3.0788138747978953,0.8688162110375068,0.21684836406132577,0.15490344880861562,0.2889617859198783
23b66a80bf8a8c57d37d4fa55189c89c465875d7,1.0,0.0016246531878413276,0.0015795926795362442,0.0016822875863830176,6.49861275136531,6.318370718144977,6.72915034553207,6.186376315614173,6.49861275136531,1.0504716201895226,0.10535704182576884,0.05060571279290279,0.13980446889715126
23c016b7ab9beea0c90ad1efd7fdb890bf477528,1.0,0.0017241008928516937,0.0016553106921725804,0.0018150624037620393,6.896403571406775,6.621242768690322,7.260249615048157,3.6876880258210476,6.896403571406775,1.870115780705533,0.12031162802153209,0.09439507928542457,0.13961481383920127
23cca169378bcd9dcf0d2824ebc306fac3959ae5,1.0,0.0019985299329906346,0.001919301977667028,0.002118178912107958,7.994119731962538,7.677207910668113,8.472715648431832,7.179227544785738,7.994119731962539,1.1135069451543789,0.10697733137616562,0.08582906114529576,0.12820339312734325
23cfee3d277f01219676e7efc3249544ec085a3c,1.0,0.0015838233419939516,0.0015210605110676202,0.0016076378619120613,6.335293367975806,6.08424204427048,6.430551447648245,4.5346582319342135,6.335293367975806,1.397082876800078,0.04515344775246865,0.03402816624252746,0.05387901860274276
23d50149c3a514d4777e2b591c655d29fbeefa27,1.0,0.0021172921380946327,0.0020610757936965064,0.0021931066306514163,8.46916855237853,8.244303174786026,8.772426522605665,6.29230201315613,8.46916855237853,1.3459570972071817,0.056159573125943794,0.004112432852260509,0.09728721718288386
23db95ceafc1e89f5eee9f22e19e6957a7d11199,1.0,0.0015359360979447492,0.0013099007364318477,0.0017654628651964561,6.143744391778997,5.239602945727391,7.0618514607858245,6.143744391778997,4.931224117694823,0.8026414842865763,0.1749093316673149,0.008990045466438841,0.24937232964989337
23dd9b2f5e950ddd583b49961a71dac61191f48d,1.0,0.0023984746489897017,0.002307906054062008,0.002499529051691775,9.593898595958807,9.231624216248033,9.998116206767099,7.507563197917968,9.593898595958807,1.2778978135834316,0.0030691953210896282,0.000517504619576169,0.005078795149307249
23e367e216b959fcacb30bdcd7442df0d9e75e65,1.0,0.0009188092447959964,0.0008835568854583193,0.0009649422780760241,3.675236979183986,3.534227541833277,3.8597691123040963,3.675236979183986,3.6067689004699544,0.9813704315934387,0.06544233668221085,0.038632492304097196,0.08891791344332098
23ee9ddf94e9adb7120994ea3c582b74c11cc8f9,1.0,0.008130366612488274,0.007803157460236688,0.008473957073272814,32.521466449953095,31.21262984094675,33.895828293091256,18.03983121938761,32.521466449953095,1.8027589091300313,0.004470071117302502,0.0006752745094720802,0.00847611461821519
23f27bddd8db2ed131471abe7e87130fc75b3245,1.0,0.002609610462599401,0.002501451049552309,0.002744760374643779,10.438441850397604,10.005804198209235,10.979041498575116,8.146585788307007,10.438441850397604,1.281327186829623,0.15620588382854075,0.09385938762236204,0.21995845250260765
23f57f1210811c34d5afc4a22c911b66b912f88f,1.0,0.000536135873423908,0.0005197965741419689,0.0005929581977125255,2.144543493695632,2.0791862965678756,2.371832790850102,2.0795691486042163,2.144543493695632,1.031244137822984,0.2788212382123821,0.20461625108101927,0.32697682566070396
23f6d3517588566a06f983075e93ba308af1e188,1.0,0.013882895838969551,0.013532822219826908,0.014244271426721206,55.531583355878205,54.13128887930763,56.97708570688483,33.53094273334554,55.531583355878205,1.6561294979831769,0.005470385628418992,0.0020880686530197197,0.00857873663073078
23fa4a503cefff95ed40f3b6c80c1a271a845d0c,1.0,0.005279669022207714,0.005143522949909079,0.00545654331723938,21.118676088830856,20.574091799636314,21.826173268957522,16.879962036114676,21.118676088830856,1.2511092171681104,0.02873717149330696,0.02047594548794608,0.038033692514472
23fed67c028d1fb24a82a56b2b54f73c942651d9,1.0,0.0023638233681373185,0.0022727146712520755,0.0024948069684925184,9.455293472549274,9.090858685008302,9.979227873970073,8.964262606616526,9.455293472549274,1.0547764927781476,0.020342694211319134,0.006022406726178855,0.03346642506405147
23ff583bc9e169ea9e5d81e539f31afb27c81eb5,1.0,0.0008946784996461721,0.0008636240350377704,0.0009337751336915325,3.5787139985846883,3.4544961401510816,3.73510053476613,2.262588189556951,3.5787139985846883,1.581690391164578,0.1822985306390948,0.11759810177022921,0.24218069803528974
24057156897939790242ac6458525a94d7a7984b,0.0,4.1666880777576685e-06,2.7150898593483523e-06,5.448955308100718e-06,0.016666752311030673,0.01086035943739341,0.02179582123240287,0.016666752311030673,0.0,0.0,1.0,1.0,1.0
2416a08b665c33b242f385e9b4c0938454096319,1.0,0.0011932241971356098,0.0011494911675873224,0.0012387218489071196,4.77289678854244,4.597964670349289,4.954887395628479,3.7400786847419147,4.77289678854244,1.276148763397419,0.15988242087941196,0.12700226398857448,0.20169427561122674
24190d0b5724559864e7ce006f75731655f5f1f0,1.0,0.001890384096193115,0.0018651295858773482,0.0019437076939948963,7.56153638477246,7.460518343509393,7.774830775979585,6.852349307461782,7.56153638477246,1.1034954649113433,0.08540667977236598,0.06553022175076781,0.10708163065457839
241a2a1b435bd25583a40a0cf4a65b2e5b8bb583,1.0,0.0019440578555946883,0.001879019323588073,0.0019898203472326053,7.776231422378753,7.516077294352292,7.959281388930421,6.731985500265526,7.776231422378753,1.155117078322887,0.00950632238665908,0.0,0.04811064189696855
241e1a6f1e30b3621b6f4c931ae29a8a7901cfc3,1.0,0.0015708939982537614,0.0015103454470165264,0.0016254729684308724,6.283575993015045,6.041381788066106,6.50189187372349,5.25400212308767,6.283575993015045,1.1959599265107104,0.10814179652394998,0.05536882425042974,0.16358963858992318
2431bd46792e9df8e9b29ae4e859386a8c4a29fe,1.0,0.002928408051235133,0.002852170261070066,0.0032134176339068733,11.71363220494053,11.408681044280264,12.853670535627494,11.669725000206773,11.71363220494053,1.0037624883819438,0.17613165950350734,0.14336091113320917,0.2222991906590427
2434632f3e69a7b1a83f8c2ed96fce123d86865c,1.0,0.0018776630715162397,0.0018196922306926793,0.001956496819668791,7.510652286064959,7.278768922770717,7.825987278675164,6.660824771022402,7.510652286064959,1.12758592880865,0.12218569400525942,0.09903183152142252,0.14543982824717733
243d2e4e0f02f54ad111910746fcfea36b21dff6,1.0,0.0006231217429318875,0.0006088549701124592,0.0006444583811104524,2.49248697172755,2.4354198804498366,2.5778335244418096,2.229992666041725,2.49248697172755,1.1177108381041256,0.11884793606544655,0.06863664117753593,0.16828259603887577
243d55b303c1f6c205d77e56a174914428b67042,1.0,0.00286838530768328,0.0026598346524757933,0.003102837700570868,11.47354123073312,10.639338609903174,12.411350802283472,11.47354123073312,9.489288897863105,0.8270584213743024,0.11878927089812201,0.0629383609172391,0.15844570997135438
243e9ffc950f1b1309a191a1ad8ff8eeb5d67bd9,1.0,0.000799675226352183,0.0006982849836652844,0.0008729092766799185,3.198700905408732,2.7931399346611374,3.491637106719674,3.198700905408732,2.7194307121356505,0.8501672374360866,0.19516509172255542,0.04624457968756634,0.2792727319771122
24420655032e4b4551cb912112e1290d9fa72eed,1.0,0.002053738640532611,0.0019882422225992857,0.0021240847095928338,8.214954562130444,7.952968890397143,8.496338838371335,6.828584514141147,8.214954562130444,1.2030245133699815,0.07305570831042009,0.04638186828213671,0.1003057576548187
244394072402aa74a7c3497149fd8fdb1599dc37,1.0,0.0005330983220039035,0.000512208776372375,0.0006090460033948722,2.132393288015614,2.0488351054895,2.4361840135794885,2.132393288015614,2.1089984883069643,0.9890288532419736,0.14628035882558924,0.045007246038360704,0.2093129202922476
24444604214ccb9627d3fa95fc9da35add81dc8d,1.0,0.004227856261007821,0.004115836320831915,0.004382488190474112,16.911425044031283,16.463345283327662,17.529952761896446,15.671243884282669,16.911425044031283,1.0791373785582166,0.011661307227636763,0.004563633934593601,0.016734666435532217
244b225d48f09fcfdeadefadadbdb82dbcfe9441,0.8566007753408783,0.0021698783767413296,0.0007907185611990113,0.0040095877522347365,8.679513506965318,3.162874244796045,16.038351008938946,8.679513506965318,3.3440255719602563,0.385277996200671,0.8867924528301887,0.8202339907853937,0.9553457259631407
27843694a41b83aee5f0bf9e7fa87ef09996cdaf,1.0,0.0021148972964585644,0.001983603239534797,0.0023364364041432296,8.459589185834258,7.934412958139188,9.345745616572918,8.459589185834258,8.186518901318836,0.9677206211180227,0.25062500986165637,0.1684452205811109,0.3298362233669841
27881465ca1b67f3ee9d342fe481d867feba0f46,1.0,0.0029433709415561163,0.002867022056116081,0.0030791859151252103,11.773483766224466,11.468088224464324,12.31674366050084,10.65861285314027,11.773483766224466,1.1045981243943699,0.07193947647147829,0.04983463715246876,0.08623655710118361
27940acfbe71e0171fa74935296f9d42c3433a4d,1.0,0.0013127886756234973,0.001247309387675434,0.0013735919954906879,5.251154702493989,4.989237550701736,5.494367981962752,4.392352573970102,5.251154702493989,1.1955221294422738,0.13365031207579134,0.10551039874427139,0.16531822090391227
279799b6498ed03126188ed48cdab283389166c9,1.0,0.0008918950464769791,0.0008603615919165348,0.0009205195909325907,3.5675801859079166,3.4414463676661393,3.682078363730363,2.675406533984942,3.5675801859079166,1.3334721809900445,0.056486525451475866,0.033183726362319484,0.0808858022671446
27992c9c56c700d81de62047c2321f53f807b2fc,1.0,0.0006968826562850351,0.0006721734407909274,0.0007262472960148313,2.7875306251401404,2.6886937631637093,2.904989184059325,2.1892445895499697,2.7875306251401404,1.2732842362365535,0.2410387539838027,0.1372362766899231,0.3101893112803592
27b0bc554ca2c5efd550f13d34f46ecce337c320,1.0,0.0007565855758216004,0.000723287876996744,0.000806956342180992,3.026342303286402,2.893151507986976,3.227825368723968,3.026342303286402,2.4083641444917023,0.7958003104527808,0.2894993946859802,0.21477784518937323,0.3532955824475831
27b13d5174b19341d15e27fc9ab83955858b1131,1.0,0.0022843499443431685,0.0021710533642084195,0.002371107632646278,9.137399777372675,8.684213456833678,9.484430530585113,6.163812696448217,9.137399777372675,1.4824265803271297,0.09214305716321097,0.07197649573020667,0.1160454374603043
27bc329a8f3fe3de5cb8e4d57befb04df4988670,1.0,0.0006269140158123905,0.0006098792792681326,0.0006436887328302029,2.507656063249562,2.4395171170725303,2.5747549313208116,2.109957680603613,2.507656063249562,1.1884864261979775,0.08430277841818967,0.04227097352838465,0.11305648219983337
27c4edd48e6a9a8bd4918dd32d7baf224ca6d6c2,1.0,0.002218728558136936,0.002160105132209668,0.00232601783168202,8.874914232547745,8.640420528838671,9.30407132672808,8.874914232547745,8.78556874250399,0.9899328052415324,0.08834256901163312,0.06018199660231822,0.10892151277411916
27c999605d4cfa35744f434aa4f998c85f306343,1.0,0.0019481738534641926,0.0018795137205039798,0.002036693909083731,7.79269541385677,7.518054882015919,8.146775636334924,5.993138753409354,7.79269541385677,1.3002694805662045,0.07467533962433551,0.057463150521755046,0.0956285944269853
27eceb458268995523568bf833764b5024a60836,1.0,0.002469043396240245,0.0024377908818171783,0.0027347190014290995,9.876173584960979,9.751163527268714,10.938876005716399,9.876173584960979,9.83602774747421,0.9959350818268422,0.15517191517435533,0.10800589094836412,0.18677297267879323
27f3ec2b02574704349e5cb4cf0caa67339eca3e,1.0,0.0026334782337274006,0.0025542337246212982,0.002799046092977962,10.533912934909603,10.216934898485192,11.196184371911848,10.533912934909603,10.379145238517467,0.9853076727187261,0.03866419281321833,0.0,0.07035498036480047
27f4d9b241e4f58ae7123654cdd215cb16e78d89,1.0,0.0016026679910351443,0.001563398298883789,0.0016721097027114693,6.410671964140577,6.253593195535156,6.688438810845877,4.532791894222547,6.410671964140577,1.4142877312129767,0.09008881477826843,0.07189388893858246,0.11108463004671347
28034f167951b26844a3c2709136a26fd263e2c8,1.0,0.004269054530784097,0.004125556557433702,0.004415028770853132,17.076218123136385,16.50222622973481,17.660115083412528,12.648968592318461,17.076218123136385,1.3500087377485095,0.07985719441938866,0.05848171143964733,0.09899498906142767
280ecca5ba06a48c1face590cb720c60b829151c,1.0,0.0010080720250080866,0.0008602686569895125,0.0011910738551724213,4.032288100032346,3.44107462795805,4.7642954206896855,4.032288100032346,3.36251496450889,0.8338974996558198,0.24547193450878543,0.10498793362380088,0.3420045429803655
282783135316c5d58e2bf215a79614c0a09b892d,1.0,0.0003694192930674042,0.00035906167542743125,0.0003866454242459649,1.4776771722696167,1.436246701709725,1.5465816969838595,1.4690629191846256,1.4776771722696167,1.0058637740919716,0.13399946053079076,0.10922314066177014,0.15898659192782366
2827d2be17c234fc39c5ebd61e74a34c25fcc18a,1.0,0.001620843795310679,0.0015236709006046826,0.0017708079416625705,6.483375181242716,6.094683602418731,7.083231766650282,3.321873837076332,6.483375181242716,1.9517222806236687,0.12929127814219818,0.10877067082448025,0.1558863536103358
28309a1e9c521cb4eba10991d20d7c6b8655e2a2,1.0,0.0008422951810221548,0.0007519044960813989,0.0009716013850004337,3.3691807240886193,3.0076179843255955,3.8864055400017348,3.3691807240886193,2.9012378800420664,0.861110791504622,0.25049919250118685,0.1557398137437452,0.3037301371667395
283ada436b14093bfe571679f091b00f61fd54ff,1.0,0.0011682596596015193,0.0011463997040128966,0.0012024118146225441,4.673038638406077,4.585598816051586,4.809647258490177,3.9180587914311067,4.673038638406077,1.192692322184172,0.06185419757734129,0.023750715144922933,0.08356533010858495
283c83efcb0a508ae60d439c080bbc83e2ce8d44,1.0,0.0012732400451803338,0.0012268998422180666,0.001313804201181349,5.092960180721335,4.907599368872266,5.2552168047253955,4.140304350503727,5.092960180721335,1.2300931887052469,0.06990836916814774,0.04192933316158313,0.10487273034902173
2843cab3249341c56d85454fc00a462132aaf2fe,1.0,0.006992854500423822,0.006713558640277643,0.007328649137809986,27.971418001695287,26.854234561110573,29.314596551239944,20.703612765629227,27.971418001695287,1.351040435229333,5.030989271009655e-05,1.1755288151790933e-05,0.000110511903716293
2851ba1151859fe5afc83e51c9c68a83f7729633,1.0,0.0010729917825810242,0.0010434540062161804,0.0011970853885511531,4.291967130324097,4.173816024864721,4.788341554204613,4.123088724564576,4.291967130324097,1.0409591975921777,0.15987826274316677,0.08680039354082968,0.24707457934695642
285384b4391970ede30efa080e28346a2e3fb2a4,1.0,0.00207661908363199,0.001927845898843237,0.0022709335610405783,8.306476334527959,7.711383595372948,9.083734244162313,4.516657987364029,8.306476334527959,1.8390757851859643,0.031518926709368296,0.02209748317558713,0.04487031436541212
28558e9624707c1a9d8bd54f2937f57278254437,1.0,0.001622467570827839,0.00155263900835614,0.0016880632412337381,6.489870283311356,6.2105560334245595,6.752252964934953,5.677755646994055,6.489870283311356,1.1430344464977558,0.1877036809488193,0.12129523633445065,0.22454117663218284
2857668cf9e1925fc18177ee3feef86d5bcc3080,1.0,0.0008327112988628271,0.0007019174034617812,0.0009323873202204279,3.3308451954513085,2.807669613847125,3.7295492808817117,3.3308451954513085,2.174263648730829,0.6527663464216414,0.35860937253877634,0.1698398606919082,0.4532824222112433
285dd6d947b3ab75812b08dec539cec1d6e9d957,1.0,0.0012087262157297815,0.0011500490460658703,0.0012715273554950474,4.834904862919126,4.600196184263481,5.08610942198019,1.6935696759957197,4.834904862919126,2.854860317498591,0.07469682261406277,0.054384974951763095,0.11563574757524077
285eb60db4360cb2b6149cfa0cc0ab5ee526bdbe,1.0,0.0017026061283514336,0.0016640119805770477,0.001798071466020277,6.810424513405734,6.656047922308191,7.192285864081108,6.810424513405734,6.772143587166911,0.9943790690046604,0.05427750207227669,0.03500514217367225,0.0752808033145943
28660730e702a90d7d88e52035160afd66bf3626,1.0,0.002667119307797145,0.0024854653603222634,0.00286361405004999,10.668477231188579,9.941861441289054,11.45445620019996,8.319316291757257,10.668477231188579,1.2823742789727637,0.020746453309185647,0.010654207303036673,0.027373903510107378
2869c6c1a5f78294982c0d5dc7b5e4369b0c1b6a,1.0,0.000616085448991051,0.0005996102541461648,0.0006659048255266053,2.464341795964204,2.3984410165846595,2.6636193021064214,2.3999305846197188,2.464341795964204,1.0268387809869475,0.2334034628045497,0.18105162833545965,0.2949818242381282
287fc21a99e70c65edc86ad88953daa2134f0370,0.8141560724590671,0.0014732259771845291,0.0014177135940542645,0.0015463754052822006,5.892903908738116,5.670854376217058,6.185501621128802,5.146871668588443,5.892903908738116,1.1449486772135269,0.208669035296592,0.17172076525916422,0.2511619298163062
289949f0a4d3f30145d010b323157713c003a6f0,1.0,0.0028315372182717603,0.002687200374438545,0.00292333275044931,11.32614887308704,10.748801497754181,11.69333100179724,9.347145257333544,11.32614887308704,1.2117227839377824,0.015794036045643976,0.008913162350383409,0.02324534244295122
289c0d1d572061083bfc5bc111a87a489b19c35e,1.0,0.0015014303396404575,0.0014376831724292557,0.0015740934035463846,6.005721358561829,5.750732689717023,6.296373614185539,3.4936121869162196,6.005721358561829,1.719057822460548,0.10601781845368456,0.079377667735569,0.13038150024196046
289e539b0dbd3e67244315cbe31d573b35480fff,1.0,0.0006442161906007353,0.0006326735022358902,0.0006829732577493389,2.576864762402941,2.5306940089435606,2.7318930309973557,2.5708573313878613,2.576864762402941,1.0023367422772684,0.05025732054605593,0.02918368045724827,0.07350848460440428
28a4c9bccd79bb5bf98e153218c77c78e2770d28,1.0,0.0012759724492600426,0.0012318072310412986,0.0013440012765455068,5.10388979704017,4.9272289241651945,5.376005106182027,4.7247969013623905,5.10388979704017,1.0802347494700713,0.14949280996599837,0.08200292832910776,0.207062624274634
28a616ed1d985092da6b6e78cc872af9aae802ee,1.0,0.004037229431288185,0.003893413000215215,0.004179065387401773,16.14891772515274,15.57365200086086,16.716261549607093,13.578323780197532,16.14891772515274,1.1893160000135017,0.038331870449000785,0.026940419315582127,0.04933928331005326
28a69ce1c86c51b161ee2cc61c804176bafe709a,1.0,0.003850535807246905,0.0036946520646223314,0.003984111797737451,15.40214322898762,14.778608258489326,15.936447190949805,11.687852523581444,15.40214322898762,1.3177906889150264,5.218869942606769e-05,1.3413000997084045e-05,8.333355721330651e-05
28b6f14b59c2f22fe1c7fc903218654a80378946,1.0,0.001909990753025369,0.0017827613989935996,0.001994099387019206,7.639963012101476,7.131045595974398,7.976397548076823,2.8693320336823604,7.639963012101476,2.6626277204652125,0.18098929720552284,0.16086751841899496,0.19728879950875647
28b85ffbd0cf193423ccea0e88ee2522863cf367,1.0,0.0014196368826579653,0.0013789275684456558,0.0014720043360771811,5.678547530631861,5.515710273782624,5.888017344308724,4.766049891233491,5.678547530631861,1.1914578445930217,0.07391769619626416,0.02975252840961434,0.10767762133804808
28bbc28053cbd4bff41d85fb5e871d4a06a2ab8b,1.0,0.0014544573502756704,0.0013649714174985394,0.0016754217981363748,5.817829401102681,5.459885669994158,6.701687192545499,5.817829401102681,5.502894150138189,0.9458672248270462,0.09759988081599917,0.0,0.24256630419198177
28bdc0d4cd4e23e52d54b74528a9023eb26e7240,1.0,0.0018302374455371109,0.0017588684786879233,0.0019034082481172335,7.3209497821484435,7.035473914751694,7.613632992468934,6.916705161374264,7.3209497821484435,1.0584446801392733,0.17528212930959597,0.12478378063838826,0.21109422646373513
28d66fa23d4115b9dd786833e90e7548221cc52b,1.0,0.0011332363843290364,0.0010944722559834323,0.001265588114010529,4.532945537316146,4.377889023933729,5.062352456042117,4.098161859355969,4.532945537316146,1.1060923635721172,0.08009965779101622,0.0,0.1443850769499223
28d6c30a2562dd7e9ad6fa56b502d768c78e7e4e,1.0,0.0013870628680445404,0.0013487210995352342,0.0015187120126977424,5.548251472178162,5.3948843981409365,6.074848050790969,5.475342112278796,5.548251472178162,1.0133159460001342,0.24854125747905173,0.14389314065212797,0.3231744904433291
28dca0327549b28ffa702af38ccd019ac3ba6ce4,0.878664253188702,0.00044500012714646667,0.0003717089104157459,0.0005136949459810269,1.7800005085858668,1.4868356416629835,2.0547797839241078,1.7800005085858668,1.4427903956109493,0.8105561704345713,0.7292096787513421,0.6430420037324196,0.7674678025320135
28dd4448dd00ac6c2597c3a8df837ad0da3183bc,1.0,0.002470562381280532,0.0024182639710127636,0.002609941728910462,9.882249525122127,9.673055884051054,10.439766915641849,9.882249525122127,9.84422013867082,0.9961517480048818,0.08362220151631736,0.05436793199982245,0.10377788328690082
28eca6756530e4bf16ad9217d16bd27c5e482312,1.0,0.0035253676909180773,0.0033741043706948595,0.0036953577177583153,14.101470763672308,13.496417482779439,14.781430871033262,12.238680166024954,14.101470763672308,1.152205186537886,0.04413314119380637,0.021919787598910927,0.07703743319192277
28f6b259041a9f5c2705b128d8b5dd186785c76c,1.0,0.0009710558554193865,0.0009286422317114694,0.0010029120929726533,3.884223421677546,3.7145689268458777,4.0116483718906135,1.6899894026419324,3.884223421677546,2.2983714664751176,0.09569557638804758,0.047543320940777796,0.131469786938515
28fbf2faa3e40a4c2b09ddc2b4d386f4ee690220,1.0,0.0010059417938381534,0.0009168599747644593,0.0010768696650002973,4.023767175352614,3.667439899057837,4.307478660001189,1.6790010254166758,4.023767175352614,2.3965245490865854,0.0299241223900567,0.013397877507926044,0.04167307903957817
290cb507819d5c09f10868952a3028ac82e8c978,1.0,0.001143272576206055,0.0011004463853859757,0.0011887792243026622,4.57309030482422,4.4017855415439024,4.755116897210649,3.305421645034112,4.57309030482422,1.383511937635728,0.17695003131386744,0.1464269898458956,0.20775085757382358
2913c79e2cccbe715096eaeb1360cb6f0ed42e95,1.0,0.0006796600301460376,0.0006586644203650424,0.0006962310915966855,2.7186401205841504,2.6346576814601694,2.784924366386742,2.156234493314858,2.7186401205841504,1.2608276738976965,0.09132413463895446,0.054521543372180035,0.11426445947005867
2919e12faff66e9ed30968e4e76a47b3e3595187,1.0,0.0027442342742137376,0.002679015397627789,0.00281741144847234,10.97693709685495,10.716061590511156,11.26964579388936,9.564680347906277,10.97693709685495,1.1476533138149063,0.008803480916592317,0.0,0.062172058991520444
291cb17b9ca785813dae5e55e9c831c5ba9dd330,1.0,0.0007753703982016767,0.0006888027237251266,0.0008697005377018415,3.1014815928067065,2.755210894900506,3.478802150807366,3.1014815928067065,2.2240966759050456,0.7171078110098775,0.33815670023683336,0.21286956659721928,0.4338944105757304
292037e02ef65c4ab4b765da026e6fbf62044653,1.0,0.002105126855581704,0.0020420732382144605,0.002185756236430488,8.420507422326816,8.168292952857842,8.743024945721952,6.1643368338529685,8.420507422326816,1.3660037809880103,0.08440693189753662,0.06808650161651057,0.10163045606837494
2933fb5660de49b47396dc7bb4f271406c51048a,1.0,0.001715611357918794,0.0016771963936131516,0.0017610270677324738,6.862445431675176,6.708785574452606,7.044108270929895,6.366186977511568,6.862445431675176,1.077952227277746,0.13258744339499795,0.0792023197843648,0.18570227215224183
2937778b3aa1c03e117f298a1371cbeae737ebdf,1.0,0.002342736867776394,0.002284831414733131,0.0024294948547973092,9.370947471105575,9.139325658932524,9.717979419189238,8.629622046510784,9.370947471105575,1.0859047384229916,0.06063789675016642,0.021714418709077022,0.10379050441517115
29383ea18d5e1e3c17a5ba83b5bb07c453516646,1.0,0.002184265985904259,0.0021152603952666682,0.0022595341654003207,8.737063943617036,8.461041581066674,9.038136661601284,5.865529858155307,8.737063943617036,1.4895609015559284,0.033344504499365386,0.021827685536213552,0.04451941968990213
293c0fb955901e1ce99027503e799a298b8c0bff,1.0,0.0017374121607405869,0.0016477723558710224,0.0018282936557753521,6.949648642962347,6.59108942348409,7.313174623101409,4.839652373961848,6.949648642962347,1.4359809560605297,0.05713742335059708,0.0,0.16124733151918375
293d93be9e6a143b5dcb66f2fc3b6732f0c912a2,1.0,0.001982772644623504,0.0018616800625885185,0.0020439572545063486,7.931090578494016,7.4467202503540735,8.175829018025395,5.858200815435155,7.931090578494017,1.3538440945208337,0.11007890118317415,0.08778864260009768,0.13927730779407166
2942b7bf6c11c8ddaf4f5e36916fe338d6e5fa0d,1.0,0.0013363529555922358,0.0012724817274924515,0.0013890212010195435,5.345411822368943,5.089926909969806,5.556084804078174,4.4224827276508005,5.345411822368943,1.208690265526124,0.1966087427272836,0.16192611336973906,0.23788227946339321
2947cf99e6c7462f3bc243c07667f425f3d0b3d1,1.0,0.0014112431585162305,0.0013551361334303664,0.001692837149077963,5.644972634064922,5.420544533721466,6.771348596311852,4.926404582371628,5.644972634064922,1.1458605438669365,0.0,0.0,0.09203110109780172
294eb3eab08a19875ac639364e3e5d6a9fdf1140,1.0,0.0029443589280373213,0.0028085513213990084,0.0031375946256943853,11.777435712149286,11.234205285596033,12.55037850277754,7.513315092332267,11.777435712149286,1.5675418330543303,0.011817477179158552,0.006184302656382817,0.01721891344831248
295604b2557e32496de55f1db28342077067870a,1.0,0.0023097485988761044,0.002245372918904482,0.002412408488670356,9.238994395504418,8.981491675617928,9.649633954681423,7.448631230944419,9.238994395504418,1.2403613642627598,0.10507167095267056,0.06591677348570774,0.13768055906250995
295f02b9475fd2f00b71cf42cf729e74958b202a,0.0,5.238766264729968e-05,8.598261276906856e-06,0.00011953118759437228,0.20955065058919872,0.034393045107627425,0.47812475037748914,0.20955065058919872,0.0,0.0,1.0,1.0,1.0
2969493d58519413954df5e0e3b7436fd3795c27,1.0,0.0011259555825859464,0.0010799188225203485,0.00119068707531121,4.503822330343786,4.319675290081394,4.76274830124484,3.2568019618507855,4.503822330343786,1.3828972050189812,0.0,0.0,0.07929335641533969
296b1aa0996829f47809349f33254d172ab34e26,1.0,0.0015822495885392032,0.0015597517608418334,0.0018322032491722704,6.328998354156813,6.239007043367334,7.328812996689082,6.328998354156813,6.323689551403177,0.999161193848289,0.12913722993867424,0.07852442484023395,0.17443971716594908
29738b84bac9d80ddbd28deb07c877f637f387af,1.0,0.0012927626821099083,0.0012456683907263043,0.0013455796877909685,5.171050728439633,4.982673562905217,5.382318751163874,3.857337530206271,5.171050728439633,1.3405751215562178,0.0630080073738926,0.044554914720326466,0.0828527764235706
29951a44c871d888beef869d9122f57b32982c2e,1.0,0.0010580572677861113,0.000950070996337318,0.001123198332600702,4.232229071144445,3.800283985349272,4.492793330402808,3.0042829750739233,4.232229071144445,1.4087318359350978,0.22817726105769115,0.10572616582638061,0.2997613792179433
299be09a2552a904845f5c8922c183e6064bb322,1.0,0.0019727894770054395,0.0019225858913450224,0.002054841051543948,7.891157908021758,7.69034356538009,8.219364206175792,6.349932735667568,7.891157908021757,1.2427151966031276,0.007958876648611118,0.0009747101285953975,0.015032609235008657
29a6026d2b2a033ab922fd11b80d6e6f5a95ca4f,1.0,0.0011906539133758206,0.0010874987848238631,0.0012561626486607207,4.762615653503282,4.349995139295452,5.024650594642883,4.762615653503282,3.7809560027713367,0.7938822440962968,0.3063614397807946,0.255321702032107,0.357647505836118
29a663267d07f1cd43057a6c744bb283cbb5daa7,1.0,0.0016810539947075052,0.0016223385885057934,0.001739243604095106,6.724215978830021,6.489354354023174,6.956974416380424,4.698856330879762,6.724215978830021,1.4310324694628518,0.04662465460185007,0.005767717255168879,0.09817641856640177
29aa047ba9307d2c85ed5462c8e3444597734a93,1.0,0.0004407812616492937,0.0003960802010702573,0.0005170938811493334,1.7631250465971748,1.584320804281029,2.0683755245973336,1.7631250465971748,1.6210537795361841,0.9194207652286559,0.4407531250652626,0.37388291668701157,0.4803584854907431
29aac463d5c9ba48102be3465b0f08881a18e671,1.0,0.0017568932406206606,0.0016894590507386712,0.0018381531418889437,7.027572962482642,6.757836202954685,7.3526125675557745,5.053855538334367,7.027572962482642,1.390536969087717,0.07510217225013142,0.056755756182110796,0.0892448569336608
29b4f4ace1526e966ef9c371e8f2d2f40a9cd162,1.0,0.001518190347741039,0.001378560816237807,0.001667389196235951,6.072761390964156,5.514243264951228,6.669556784943803,6.072761390964156,4.40418626032942,0.7252361778749518,0.2228370150313312,0.1327047107981667,0.29369771431207137
29bf773a6c0c0de0d6989e7d2b29d3398f6c6f57,1.0,0.0005340853646262195,0.000518207574220965,0.0005546751610300145,2.136341458504878,2.07283029688386,2.2187006441200583,1.746764564634232,2.136341458504878,1.2230277060562094,0.029017844485900748,0.0,0.08896820675236153
29c2b027911bca069578f09b613ad0f5399781a7,1.0,0.000923329653345111,0.0008994538573349368,0.0009505384135838292,3.6933186133804443,3.597815429339747,3.8021536543353167,3.034445199590646,3.6933186133804443,1.2171314261594448,0.07505356603900656,0.03791710413696485,0.09631284752511572
29c2e049e7edc79f757524b4eaf7d1c5d9b4b866,1.0,0.0025434737479203885,0.002443328233495608,0.0026707126731021417,10.173894991681554,9.773312933982432,10.682850692408566,7.375948174102929,10.173894991681554,1.3793338499045127,0.04752008370299768,0.03303693292492026,0.061159122600048764
29c69300ea2b9bb49fb70173cd906234c6087cf3,1.0,0.0008314826019932098,0.00079322367764613,0.0008661760251669541,3.325930407972839,3.17289471058452,3.4647041006678165,2.9737287647044037,3.325930407972839,1.1184377161255477,0.12315839053549535,0.05645625978919023,0.17115962976563381
29cefe495618161349c7089e5f6dc6be831e94a3,1.0,0.0019191096214856386,0.0018625051337680726,0.002013567739012161,7.676438485942554,7.45002053507229,8.054270956048644,0.6309541942947476,7.676438485942554,12.166395841972227,0.13533891094593328,0.0,0.3281587491186895
29d019cda0fdea859abce2066391f47d223cae73,1.0,0.0022932301805477034,0.002112993585924468,0.002509566146676138,9.172920722190813,8.451974343697872,10.038264586704553,9.172920722190813,7.5230251628653475,0.8201341089393593,0.21762725573566213,0.14797085349985467,0.2763699551363139
29e44d6d3cb3a166b8e7d142e4d4c2ba15fb64cf,1.0,0.0012657554790551826,0.0011885358320001406,0.001331918571964212,5.06302191622073,4.754143328000562,5.327674287856848,3.0200686491163427,5.06302191622073,1.6764592148268371,0.10876426873642822,0.08129004846538988,0.15574662805105713
29ecf5a83bd5094384b34f956412cca3671fbf00,1.0,0.0014069857522988312,0.0013495221771856409,0.0014819003221756566,5.627943009195325,5.398088708742564,5.927601288702626,2.9131956760166076,5.627943009195325,1.931879501101951,0.08218752871236973,0.04598998550002954,0.11177952098535365
29fef54642872cfc8d5bebdb4977cef5cd9fe057,1.0,0.0026140024540233656,0.0025370807151178054,0.002884766706937438,10.456009816093463,10.148322860471222,11.539066827749751,10.342471776581318,10.456009816093463,1.0109778437848127,0.07437508154212465,0.047543362629328643,0.10952392393683148
2a225a95ee793a9236e6ca31394fd09a3308b621,1.0,0.0025204850225566473,0.002447438769631489,0.0025970629731180187,10.08194009022659,9.789755078525955,10.388251892472075,8.786219871172378,10.08194009022659,1.1474718636743289,0.03930834691290966,0.02474910323506327,0.059251996526013345
2a3589f3ab0a7c924b09ff928349d47103e36b66,1.0,0.0025079516827078378,0.002401213799659668,0.0026045735106527087,10.03180673083135,9.604855198638672,10.418294042610835,8.356664323324802,10.03180673083135,1.2004558688364393,0.06848286973010734,0.03389552773117318,0.08385643617821373
2a36feb64967db7408faa3c510f3ef47ac2a451a,1.0,0.002520103629952156,0.002471536458622592,0.0026411057519872385,10.080414519808624,9.886145834490367,10.564423007948953,10.080414519808624,10.013775943453703,0.9933893019752341,0.07499573528885252,0.011103685844841187,0.13597622177137786
2a4af6024f933186dca92b616b09c2911bb9f249,1.0,0.0011585807903857557,0.0011255770274957787,0.001197729536103053,4.634323161543023,4.502308109983114,4.790918144412212,4.016640665654929,4.634323161543023,1.153780869961734,0.15759652560775375,0.12043361745337429,0.18984599501684057
2a50b22c9cdd7e24cc4dc9fa6457b7d7b5be6e19,1.0,0.0010904125590540112,0.0010497289816626713,0.0011663670156389014,4.361650236216045,4.1989159266506855,4.665468062555606,4.061954473613085,4.361650236216045,1.073781172228743,0.11936681320653145,0.06646890776632584,0.17426827134825265
2a5557ce3af25c03418976ff25b4cbc1ffe1f5e9,1.0,0.0011722067762925733,0.001121574861613796,0.001238199634319542,4.688827105170293,4.486299446455184,4.952798537278167,3.2318798423044455,4.688827105170293,1.4508048980642152,0.020709105113557662,0.013275221301957725,0.029796834245625063
2a5cb9d030923f835e5a5a9bdc0c04dbd5ef8224,1.0,0.001906710940081956,0.0018132128761041933,0.002009378740073786,7.626843760327824,7.252851504416773,8.037514960295145,5.303501049446178,7.626843760327824,1.438077166238001,0.010932895271220154,0.003552135291262075,0.016520057670889706
2a60b20cc143a7c3d8e8d990b7d8df2a73a4c127,1.0,0.0014283747767080074,0.0013556884459199282,0.00149581320909197,5.71349910683203,5.422753783679713,5.98325283636788,4.458984417908089,5.71349910683203,1.2813453852598324,0.1342678123456069,0.07763364939180482,0.17791021341255095
2a697a3e68b9af2f6f2572e7b3789b2af8ffd9d1,1.0,0.005220522643316462,0.0051075481141022675,0.00540842315702556,20.882090573265845,20.43019245640907,21.63369262810224,19.683607432416373,20.882090573265845,1.060887372650794,0.029106243689082975,0.012967749665738028,0.0429642786914457
2a6adc3545e1148b24c5e9d0951dfb19630ad56d,1.0,0.0006956297015608089,0.0006595483099213667,0.0007405460277873861,2.7825188062432358,2.638193239685467,2.9621841111495444,2.7825188062432358,2.251118199206527,0.8090217374831801,0.22083341683980348,0.12207380401600128,0.26967385123126986
2a6d1bcd8d917a1be710a9cb6c6273040cfff22d,1.0,0.0014472340745178374,0.0014112018349328713,0.0015331453229017744,5.7889362980713495,5.644807339731485,6.132581291607098,5.774666938926402,5.7889362980713495,1.0024710272117616,0.08224088538003417,0.03730871925470414,0.11946785633433232
2a755b6287711ac12987b753e2960d9adb94ca9f,0.4526978046372325,0.00029892833008424055,0.00021531796637966954,0.00047045873922619733,1.195713320336962,0.8612718655186782,1.8818349569047894,0.6801687081043534,1.195713320336962,1.757965790089703,0.4071471672812611,0.0,0.752293117905325
2a79b51e92af8557e9fc234f80388763ff035230,1.0,0.0023784187171716708,0.002332358474033018,0.0026292325629868663,9.513674868686683,9.329433896132072,10.516930251947466,9.513674868686683,9.483424784968443,0.9968203576288059,0.0,0.0,0.06176479030686285
2a7b37241ab4a801ee844b76b80698599565762a,1.0,0.0008304447791960694,0.0008052592587199807,0.0008678007262511124,3.3217791167842776,3.221037034879923,3.4712029050044495,3.266380509631482,3.3217791167842776,1.0169602429935654,0.09918667120690848,0.0725527232382353,0.10834525559022384
2a7bf0b709c8dba9008cc8e7db3ba82893509945,1.0,0.002192362216854991,0.0021036725331109165,0.002294335097374824,8.769448867419964,8.414690132443667,9.177340389499296,6.4076035810702106,8.769448867419964,1.3686004067616295,0.09265003185669062,0.07082382803706334,0.1102757996682251
2a8442fbf6d1e05a160b23c0296b0c94d2fe3e34,1.0,0.0029033032368303074,0.002819692827791323,0.0031377953444323542,11.61321294732123,11.278771311165292,12.551181377729417,11.61321294732123,11.46640200803324,0.9873582840550724,0.048314691004156925,0.028366855211491068,0.07654165603660593
2a8dc3cee3677054a523a1b2edbb87c8c73d056a,1.0,0.002358247960822565,0.0022978816688949094,0.002428989327970361,9.43299184329026,9.191526675579638,9.715957311881443,7.416676804737563,9.43299184329026,1.2718623302103083,0.059008380349289034,0.039462987577360546,0.07243659653356065
2a9da6ded7e8910d053abbba5fcd16152507cda5,1.0,0.0017509496129326939,0.001671317995515097,0.0018367643780704006,7.003798451730775,6.685271982060389,7.347057512281602,5.735316441674251,7.003798451730775,1.2211703613839708,0.18597213426219125,0.13971314827398268,0.24212344547126974
2a9e52563896166f54eb06768d88b55ae334226f,1.0,0.0016226001826186122,0.001528020633251168,0.001731670818757941,6.490400730474448,6.112082533004672,6.926683275031764,0.80822113403613,6.490400730474448,8.030476384677547,0.039210463191570295,0.0,0.06971789566541566
2aa2e3a99032758f480e9a78d200bb374e8f6dd7,1.0,0.0014819500753895124,0.0014270047526731972,0.0016013936231154624,5.92780030155805,5.708019010692789,6.40557449246185,4.159252048174683,5.92780030155805,1.4252082424674182,0.033058877104876865,0.021100712103376554,0.046544338825154574
2aa605a42b6fd6f799368db949c3fffed3126ab8,1.0,0.0020042064257554614,0.0019364892676742268,0.002079744717572899,8.016825703021846,7.745957070696907,8.318978870291595,6.401528213696244,8.016825703021846,1.2523299804989736,0.045400109874196355,0.03323175749384017,0.05932140023710419
2aa6a3e41d0164e94747e038f469877e6159daad,1.0,0.0011700804733173584,0.0011341382508086566,0.0012172416237863169,4.680321893269434,4.536553003234626,4.868966495145267,3.6322782184022246,4.680321893269434,1.2885361780817068,0.3305546644849333,0.24632249244546042,0.40127358930008683
2ab02632ef40d5b28a35b162f447588f35ede391,1.0,0.00204132482649463,0.001957487527080692,0.0021420695809750948,8.16529930597852,7.829950108322768,8.56827832390038,7.67093295316752,8.16529930597852,1.064446704961339,0.08559900563395487,0.05228603803817359,0.11590551080855435
2ab6317a2bfc401b2eba7f6eb0cf1f6b0bee27e0,1.0,0.002960654401129024,0.002773505400740455,0.0031632626185644263,11.842617604516096,11.09402160296182,12.653050474257705,6.978755359969656,11.842617604516096,1.6969526790472833,0.045414665141246334,0.019048978340630005,0.0749103737541926
2ab80b1af1cdaaa1f5b3f19afcba47c9e6648ab0,1.0,0.0008033243326745852,0.0007749713654912042,0.0008323452020285418,3.2132973306983406,3.0998854619648166,3.329380808114167,2.6263073274241187,3.2132973306983406,1.2235039277942927,0.23839980066554894,0.19439521506269467,0.29301915475155144
2ac0ae7ff9e78051ab8920fc8694946ce7aa04d3,1.0,0.0005600682662814884,0.0005511856763678067,0.0005772261120541814,2.2402730651259537,2.204742705471227,2.3089044482167256,2.07623683679119,2.2402730651259537,1.0790065109278577,0.11057323648878158,0.0784755792908853,0.14115314017391933
2ac3600e7bb9c3c273f2062d59d48ed4b8485fef,1.0,0.0027655269731796436,0.0026627112610004577,0.002910423733340168,11.062107892718574,10.65084504400183,11.641694933360673,9.767113856896897,11.062107892718574,1.1325871751671286,0.11666853411559194,0.055246262559353686,0.18513927837022076
2ac8c403d0c90c98662893d2f36dad32a74a65b1,1.0,0.004278773743029948,0.004194880986427847,0.004371021118877105,17.115094972119792,16.77952394571139,17.48408447550842,15.980479218336175,17.115094972119792,1.0710001082121334,0.04322311790123157,0.029434116178291156,0.06015461698288578
2ac95a5c63f3ce31f9dcb3b0a88879915d495394,1.0,0.009386010769939727,0.009087042924459594,0.009856903481872825,37.54404307975891,36.348171697838374,39.4276139274913,30.518307088209205,37.54404307975891,1.230213817930422,0.0010541607406932291,0.0,0.0030783022196322813
2ae645392b9fbe3fa45aab1a8b8b76ab305f82e3,1.0,0.001292311293217592,0.0012478800547020543,0.0013347773592016807,5.169245172870368,4.991520218808217,5.339109436806723,4.32254997423963,5.169245172870368,1.1958786373035926,0.17881035575819754,0.027814003506212083,0.3109752138768307
2aef4a111e20cfa079c6f99f345bc03c24b18310,1.0,0.001996340318802401,0.0019101383092190612,0.002081236449346782,7.985361275209603,7.6405532368762445,8.324945797387128,7.247094224410572,7.985361275209603,1.101870767501864,0.12697433951524922,0.097792299244681,0.15548637629313006
2af0c3a097b0ccb4cda3f257d31d22b89bace41d,1.0,0.0013257481778767026,0.0012712837154157744,0.0013954215349132838,5.3029927115068105,5.085134861663097,5.581686139653135,3.3901466269300187,5.3029927115068105,1.5642369770622544,0.015009751240327393,0.008894108376814654,0.021783915609948468
2af2f6f4120edda0a7bd2f4944d1255cb514da0a,1.0,0.0016902142752417751,0.00161862600967243,0.0019109865302719235,6.7608571009671,6.4745040386897195,7.643946121087694,6.7608571009671,6.577937285721745,0.9729442861291671,0.16107136152193416,0.04514157698815619,0.26667478093555336
2af6cdd7e9e90c8e0dd12062191373bcf39aa8ba,1.0,0.0018139560653885039,0.0017095600728361164,0.0018811979217270834,7.255824261554015,6.838240291344466,7.524791686908333,7.255824261554015,6.392614223786118,0.8810321189362682,0.1535371170877919,0.11362169712757653,0.18904477065968586
2af78322dd014d185145e4a516bf378d69c62d48,1.0,0.001793192351035837,0.0017142277518905442,0.0019111900345907783,7.172769404143348,6.856911007562177,7.644760138363113,6.928506825648673,7.172769404143348,1.035254721492146,0.06095304322461089,0.024236248791420254,0.0884964924708549
2af93b4f00a51ac877b498eb264d87f3e27a04b5,1.0,0.0018357544533812323,0.0017696308135996225,0.0018783120180377569,7.343017813524929,7.0785232543984895,7.513248072151027,5.8176827543051814,7.343017813524929,1.262189453024226,0.054890744467675404,0.03177570672408814,0.08676217735086922
2af93c78af95fbf57e86a00a005fcefa75bbe4d5,1.0,0.002657881403916501,0.0024960345279926013,0.0027380574034402347,10.631525615666003,9.984138111970406,10.952229613760938,10.631525615666003,9.74143326958789,0.9162780227170291,0.16791343561403912,0.11918888466398839,0.20430301279685015
2b159b11d471df8e7e97024cdc321d94921dfa1b,1.0,0.0011125985679201846,0.0010689620490122013,0.0012004890166308112,4.4503942716807385,4.2758481960488055,4.801956066523245,4.4503942716807385,4.380897644009275,0.9843841638675269,0.3739423395915264,0.23990595173007143,0.47083324189909703
2b169525fd7d86946eb1cd3c26e04ecb602451f1,1.0,0.0006622110347881159,0.0006148300290397473,0.0007331636464013678,2.6488441391524633,2.459320116158989,2.932654585605471,2.6488441391524633,2.329804733441457,0.879555236567038,0.2506398703142463,0.14610505671001586,0.3321023115604053
2b1905523dc6b633ab5f8181bc1841d497147d06,1.0,0.00175493754392956,0.0016706933935255303,0.001842019811751485,7.01975017571824,6.6827735741021215,7.36807924700594,5.362042617534963,7.01975017571824,1.3091559833490016,0.06469843359392878,0.04617374264250012,0.08077620068889602
2b1a4ca48b742cafb94eb4dbc09923cab87a1565,1.0,0.002309363571913588,0.0022189573554374223,0.002386198197984111,9.237454287654353,8.875829421749689,9.544792791936443,6.72491061877616,9.237454287654353,1.3736174071761034,0.008033767096578529,0.0,0.09352972834463086
2b1ccb11413e9a0e631411a2c7b59feb3ae72bdd,1.0,0.002160723665013133,0.0020812116045620128,0.0022331638463409516,8.642894660052532,8.32484641824805,8.932655385363807,7.738146126472556,8.642894660052532,1.1169205800449786,0.07015379207137175,0.05199481662417084,0.0900273863096794
2b220d6ac4a2cb040cf1176de6ad427911e39454,1.0,0.0024233638777260117,0.0023199255447017048,0.0026462765596202654,9.693455510904046,9.279702178806819,10.585106238481062,8.944052734931061,9.693455510904046,1.0837878306605,0.09034021993563954,0.06263616049814483,0.13905589300323193
2b23c235b17ee39756dc3ecb365bfa2962c11ab2,1.0,0.002214110919692152,0.002149564862250418,0.0023126779032839264,8.856443678768608,8.598259449001672,9.250711613135705,5.851759281925128,8.856443678768608,1.513466848529523,0.05786647071109303,0.046939008835672494,0.07507425394773784
2b23e85a4fc3999ab0a4c3e856a6711d1cab3593,1.0,0.0007997460417501802,0.0007684933273403315,0.0008734153647012828,3.1989841670007206,3.073973309361326,3.4936614588051316,2.999064402289395,3.1989841670007206,1.0666607107732375,0.2328882631311353,0.16323049895330183,0.285957724856768
2b2c0111fe9f2d2e32e2ef93bd1b5b364dd86ea2,1.0,0.0030399530620013144,0.00291021883836313,0.003179130584203403,12.159812248005258,11.64087535345252,12.716522336813613,11.399878981412098,12.159812248005258,1.0666615205154597,0.10477759833106638,0.07536458548481079,0.14156298914466664
2b481b07116e2f58823f110cded2a71d85161e54,1.0,0.0005845092708118838,0.0005402031035588351,0.0006537997897049847,2.338037083247535,2.16081241423534,2.615199158819939,2.338037083247535,1.5405692909718938,0.6589156784596598,0.323605554937299,0.22767127023197845,0.3796863511394996
2b515799f7d6c6b1a4114eb061a898efc569ab2d,1.0,0.001740908663102026,0.0016768877464621889,0.00179807649034402,6.963634652408104,6.707550985848756,7.19230596137608,5.548022184685918,6.963634652408104,1.255156237772385,0.13882964581034002,0.04089326454208046,0.24443853873559976
2b5d43fc82ed99bc9d2b12f33aeeb271275dc672,1.0,0.0020093452966926293,0.0019350478809240512,0.0020883404526885166,8.037381186770517,7.740191523696205,8.353361810754066,7.023024193083242,8.037381186770517,1.1444330769480024,0.05071808881475321,0.0,0.1133983772536674
2b5faabe5d1109e7502c556b90dad681da924c96,1.0,0.0016334879781795106,0.0015047606161311495,0.0017203752018499687,6.5339519127180425,6.019042464524598,6.881500807399875,3.8337610339649135,6.5339519127180425,1.7043190367972845,0.08252263909076397,0.0,0.20219846870591474
2b63c72275a0f0add0373b624d13310f864178f7,1.0,0.003486257971828165,0.003381453583682096,0.0036642349009094665,13.945031887312659,13.525814334728384,14.656939603637866,12.694700079939288,13.945031887312659,1.098492425933654,0.03966419131620296,0.02806274263266267,0.05169544602679301
2b6f7b29004ccf656b038ee0fbf02e2ac4c0164d,1.0,0.0021045409101262957,0.002014743629865394,0.0021768134437155154,8.418163640505183,8.058974519461577,8.707253774862062,4.691736269890043,8.418163640505183,1.794253375776911,0.002876735332090879,0.0,0.02583450799725738
2b74d62768b0e132c8fb16542e0798567f41ccb2,1.0,0.0023506149510843337,0.0021244790390728737,0.002529489961796679,9.402459804337335,8.497916156291495,10.117959847186716,9.402459804337335,7.196671842288592,0.7654030957908251,0.12354943784263725,0.007315801268306712,0.20554468948249519
2b7bb5f6fa62a8538dd960271f82e38239e88fbb,1.0,0.0005811095836920026,0.0005635706796483423,0.000620758101997647,2.3244383347680104,2.254282718593369,2.483032407990588,2.154358473268649,2.3244383347680104,1.0789468714746029,0.31755119721821595,0.27329205437919235,0.3749967771703815
2f33793be230d519885c294441d73a242fe442e2,1.0,0.002208729542222946,0.0007755306587037477,0.002469244510240304,8.834918168891782,3.102122634814991,9.876978040961216,3.6490120701525894,8.834918168891782,2.4211808563632227,0.040229360054529234,0.02418290877585204,0.06775901874985128
2f353ff838cd5539691e0ccee36823357cba16d9,1.0,0.0027771258660395878,0.0027005181754331253,0.0029209083075776767,11.108503464158352,10.802072701732502,11.683633230310706,10.721671631601899,11.108503464158352,1.0360794329324798,0.08812710489120003,0.033993402794248055,0.13329870946879233
2f3cab34503c1a81d03ffa113ce42dac555400de,1.0,0.0015802293053709335,0.0015327369258201148,0.0016311756471076634,6.320917221483734,6.13094770328046,6.524702588430653,4.68886081909773,6.320917221483734,1.3480709846917696,0.04489559104095341,0.0,0.1625998291358558
2f3d741c1cfe67ef81d9117f6791654b912ab7c3,1.0,0.0015203175260394058,0.0014829662094292657,0.001595482444731856,6.081270104157623,5.931864837717063,6.381929778927424,5.770392735132838,6.081270104157623,1.0538745598946877,0.1963173507842738,0.14626902623452595,0.22901559981994105
2f3f8e13e5303d50403282583c9cfd171fd572ae,1.0,0.0012286611234094812,0.0011813357735033574,0.0012632429781194551,4.914644493637925,4.72534309401343,5.052971912477821,3.3532467078389825,4.914644493637925,1.465637610900748,0.0522268801929148,0.0368667677850229,0.06974009632945667
2f43b23e5ef011c689b93b1720b9b8fc02eaf288,1.0,0.0009891587516217882,0.0009554275441634268,0.0010447327426728577,3.956635006487153,3.821710176653707,4.178930970691431,2.5140246983661925,3.9566350064871525,1.5738250340414235,0.04186706448633838,0.028966243289471394,0.054588407284616426
2f4b2eadf7004f56d2bad4df3bb7467a4ec10faf,1.0,0.0009212304346627061,0.0008760808037739158,0.0009641482334746404,3.684921738650824,3.5043232150956634,3.8565929338985616,2.722522106658413,3.684921738650824,1.3534956170378531,0.07270973490963044,0.027352634225227646,0.09961472669827491
2f5d28fecfbbdb478949ed5548489c119f8424fe,1.0,0.0011193560239240354,0.0008536517965983109,0.001623174749816163,4.477424095696142,3.4146071863932437,6.492698999264652,4.477424095696142,3.5107933458057357,0.7841100755187418,0.37093816036043226,0.024093283075909442,0.5098538280536867
2f4bbf4e45b63b97441645a768343425cce3e4c9,1.0,0.00191878020111141,0.0018646872068665639,0.0019894670947417322,7.67512080444564,7.4587488274662554,7.957868378966929,7.088027990081239,7.67512080444564,1.0828287945795305,0.005871409567418979,0.0016017451190801979,0.011068070584959828
31422b160662ef599b9eacce1c8e7a0e3fcc59a2,1.0,0.0009169874970351747,0.0008718357777940115,0.0009659392071357946,3.6679499881406987,3.4873431111760462,3.8637568285431785,3.6679499881406987,3.177747598052759,0.8663552143096624,0.10661276529370993,0.05719199889405337,0.15235008303244602
3144135d2bb634abc745a74621ef37113d1a0715,1.0,0.0009401112457534199,0.0009091714135717765,0.0009691707311053377,3.7604449830136795,3.636685654287106,3.8766829244213508,2.5640979003770545,3.7604449830136795,1.4665762108618006,0.015451769508639645,0.005311087669891801,0.024110595273853237
31468c4773b58902d9e512882011d110caebc92c,1.0,0.001101743755944625,0.0010556163263335534,0.0011545914371229355,4.406975023778499,4.222465305334214,4.618365748491742,2.9883838633686284,4.406975023778499,1.4747017870759003,0.02475738374097339,0.015107907378556294,0.03371816874252212
31478cbb31f049ddf0c9f0c7471c3277b2c2d64e,1.0,0.0008367077456058656,0.0007940134264820281,0.0009715243517185979,3.3468309824234623,3.1760537059281124,3.8860974068743914,3.3468309824234623,3.2669245345067894,0.9761247435749468,0.42642421694345173,0.317607652503164,0.4881690290592589
314c5d0387da262ccf5bdf51ae69c06dd625c56e,1.0,0.00570636866507689,0.005490719013443242,0.005960277555595302,22.82547466030756,21.96287605377297,23.84111022238121,18.742409742271267,22.82547466030756,1.217851651638339,0.03354219145634843,0.023201305887026694,0.04422848436208115
314f2ff6ec19283f687b85f6131caab0d0f5ad75,1.0,0.001211932397684002,0.0011737357001591134,0.0012522385725360122,4.847729590736008,4.694942800636453,5.0089542901440485,4.723189884534674,4.847729590736008,1.0263677110694023,0.11640440201564507,0.09553145022167184,0.1467595109457763
31588c5e89599d49383c22d80a00d38256eb8a4e,1.0,0.0010884581297749686,0.0010519822951388488,0.0011282771366350377,4.353832519099875,4.2079291805553956,4.513108546540151,4.045599913940484,4.353832519099875,1.0761895915849886,0.07630943139289832,0.057592900405882545,0.10446628952469718
3165220264d3e3e2334f81a555e17749226e1b9f,1.0,0.0012890358899302324,0.0012503375674375971,0.001322649625470409,5.156143559720929,5.001350269750389,5.290598501881636,4.229279619437469,5.156143559720929,1.2191540932937277,0.07228688601828066,0.028335814708340675,0.12463113883993283
3170bd17ffa7e46a090689c004e75f27009b5d81,1.0,0.0013330075427400833,0.0012931057788326586,0.001358332132340399,5.3320301709603335,5.172423115330634,5.433328529361596,4.250795559310895,5.3320301709603335,1.2543605300615117,0.05792540170299839,0.046558317867173814,0.07588730896134037
3173b0b327dc55075c709c56c9bfc27575549f7e,1.0,6.223390753241606e-05,5.645725418251786e-05,6.635263407056322e-05,0.24893563012966424,0.22582901673007144,0.26541053628225286,0.0,0.24893563012966427,,0.0,0.0,0.6379451798692201
317cdd47d8a8e4a5681a619e13473018761334e0,0.9437261275693117,0.0006573833760280437,0.000620601943619583,0.0006888125971620593,2.6295335041121746,2.482407774478332,2.7552503886482373,1.4685174403456132,2.6295335041121746,1.790604205213469,0.36330648611645927,0.28319943064431363,0.4229207468233999
31886fdf237e8fdb9b5453fcb045f0caa63e4656,1.0,0.0013409937603694523,0.0012679808374612249,0.0013820052578367996,5.363975041477809,5.0719233498449,5.5280210313471985,4.754073443455274,5.363975041477809,1.1282903188763647,0.19586172250306133,0.1450783872914733,0.23339255670536374
319a423ae6e215477b901ff1d03dc536238c3607,1.0,0.0020616347857087157,0.0020048872965074426,0.0021363801954997113,8.246539142834862,8.01954918602977,8.545520781998846,7.543622961672409,8.246539142834862,1.0931801847379998,0.06866479533026786,0.044340700551500696,0.084715726659875
31a156807b239a8e51a074ace24dde67e9e20ca6,1.0,0.0012059111279171092,0.001156375006007008,0.001255045299852576,4.823644511668437,4.625500024028032,5.020181199410303,3.273358899583717,4.823644511668437,1.473606976699645,0.16817420898142313,0.1249694536814776,0.215596865378424
31b0acad4601c69326cfcdcdb9458bf2b742eecb,1.0,0.0025170293046553535,0.0024342490484427666,0.0026672594237918297,10.068117218621413,9.736996193771066,10.669037695167319,7.675031183693929,10.068117218621413,1.311801473850913,0.0097953159281165,0.004513272174978106,0.015934080436548273
31b5218e225f576a55b1127be3f5bafaa687c5d6,1.0,0.0032776188300823943,0.0031889168979913752,0.0033614819582254564,13.110475320329577,12.755667591965501,13.445927832901825,11.17424499265775,13.110475320329577,1.173276165767268,0.08419413453501469,0.015577101432024475,0.13547344342677434
31c0b7c47220eae47ffd44f40366530686a6e106,1.0,0.0013157695505403783,0.001236393636312739,0.0013706638120445343,5.2630782021615135,4.945574545250956,5.482655248178137,5.2630782021615135,4.924780373388206,0.935722439268645,0.06325983439813278,0.025913172932862202,0.10303417158877463
31c2d82154ee4082b02c452f8f22e5dfc3dc8f9b,1.0,0.0018364852232688573,0.0017546101592035698,0.0019121013287606988,7.345940893075429,7.0184406368142795,7.648405315042795,4.888491349044351,7.345940893075429,1.502701011123091,0.061194128165622017,0.0,0.20806239213037162
31c3e940dd97075944ea8a69279ec2feaeff35c4,1.0,0.001950447313191764,0.0018848729796484371,0.0020569903785897033,7.8017892527670565,7.539491918593749,8.227961514358814,5.893529707651637,7.8017892527670565,1.323788907458616,0.03339333072268431,0.011231848793439978,0.0618413011537735
31cde3b8e8541a1dafeaf0e6f3f41c0d69491ccc,1.0,0.0012901775688822627,0.0012339736813868928,0.0013385789947365243,5.160710275529051,4.935894725547572,5.354315978946097,3.884909613107355,5.160710275529051,1.3283990593030153,0.16439255522348215,0.1297436851177425,0.19371330589610608
31d9ed4095b08d6a3212a9ca6deb58f9e1b46827,1.0,0.003011541522770772,0.0029344409964485447,0.0031601131254091193,12.046166091083087,11.73776398579418,12.640452501636478,10.739113588988129,12.046166091083087,1.1217095332183848,0.006680475276559031,0.0,0.08272244048882244
31e594f7b89b6533269f19184fa75be543e0f1bb,1.0,0.0005074629177659858,0.0004960489843706234,0.0005297702969985556,2.0298516710639434,1.9841959374824938,2.1190811879942224,1.924230279832875,2.0298516710639434,1.0548902032870213,0.19902059182120077,0.1435733670207842,0.22328691902579564
31ee71751fdd1cf466486d48737be539dea1f310,1.0,0.0011089155239953081,0.0010720689348554867,0.001155661827930879,4.4356620959812325,4.288275739421946,4.622647311723515,2.62986938226645,4.4356620959812325,1.6866473011517138,0.18751512135100193,0.14849738046142333,0.22051563575951008
31f1639621a15a43dd95aa31948a4c1364bfdab8,1.0,0.0012133500070555148,0.0011566286731218309,0.001269633778017394,4.853400028222059,4.626514692487324,5.078535112069576,3.555269031747926,4.853400028222059,1.36512876659461,0.018046259522290133,0.0,0.03401962947327746
31f51bea1058521953e4330a263a1d10926dd731,1.0,0.001509020327594786,0.0014314518136600634,0.0016344815090698016,6.036081310379144,5.725807254640253,6.537926036279207,3.0312805839935106,6.036081310379144,1.9912644650093752,0.1752834803941533,0.09142751704270834,0.27360079113492414
31fb4829d66032aae3101a530ed8f35992fa062c,1.0,0.0005489668594907303,0.0005315002407420936,0.0005817175139241229,2.1958674379629213,2.1260009629683747,2.326870055696492,1.9677867534059028,2.1958674379629213,1.1159072161463888,0.18422221569591998,0.12190402888872315,0.23954283561700693
31fb7b573cea81cd7aafe459924285c4fcc1983d,1.0,0.0011160622186292656,0.0010611652893387476,0.0011650539970303885,4.464248874517063,4.24466115735499,4.6602159881215535,3.559801920021735,4.464248874517063,1.2540722699789446,0.11828465201665704,0.08571149539705786,0.1447727943143684
3204e40bf64256329597033d0caa49078aa482f1,1.0,0.0025096310115813878,0.002147272059949862,0.0032948057258922704,10.03852404632555,8.589088239799448,13.179222903569082,4.8761985518005755,10.03852404632555,2.0586782797469856,0.4484813587440155,0.0,0.6066269224516383
31fdba054d5e92177242ce0e1d516952e64b3f22,1.0,0.0014229827673390106,0.0013820723544342227,0.001473127557106067,5.691931069356042,5.52828941773689,5.8925102284242685,4.5239226602227065,5.691931069356042,1.2581848755734113,0.2019495660972723,0.14467297069833357,0.2369202619522094
40a84fc8fb6c0efd470a91674777e59dea3f683a,1.0,0.00034678810582724513,0.0003243818266480962,0.000369875553840228,1.3871524233089805,1.297527306592385,1.479502215360912,1.2869113274122816,1.3871524233089805,1.0778927761077863,0.41996320711329144,0.3813193149269384,0.47543062956317306
40ac286882207e0809573341d6718f40159327b4,1.0,0.001030740062748157,0.0009920780510515458,0.0010792003755554674,4.1229602509926275,3.968312204206183,4.316801502221869,3.0966285225182335,4.1229602509926275,1.331435211234108,0.042336258485701425,0.025750628489923807,0.05826212871692923
40aceaaa55570e248f80d5427f577823fc0939c7,1.0,0.002134407380259672,0.002061075739890119,0.002218906078023197,8.537629521038687,8.244302959560477,8.875624312092787,5.825636651800349,8.537629521038687,1.4655272944975424,0.15640897765214687,0.08301857285825302,0.2205154207771718
40afb8a2f83574f8f070fff5e3a0827f501c5481,1.0,0.0005154318317271145,0.00042596276485095395,0.0006556232520493622,2.061727326908458,1.7038510594038159,2.622493008197449,2.061727326908458,1.667639050503041,0.8088552878637211,0.35938640150731327,0.020118624883235542,0.5061117641025771
40b0bfae9561a8c03cec36b5ecbf1182dad66600,1.0,0.0014319063811824302,0.001365287884437424,0.0014970166824939085,5.727625524729721,5.461151537749696,5.988066729975634,4.898005754047451,5.727625524729721,1.1693790927045598,0.19513242272032402,0.1675812262882359,0.2286368490569952
40b429aaf475f698bba02d6b70ad657d2a41e78f,1.0,0.001034965600943314,0.0009324850540837794,0.0011428181071082108,4.1398624037732565,3.7299402163351174,4.571272428432843,4.1398624037732565,3.6009458854860434,0.8698226013995005,0.11187375884634349,0.008117814704153507,0.17256169239098038
40b823aa6d4eb0a6ad1484e2025cef0a4dad2239,1.0,0.0006868721596790614,0.0006376089915365446,0.000755518564149317,2.7474886387162454,2.5504359661461784,3.0220742565972682,2.7474886387162454,1.7526523793731597,0.6379106922138468,0.48321686916742373,0.3070296674719352,0.5638011489898629
40b9f60c44cb497e0527657705a3c0cd45ece246,1.0,0.0036071054077969258,0.0034618705454649316,0.0037400374715550527,14.428421631187703,13.847482181859727,14.960149886220211,10.67914915611835,14.428421631187703,1.3510834449691438,0.030553538386793335,0.019927474561734805,0.04213020292560199
40baf56a23b7a3de61997cee659c6fc6c3ca94bb,1.0,0.0007702468651966848,0.0007338797432228924,0.0008037923990677912,3.0809874607867394,2.9355189728915696,3.215169596271165,2.860766096231517,3.0809874607867394,1.0769798568451017,0.06433584639120477,0.023299704009607684,0.09510639214869832
40bbda50d8df692a469d87c0c6b0221fff97fdbc,1.0,0.0005974637575261589,0.0005797403457811498,0.0006209341917364586,2.3898550301046355,2.3189613831245994,2.4837367669458343,1.9329851323235467,2.3898550301046355,1.2363545844927983,0.2182768194210002,0.17330147745016647,0.2660309502214564
40c5c77cc544783a28595b80c25ed54c3c7f011e,1.0,0.0005240599802498114,0.0004857239850061632,0.000565222560239861,2.096239920999246,1.9428959400246528,2.260890240959444,1.3482119977197944,2.096239920999246,1.554829599903114,0.3735797823487821,0.3240713055078335,0.4198572762562176
40c8dd9a635ab30ecb710f0a1dba379cee69e733,1.0,0.0008357168718417471,0.0008092927726157322,0.0008612758843819154,3.3428674873669886,3.2371710904629287,3.4451035375276615,2.8572992838575937,3.3428674873669886,1.1699395671474209,0.2582152009601973,0.07157751854363308,0.35753433690945585
40cfa920a6206b3014cdc2b17f4f693cb2d0119c,1.0,0.000795973400560399,0.0007562882723519491,0.0008331129676316738,3.183893602241596,3.0251530894077963,3.332451870526695,1.9034130495631565,3.183893602241596,1.6727286822859162,0.026403036427474495,0.02003224215548902,0.03283526022033287
40d5884f5b3b0d3f507e9cfe3a6209a1a5694408,1.0,0.0009253963034983121,0.0009043571896786828,0.0009735058621151871,3.701585213993248,3.617428758714731,3.8940234484607483,3.6375179460329585,3.701585213993248,1.017612907732912,0.03946221906885406,0.020479448063630144,0.05147650455696177
40e4d44e324f124b488024231ac0c93c0c31ef01,1.0,0.004523435296949881,0.004416180239829577,0.004721797156968391,18.093741187799523,17.664720959318306,18.887188627873567,18.093741187799523,17.95203469630594,0.9921682039096958,0.0796843830603662,0.03760979698898312,0.1044565726700888
40e5a26828cd06955a8f44f8ff4efeba8a41ddfb,1.0,0.0032249906090542424,0.003123875521720062,0.0033228371151684494,12.89996243621697,12.495502086880249,13.291348460673797,11.536472447255555,12.89996243621697,1.1181895068180725,0.07308025359975592,0.0579976833365477,0.0882974580291879
40f583ad97bda405dae46dd3a0ac1ed352f0be3e,1.0,0.0008242887215018349,0.000799396758922266,0.000852692766431922,3.2971548860073394,3.197587035689064,3.410771065727688,2.3120152469651063,3.2971548860073394,1.4260956498169242,0.20717373138380218,0.14678859214574222,0.28366387933107284
40fa2568a99ddf39143e594892e3404dbbc2705e,1.0,0.0019668478530228206,0.001920405496784612,0.002093508834053802,7.8673914120912825,7.681621987138448,8.374035336215208,7.820799884538521,7.867391412091283,1.005957386487394,0.16060512835188742,0.12158493751886609,0.19467440607687403
40fba2074db66eed90ce7a495562356b7e64fed7,1.0,0.0014840362087861676,0.0014469391895508231,0.0015225026596468517,5.93614483514467,5.787756758203292,6.090010638587406,5.3134269096886735,5.93614483514467,1.1171970436481422,0.0311592698053906,0.017400492459791327,0.0454449132411117
410094ff313c6ed7df270209a4e055e5e974ae36,1.0,0.0011225444753454289,0.0010837733455324702,0.001155335623512362,4.490177901381715,4.33509338212988,4.621342494049448,3.7169015307079616,4.490177901381715,1.2080432759074107,0.08774976618884882,0.05335919052481234,0.13271982052906633
41030d1891b7c81d10857f1bca5acb062ccce49b,1.0,0.002134010838428809,0.002049866190566348,0.0023653144621377927,8.536043353715236,8.199464762265391,9.46125784855117,8.536043353715236,8.34498239291932,0.977617152013086,0.02398741643727886,0.0,0.10550812788914535
4106769f85a75d22397c9f929bfc0d009e52f185,1.0,0.0006992385410802643,0.0006698396915779433,0.000731448485066219,2.796954164321057,2.6793587663117733,2.925793940264876,2.59651371829119,2.796954164321057,1.07719598961402,0.12629023895932506,0.10123553029959337,0.16057660293396822
410b647cca9fcbb348270469b6b0e267d38f3e65,1.0,0.002784514978121513,0.0027050212970425435,0.0029406263989683323,11.138059912486053,10.820085188170173,11.762505595873328,10.51648452849252,11.138059912486053,1.0591048636366542,0.1556425543083164,0.11047648192324622,0.18439330351749653
411e318acabc78e6654dc8620591606cc59e7eb2,1.0,0.0015932132635190519,0.0015522206202512176,0.0016609107513162803,6.372853054076208,6.208882481004871,6.643643005265121,6.105043535605351,6.372853054076208,1.0438669301715802,0.05425619530908598,0.02271748499631325,0.11299118964631635
412854eb6b765e45482c509f791458e0edafd415,1.0,0.000706588089054627,0.0006852520316861466,0.0007295723208614174,2.826352356218508,2.7410081267445863,2.9182892834456693,2.274131500117989,2.826352356218508,1.2428271434927436,0.024625356873827765,0.008591874203982271,0.049541557363833894
412cc0e2a8c8a5507439ef5c3f52fe7dd349fb17,1.0,0.0015698107226054438,0.0015307442026658662,0.0016332209189670152,6.279242890421775,6.122976810663465,6.532883675868061,4.839270112297762,6.279242890421775,1.2975599098022432,0.22012810960557608,0.1767976843483072,0.2749253282520215
4131ce135a2752fadb933af977aba81446458181,1.0,0.003337656369086576,0.0031487134903925157,0.003477822486643759,13.350625476346304,12.594853961570063,13.911289946575035,11.918966468711181,13.350625476346304,1.120116036184296,0.08188651131208918,0.05046288998667664,0.11615686214189093
41364d1905203d55867d465812996f57f5529097,1.0,0.0011908370820160928,0.0010870460884399812,0.0012973543492735078,4.763348328064372,4.348184353759924,5.189417397094031,4.763348328064372,4.236472561968543,0.8893896205340226,0.18293989330684013,0.11100766238356291,0.24676360769417544
414518c70f79361cd1d8e0cdde755b1b310c3d87,1.0,0.001961726291635603,0.0018734593831693266,0.002032844863164223,7.846905166542411,7.493837532677307,8.131379452656892,5.06592313165328,7.8469051665424105,1.5489585930573622,0.016235358885951946,0.006560222772230772,0.029154924066681374
4145d6d0752a0d96914df64e220cd4cd85d1061f,1.0,0.0006360712294194714,0.0006106510909076407,0.0006647421419267345,2.5442849176778854,2.4426043636305628,2.658968567706938,2.250932481079747,2.5442849176778854,1.1303248493963802,0.21799782311037552,0.13693519181211303,0.28530465277098166
414b66374fcbe5fc9f16d39d0f73cd30186eb29e,1.0,0.0016578423259569696,0.0015902055450184552,0.0017076689253668989,6.631369303827879,6.3608221800738205,6.830675701467595,5.643611718322075,6.631369303827879,1.1750222436988416,0.04858927843801951,0.03510289144448548,0.059258806012061974
4154e9362360620ee49f0bc9e212b983a93b56fa,1.0,0.0023442885536276523,0.0022347538902742613,0.002469379623786716,9.37715421451061,8.939015561097046,9.877518495146864,9.37715421451061,9.061834238618165,0.9663735960101301,0.09913088557232579,0.05673492226863782,0.145937053680056
415922a6f5e05c169e352f7d16f67499ebfa92f6,1.0,0.0013105177583452692,0.0012300656315634238,0.0013942020168510583,5.242071033381077,4.920262526253695,5.576808067404233,1.4368592808867116,5.242071033381077,3.648284214823111,0.14333276249864868,0.11371801778597235,0.17110311729237404
415f6a79efebd8e3a1dfbd285e673e825300d48a,1.0,0.00022360243390709379,0.00020228514153048844,0.0002463932222864187,0.8944097356283751,0.8091405661219537,0.9855728891456748,0.3910542163750747,0.8944097356283751,2.2871757883579837,0.0,0.0,0.042479183328712464
4168129bac0bc416392104106c42b24efa0438d0,1.0,0.0012116700479460013,0.0011645600825381376,0.0012939816032490577,4.846680191784006,4.658240330152551,5.175926412996231,4.338752109776382,4.846680191784006,1.1170677810477174,0.10029910518020224,0.011558785574758734,0.1501455959905178
417c0029b9c50b2172dd302814e2b63034f2e489,1.0,0.0012745625343702843,0.0012457466885086217,0.0013112927303268874,5.098250137481137,4.982986754034487,5.24517092130755,4.8774167197374085,5.098250137481137,1.0452767172528201,0.0,0.0,0.009786163678622966
4185bbd0fc346315b8e7e7bdee7ad25010b776c8,1.0,0.0015503355271231213,0.0014989483564493763,0.0016183974057607546,6.201342108492486,5.995793425797505,6.4735896230430185,5.800113420076939,6.201342108492486,1.0691760073219783,0.04116064333697198,0.024841058071783658,0.05701871986081773
41859828ea0cb2a7e7177f8cbd70738473656acc,1.0,0.0005748758581900122,0.000547048727020752,0.0006026317310037439,2.2995034327600488,2.188194908083008,2.4105269240149756,1.8024954207137869,2.2995034327600488,1.275733300808857,0.26929949372952594,0.18997672673420143,0.348249566285557
4186ac9d8e189a19cbaf0de2db1b48129397e3e3,1.0,0.0031045684776671413,0.0030127065691282037,0.0032322633369075253,12.418273910668566,12.050826276512815,12.9290533476301,12.418273910668566,12.164426058582041,0.9795585236794911,0.06991709092901849,0.047635285707904394,0.096902837130671
418c798bc08de0e866845d7c16218e8fc94ba987,1.0,0.003687302146017305,0.0035577341149876517,0.003925867700248062,14.749208584069219,14.230936459950607,15.70347080099225,9.710306815443733,14.749208584069219,1.5189230231748576,0.09275609218319802,0.06508418113391717,0.11448508416547018
41a67df6c948f6cf284f847b31349c9c6e420ac5,1.0,0.0026729602944355916,0.002573992677119212,0.002780584073023795,10.691841177742367,10.295970708476847,11.122336292095179,9.426848602931289,10.691841177742367,1.1341903989438982,0.0625692100410698,0.047183696188722736,0.08383556014946958
41a78154d55ac802277b4a8e882586b563b1a1f3,1.0,0.0022737826306743546,0.002193707996152727,0.002437828584937949,9.095130522697419,8.774831984610909,9.751314339751797,6.537886480708674,9.095130522697419,1.391142313274236,0.025083965521290826,0.01662142068938138,0.0326493304103842
41ac6091a9b42aa893d7485ace92f4d23ce23a8f,1.0,0.001730545147054676,0.0016366434151852329,0.0018347712589978267,6.922180588218704,6.546573660740932,7.339085035991307,4.789200943916827,6.922180588218704,1.4453727603581046,0.12926871809320636,0.08834437993140144,0.15896867999092157
41b0b8ee6769cc6b9cac3c1786815250de84cd7d,1.0,0.0022153435955284432,0.002134922801914666,0.002294064337073781,8.861374382113773,8.539691207658665,9.176257348295124,6.513472141673602,8.861374382113773,1.360468608657761,0.09290327880992719,0.03614542207045927,0.15066198669899442
41b6921754597f67719a74e4bb9e2699c488b5ad,1.0,0.0032217022842871597,0.003076468616160945,0.0034261642005826865,12.886809137148639,12.30587446464378,13.704656802330746,11.623474483498823,12.886809137148639,1.1086882115535504,0.05644783945158492,0.0,0.10843826225034506
41ba6b245d3e02a39aad70303ff233153fc122d0,1.0,0.0014622232722320291,0.00142124734603834,0.0014936125484730472,5.848893088928117,5.68498938415336,5.974450193892189,5.5993013267933875,5.848893088928117,1.0445755189027603,0.0673436605327491,0.04794704984368742,0.09040975532788158
41bb7eff5c01cc1ae0d1094bafa78f195137cc64,1.0,0.0005348366219469252,0.0004862767923139648,0.0005867665866032994,2.1393464877877006,1.9451071692558592,2.3470663464131976,2.1393464877877006,1.6166191133672019,0.7556602554076917,0.6010401650345477,0.4302334766047406,0.7153450447583246
41bff9944ed327bb7ae4cb9adda26b8b5c05c99c,1.0,0.0006401211392063722,0.0006209153103447457,0.0006644461170472155,2.560484556825489,2.4836612413789827,2.6577844681888623,2.173846066496676,2.560484556825489,1.1778591852880878,0.2049381428855358,0.13547932763436465,0.23415099362909078
41c950b1f407d8115a85ca915d753cc96113f6bc,1.0,0.0024465494896934894,0.002293429080922272,0.0027029502386314557,9.786197958773958,9.173716323689089,10.811800954525824,9.786197958773958,9.010943873181075,0.920780870276815,0.11783022507353771,0.058285679641390566,0.16942716232525437
41cc73e57150cb6dc109b50ae360f3ff6328533b,1.0,0.000686628855229633,0.0006168650677512053,0.0007647144956128005,2.746515420918532,2.4674602710048212,3.058857982451202,2.746515420918532,2.4768011407521833,0.901797645805263,0.47885973553212924,0.439160519320821,0.5224765734339913
41d674f16634221fa6ccfbdc06293f143ce60c98,1.0,0.0009098379080973023,0.0008913885183979937,0.000953045095331607,3.639351632389209,3.565554073591975,3.812180381326428,3.1152730325775218,3.639351632389209,1.1682287858339253,0.2384636175951325,0.17866091167330772,0.2738978863070774
41e37141a0b1b8a4e04c39e7f5fc43c80c35241c,0.0,0.018145354065069997,0.014789962160524391,0.03393168659872691,72.58141626028,59.159848642097565,135.72674639490765,0.0,72.58141626028,,0.1300517555944452,0.0,0.743266774608223
41e4c6693642539214ff643c0797d1912139f5be,1.0,0.0010232289255651366,0.0009634814923181793,0.001069540210603947,4.092915702260546,3.853925969272717,4.2781608424157875,3.4520029565670303,4.092915702260546,1.1856640199204507,0.0781263467437321,0.05512175901497207,0.10239224071288257
41f1e679acd0880600ae6dd4cee9b2a80aecbd34,1.0,0.0007483117959458305,0.0007326522049694648,0.0007743821802412542,2.993247183783322,2.9306088198778593,3.0975287209650166,2.646157447769341,2.993247183783322,1.1311674542671568,0.16904914237656748,0.11836691467955351,0.21391797295290832
41fa0c3b2c73d6c2b8bd41515f028629ea214af5,1.0,0.001508520038963042,0.0014310325030413196,0.0015794402922332518,6.034080155852168,5.724130012165278,6.317761168933007,5.104434579243027,6.034080155852168,1.1821250840180235,0.08775629824371692,0.06067624058018831,0.11797443407518976
41fe9c5138a12328efa63005ebb16d3af7da5304,1.0,0.00269937601632355,0.0026292810857905516,0.0027850795054449036,10.7975040652942,10.517124343162207,11.140318021779615,8.263578092531693,10.7975040652942,1.3066378685345241,0.026190281586534796,0.0066869967828311686,0.059808026400784024
42092e66737c3168931275b63ddb918340f74bb9,1.0,0.000519801937484721,0.000498945448356,0.0005401530104494357,2.079207749938884,1.9957817934239999,2.160612041797743,1.7019924863815346,2.079207749938884,1.2216315680448835,0.3558639804084396,0.3041822583450729,0.42543588980042646
420d229e91b847e642b8e0db8e145f4469ff17f8,1.0,0.001626633828505116,0.0014994984470075806,0.0017139288926054782,6.506535314020464,5.997993788030323,6.855715570421913,6.506535314020464,4.683456955402539,0.7198081205077754,0.2143477287130883,0.14806391687972326,0.26532817599059494
42163e06cac1f01f66b004fa5e6decce4c1286a9,1.0,0.0006667223656908847,0.0005976906069508736,0.0007309827420562506,2.666889462763539,2.3907624278034945,2.9239309682250023,2.666889462763539,1.8072543575560005,0.6776637662677066,0.3254354261180201,0.2630134639244515,0.4103177931748711
421f6e603a97c1e49e5894e79762fd6dd0e0702d,1.0,0.0007400107074345448,0.0007043569840206175,0.000781210536223691,2.960042829738179,2.81742793608247,3.124842144894764,1.9474131773479166,2.960042829738179,1.5199870598438239,0.40102383192995755,0.3434412663089637,0.4354475821821937
42282a7bf3785a19c011c157ba0479b0657a1438,1.0,0.0034867651051969806,0.0033217407930437636,0.0036503598971469237,13.947060420787922,13.286963172175055,14.601439588587695,13.947060420787922,11.73226170205263,0.8411996039370302,0.1008829015042026,0.05350589591892268,0.14383548922291745
422a684365837db00278cad92fac21a78d63ab99,1.0,0.0015296873409848214,0.0013514449282677283,0.0016980691722774026,6.118749363939285,5.405779713070913,6.7922766891096105,6.118749363939285,4.2650723453413875,0.6970496896763737,0.02633350882540397,0.0,0.16626279325768847
422a9ea81283351697b71bd6ad407d559529701e,1.0,0.0014237471146589097,0.0013665152064827916,0.0014787367001306468,5.694988458635639,5.466060825931167,5.914946800522587,4.763507550041642,5.694988458635639,1.1955451731331577,0.10100977004646723,0.01723173841848306,0.14798478517247007
422eab5363259ef02d15a32b2981a480f16d1874,1.0,0.0007565292795228662,0.0007441124073134397,0.0007968571243134203,3.0261171180914648,2.976449629253759,3.1874284972536815,1.7245612667032533,3.0261171180914648,1.7547170845813571,0.13126821490649143,0.08863873673289757,0.17169776560891267
42375fbef10b88da78d30e800cb17038ba8e5bea,0.0,8.654749419050752e-05,1.356768657440615e-05,0.00013505215627733862,0.3461899767620301,0.0542707462976246,0.5402086251093545,0.3461899767620301,0.0,0.0,1.0,1.0,1.0
423410855499cfe787223f635b80486ac71964e9,1.0,0.0017900148697256395,0.0017349909191676088,0.0018543987839777021,7.160059478902558,6.939963676670436,7.417595135910808,4.488561175827857,7.160059478902558,1.5951792118733856,0.10205945435162538,0.02356367220950457,0.17383913777739515
42466f2a1516cf8d4425852fc32e25da4bd1143f,1.0,0.0011581923907383893,0.0011163004113125799,0.001189452564725012,4.632769562953557,4.465201645250319,4.757810258900047,4.215162076569364,4.632769562953557,1.0990726996490907,0.0909514158429093,0.07146744800035104,0.1139321007998141
42520691c0b2f4f5da57a4c5067b2a8f7f9e560e,1.0,0.0017104845969682949,0.0016523415736481469,0.0018439330600350983,6.84193838787318,6.609366294592587,7.375732240140393,6.1470797849993035,6.84193838787318,1.1130388130913051,0.20762873792294187,0.10276950394228507,0.2736450596691831
42555ac0f701852e288f8f957d18887be2143831,1.0,0.0007119593487018652,0.0006191162009080466,0.0008201457169860458,2.8478373948074607,2.476464803632186,3.2805828679441835,2.8478373948074607,2.4513125186717546,0.8607628101033084,0.351636046158518,0.2545006341407757,0.414766962521506
4252e4d41b551accd0ad9a8a967b6ec2dd5a6dd8,1.0,0.002428089545083236,0.0023304315605933213,0.002537230554894229,9.712358180332943,9.321726242373286,10.148922219576916,8.073578587290855,9.712358180332943,1.2029805711709796,0.023908475827285024,0.01660238241889398,0.03269573772988281
425a0542c036832a00305c611c8d8206ce6f5c61,1.0,0.0006678679406000208,0.0005907662447412096,0.0007352286364011564,2.671471762400083,2.363064978964838,2.9409145456046253,2.671471762400083,2.3428723719873084,0.8769968692771969,0.31959798141131307,0.24404224452359216,0.3798844227799717
425ad825192159704178797f460779a7a9ee677e,1.0,0.005560399209080084,0.0054005923720836105,0.005857604788491744,22.241596836320333,21.602369488334443,23.430419153966977,21.977916319014344,22.241596836320333,1.011997521215324,0.06098547950486753,0.02677157619702932,0.09416437671306453
425f8c2a04e966c76a3f6db532bc7a7936ffa1f7,1.0,0.0006449211159175348,0.000610897617967684,0.0006818169717119209,2.579684463670139,2.4435904718707357,2.7272678868476836,1.8691129298290967,2.579684463670139,1.380165116029674,0.18699892704899804,0.14551821232756426,0.23140574740224124
4264aa4129cb4fa337bdd45d8031394c28c9489f,1.0,0.0005487330744569556,0.0005235467133819951,0.0005907061736915974,2.1949322978278225,2.0941868535279804,2.3628246947663896,1.8968002153846464,2.1949322978278225,1.1571763225378582,0.22612483374294437,0.1661354004470302,0.28650872754387463
4265c10a7e0a048d50d5b6c2f5614a4a237d0bf8,1.0,0.001069019684719112,0.0010001717836774613,0.0011515621601340662,4.276078738876448,4.000687134709845,4.606248640536265,4.276078738876448,3.977329671853152,0.9301348068483432,0.07806581288608848,0.03176991422621023,0.13035800117788685
4268836a555c84b553e60a03fe80d7f3d535f7ba,1.0,0.001356889560903106,0.0013145597773661017,0.0015096640862118172,5.427558243612425,5.258239109464407,6.0386563448472685,4.721800425330181,5.427558243612425,1.149467947543101,0.0685415471524845,0.0,0.1932856332662757
426fc15a5944a138117cc58fbea884bcd8ce70f7,0.9871258242107552,0.0017345265873958467,0.001649299151663833,0.0018900342963896549,6.938106349583387,6.5971966066553325,7.560137185558619,0.0,6.938106349583387,,0.3602786703233482,0.2863529157139886,0.420815804058041
426e9d215629d8b085d128cff275fe78cb81dd69,1.0,0.0045447868033810955,0.004365310837122546,0.0047767470190572345,18.17914721352438,17.461243348490182,19.106988076228937,16.77957105270472,18.17914721352438,1.0834095315323367,0.06773668321200557,2.8558095819515337e-05,0.13014113247196193
42741da1d40e295e0fc782551fd6739481f21be0,1.0,0.0009173362996231856,0.0008785861023228529,0.0009689239563206626,3.669345198492742,3.5143444092914113,3.8756958252826506,2.4632354474209017,3.669345198492742,1.4896445251852322,0.1927252932152225,0.1572281527287762,0.22396172635871883
4275925cc5f5f82736452465304a54943f320618,1.0,0.0012390673233286223,0.0011767628581898254,0.0013168612064904423,4.956269293314489,4.707051432759302,5.267444825961769,4.170320322646652,4.956269293314489,1.1884624944515156,0.11652190647901019,0.08906216033086321,0.1414562555061842
42875e8aa408694b780ea70a11c7d9b1883f51e9,1.0,0.002391842470946434,0.0022922287976790334,0.0025338028516003128,9.567369883785737,9.168915190716133,10.13521140640125,6.6234049588824675,9.567369883785737,1.444479077329433,0.02970667630258294,0.0,0.09890353417952348
428657d25009500493ceca60b78a7fbce1fa82c0,1.0,0.008470933513940626,0.008201742691948921,0.008849017659224249,33.8837340557625,32.80697076779568,35.396070636896994,32.621047305849224,33.8837340557625,1.0387077317927456,0.049389790250507146,0.028047793054296367,0.07851048291963154
428974930771b0cb04d972c84b86289d89c5bce9,1.0,0.0017901076926475673,0.0017279432420848205,0.00212375802295642,7.16043077059027,6.911772968339282,8.49503209182568,7.16043077059027,7.059275587430872,0.985873031050748,0.20630902607998158,0.018708503937341584,0.3131113260213312
429f40375861e210a18de8f33557352a55cd1b4f,1.0,0.001177840147332675,0.0011265335122681392,0.001249574342717481,4.7113605893307,4.506134049072557,4.998297370869924,2.957573600661232,4.7113605893307,1.5929816888673098,0.040152697424133486,0.015193652959686315,0.07696769481354661
42a4fa77005e557795de249c787410421a43d1f9,1.0,0.0012295620062530456,0.0011887541938777895,0.001501560148337981,4.918248025012183,4.755016775511158,6.006240593351924,4.6601278141501625,4.918248025012183,1.0553890839813997,0.04166808037077504,0.0,0.24099981594984188
42a8daa089fc8d1a7d49ae38eb1a64703aef8ffb,1.0,0.0011813977270086224,0.0011389470933588566,0.0012081212949884724,4.72559090803449,4.555788373435426,4.832485179953889,3.654966449387766,4.72559090803449,1.2929231973732787,0.06430727167684552,0.038514953814424435,0.08401078565424162
42bf8ed4fd5b53701e7cc2a537b6176c67aadd48,1.0,0.001982678100284807,0.0018206255818251432,0.0022399447498834923,7.930712401139227,7.2825023273005725,8.959778999533969,7.930712401139227,7.455122796231141,0.940031918842528,0.03559260573172735,0.0,0.13687017496396878
42cbd347178ca76e90fc62f84478ad6e74df99f1,1.0,0.0014038686793605257,0.0013251695651630652,0.0014909385210778836,5.615474717442103,5.300678260652261,5.963754084311534,5.615474717442103,5.23109380715146,0.9315497033408902,0.08952044056759262,0.02924813476935263,0.13538979832690384
42d3213f52684c61c44ca736993e39e544f5b858,1.0,0.0006801719236879581,0.0005887305776179098,0.000750617990222202,2.7206876947518324,2.3549223104716392,3.002471960888808,2.7206876947518324,1.777463946316668,0.6533142152792364,0.24131381539819285,0.08361131478812182,0.3711442555382294
42de438d95ce5b3f2dc9e30552591b37227e478f,1.0,0.0011054752315068945,0.0009571008383784587,0.001248163211835426,4.421900926027578,3.828403353513835,4.992652847341704,4.421900926027578,3.486419298480857,0.7884435578281686,0.22503061766703322,0.11871613636950169,0.2846892411365481
4301b913665dafaf7c9481231e3846719dd94f64,1.0,0.0006090157369416763,0.0005884639709723588,0.0006626309443402584,2.4360629477667053,2.3538558838894352,2.650523777361034,2.4055538067588893,2.4360629477667053,1.0126827930109459,0.21384335467481408,0.14675275929659315,0.27927412722809614
42ec43569c31f12df16b59ea77d527c8a44133dd,1.0,0.0021974550259982618,0.0021312264050934357,0.0022910545985086583,8.789820103993048,8.524905620373742,9.164218394034632,8.32152147289308,8.789820103993048,1.0562756020789499,0.13499277093030324,0.1002470265759175,0.16913549132934746
43126bcef752522a51af56f17e91df2c693e2cb7,1.0,0.0005208821793335379,0.0004816566900537112,0.0005510833161113332,2.0835287173341515,1.9266267602148448,2.204333264445333,1.7785508741837475,2.0835287173341515,1.1714754677964279,0.4319004260295714,0.33904184009184213,0.5188879226401698
4315349a7b34cbc20bfb60f362e7bcf1dffec19e,1.0,0.0024614820404162832,0.0023850234535015484,0.0025641675334322823,9.845928161665134,9.540093814006193,10.256670133729129,8.608243800879801,9.845928161665134,1.1437789622848316,0.041098163416012336,0.028516888311584495,0.05868409856552332
431d48f98ffe56ec14c255d80e40ca50f98b030e,1.0,0.001991535861062684,0.0018941018013854186,0.0020959289387837325,7.9661434442507355,7.576407205541674,8.383715755134931,7.9661434442507355,7.178034511840854,0.9010676950615709,0.09133029457073802,0.06283219486269377,0.12117013297591141
4325013dedf9b3c87a59edc52af47da1da39ddb4,1.0,0.0020957431587943767,0.001958141457282661,0.0021783302530554403,8.382972635177508,7.832565829130644,8.713321012221762,6.143325290241578,8.382972635177508,1.36456597023985,0.1381984182474354,0.03699850593567389,0.18506189917653182
4327da72db40b21cc67307a63c6814f7e1a01bd6,1.0,0.0006107770686652661,0.0005762539697625296,0.0006362692443462475,2.4431082746610646,2.3050158790501185,2.54507697738499,1.5822604519966086,2.4431082746610646,1.544062023150599,0.2170105319113592,0.17421041788496464,0.2624128600913666
432c3f1938b75baf56c79053fc4a8ef95e04b84d,1.0,0.0005191197848374545,0.0005092968604365351,0.0005745834742940203,2.0764791393498183,2.0371874417461404,2.2983338971760814,2.0764791393498183,2.0666837569264853,0.9952826964462547,0.33723530302625365,0.28245099960489617,0.3907630350421419
432e131818e8492fd330a7921f98f5c273b32697,1.0,0.0015260475880615404,0.0014616335511119574,0.0016133690537141318,6.104190352246162,5.8465342044478295,6.4534762148565274,4.957531150930911,6.104190352246162,1.2312964188031243,0.06441463509467708,0.04018868017503785,0.08838973604691765
4331a8dc2455cd36d82dbb96cdefead02eadc89b,1.0,0.0016325824587302444,0.0015233374493058614,0.001811840948805356,6.530329834920978,6.093349797223445,7.247363795221424,3.1412333527826393,6.530329834920978,2.07890630892994,0.06616294796333938,0.042607946479203865,0.08673957435667458
433464e481087657ab565992324b2e1a38cf0cb9,1.0,0.0011154915695643524,0.0010635032354916732,0.0012330297624450967,4.461966278257409,4.2540129419666926,4.932119049780387,4.461966278257409,4.374106051595044,0.9803090787372157,0.23836487180972282,0.19524659160828622,0.2779406876218054
433ae812a9190ca452e4bc3279d7ad1cf4cad7fc,1.0,0.0005084967461960665,0.0004904042228411807,0.0005328063287178271,2.033986984784266,1.9616168913647227,2.1312253148713083,1.8661532803354668,2.033986984784266,1.0899356479541857,0.06444403745441644,0.036294848012837805,0.09843074633016884
433f374d8f244c07b02e6c361c9072e2bcc3e9eb,1.0,0.001786706409913425,0.0017096255805648512,0.001861101239565487,7.1468256396536995,6.838502322259405,7.4444049582619485,5.438685121725135,7.1468256396536995,1.3140723317673422,0.09492024884232192,0.06752860520916616,0.12816717586551507
4343c51afbedc19e2d3b0bf2d1360d67b192d28d,1.0,0.0019194350781464203,0.001872821220258864,0.001984140099016443,7.677740312585681,7.491284881035456,7.936560396065772,5.641982150938593,7.677740312585681,1.3608232190717622,0.0040158253000546155,0.0,0.012302109117532543
434415aabf38760180653cef899b8cbe3d6bc116,1.0,0.001490997446125266,0.0014345990952603336,0.001553156963010027,5.963989784501064,5.738396381041334,6.212627852040108,5.540318221320635,5.963989784501064,1.0764706188807038,0.08941102511457621,0.04816370159552249,0.13816499381009087
435760af1f39252945b73a07da613ee3f63d391c,1.0,0.0007703083646211627,0.0007508186159642654,0.0008104106976870438,3.081233458484651,3.0032744638570614,3.241642790748175,2.9839254448897052,3.081233458484651,1.0326107389048866,0.08561536472008216,0.0369008854078736,0.11818592296429484
435db04a8b510bb97aa38aca31baaaf3940d162b,1.0,0.0013027388943137657,0.0012187820514806286,0.001351252487915466,5.210955577255063,4.875128205922515,5.405009951661864,3.89382808934724,5.210955577255063,1.3382603077704505,0.2735955946583244,0.23041968608877253,0.32896616102513637
4c2ddcf55e6aee238d561a862d63644e335aa115,1.0,0.0015410553273222003,0.0014948007143902463,0.0015950089705204114,6.164221309288801,5.979202857560985,6.380035882081645,4.471844888369741,6.164221309288801,1.3784515033874607,0.0,0.0,0.0
4c3603e8466f160b1ffefc054a53b368cd94f9cd,1.0,0.0038317170347275157,0.0036797880459814095,0.004019009075906085,15.326868138910063,14.719152183925639,16.07603630362434,13.310080675166704,15.326868138910063,1.1515233087584646,0.05952239112472405,0.03463051781901538,0.0747734792894749
4c4177e763e9fb69408e1ca1f125b13a777538be,1.0,0.0009564020360322201,0.0008913977695566743,0.0010093712224045527,3.8256081441288807,3.565591078226697,4.037484889618211,3.509692315801417,3.8256081441288807,1.0900123999203977,0.3942860920966376,0.318875215127234,0.46506085064932917
4c44885c23413eccec7277e11a29ad757f819b7f,1.0,0.0023163628094914172,0.0022279794214803417,0.0024740545497370027,9.265451237965669,8.911917685921367,9.896218198948011,9.036610171921927,9.265451237965669,1.0253237731505542,0.29814806009742895,0.21300055575294904,0.3529098706866229
4c4b48eb052465869d584dc4843a21f512ac2ee6,1.0,0.0012160486360187361,0.0011591923259110042,0.0012939793354770296,4.864194544074945,4.636769303644017,5.175917341908119,2.834868906536598,4.864194544074945,1.7158446137876633,0.07009244107845067,0.0,0.15305006763121026
4c5086d8a51c90475a9e6b57519acac35f36869b,1.0,0.0013117903940203523,0.0012357914418567508,0.001389886954695708,5.247161576081409,4.943165767427003,5.559547818782832,1.384073160188339,5.247161576081409,3.7911013138694183,0.0,0.0,0.046456961780273955
4c52d3fb7e74d856cb38bbca7687115c8be82d67,1.0,0.001628481328139726,0.0013782346322905206,0.001864345151900716,6.5139253125589045,5.512938529162082,7.457380607602865,6.5139253125589045,5.3993304304675105,0.8288904418442677,0.15540514395759103,0.024463167341508055,0.26699928904189846
4c5e9438fee53e324c1dcd3fcfb4bb1273d21782,1.0,0.0005576335756345892,0.0005281015998683875,0.0006046803615613057,2.230534302538357,2.11240639947355,2.4187214462452227,2.230534302538357,2.1547131887728517,0.9660076450385808,0.4658014381669297,0.39366957276943265,0.523137059295633
4c6b5cca68dda57e501a48d777c0f8f86535b15c,1.0,0.00244034844725854,0.002330456969002221,0.002556491083922986,9.761393789034159,9.321827876008884,10.225964335691943,4.897328063187872,9.761393789034159,1.9932080642929335,0.1066582518144525,0.06819227516005326,0.1316267519337233
4c70da1191e53962a68a4c580b1562eee2ff52f0,1.0,0.0021070578184587854,0.001970166037221522,0.0022193175543114437,8.428231273835141,7.880664148886089,8.877270217245774,8.428231273835141,7.7794062025178485,0.923017647447392,0.08093353560501969,0.05143536897596927,0.11865042961347037
4c714ee4867bd1f42c520a5d5743cbc95f96514c,1.0,0.004255295185869788,0.004097586796584264,0.004496214313558083,17.021180743479153,16.390347186337056,17.984857254232335,13.171817904789302,17.021180743479153,1.2922423363665099,0.01638489297088092,0.011059500900300941,0.021098444884223674
4c73a8f0045207e8621c6ed2219431bd67b27a71,1.0,0.0021796975243461194,0.002127373803623498,0.0022651127002209673,8.718790097384478,8.509495214493993,9.060450800883869,6.465526077789097,8.718790097384478,1.3485043587305259,0.023520174590733692,0.0,0.1133338655354518
4c742baca47fd6ef73b8eddfb99baaa27d2c5188,1.0,0.0017521767281892045,0.0017162958535591607,0.0018485177875413566,7.008706912756818,6.865183414236642,7.394071150165426,6.8076604419107225,7.008706912756818,1.0295323881914515,0.03668746711409114,0.0,0.09133251667647464
4c76bd62932d52dba0f0fb112ff85847c5f82361,1.0,0.0009792411667284406,0.0009446121813852743,0.0010206319765069252,3.916964666913762,3.778448725541097,4.082527906027701,3.767203447510895,3.916964666913762,1.0397539505071909,0.15951076470218706,0.1324668986612562,0.18216274680960848
4c7927f94a1c31b3280eb7ecce3bdaf8882df732,1.0,0.0022626349921173717,0.0021613332697054486,0.0023779289882273347,9.050539968469486,8.645333078821794,9.511715952909338,7.1139810094082545,9.050539968469486,1.272218741728454,0.10413085396291992,0.011985631946517772,0.17432285937800143
4c79d6d35144ef5b9ad1367810e643e445c28cd6,1.0,0.002427893101759256,0.0023418576559326703,0.0025172614864937587,9.711572407037023,9.367430623730682,10.069045945975034,7.386555305596498,9.711572407037023,1.3147633782257004,0.12535905600680575,0.08887157112254411,0.15561673170337975
4c7a5b97aadaac07c79b2e4975706771d5c2eb45,1.0,0.0013477255909475762,0.0012631674653670202,0.001522017775105338,5.390902363790305,5.052669861468081,6.088071100421352,5.390902363790305,5.1650867192173795,0.9581117168640101,0.4209152843953759,0.3739791909215593,0.47035634060076814
4c7b2b7e005b717332cbcab4eeb9acbc4a6b3d17,1.0,0.0024060655548373893,0.002299852137487376,0.002537801159344933,9.624262219349557,9.199408549949503,10.151204637379733,6.253557207806974,9.624262219349557,1.5390060248164958,0.07953591021355363,0.05205782310936452,0.09957819701262552
4c818828da81fcc6457d986de674f30ddc6da489,1.0,0.001381284303808657,0.0013010345689191424,0.001425654437489139,5.525137215234628,5.20413827567657,5.7026177499565565,4.632766882714796,5.525137215234628,1.1926214625323226,0.14894939734144697,0.12953134521876536,0.17826308923586454
4c8406a26a9ff108408f198c4f52450a8d8f7460,1.0,0.0011128782369072482,0.0010766412572609607,0.0011483071703587903,4.451512947628993,4.306565029043843,4.5932286814351615,1.5013278029294526,4.451512947628993,2.9650506298111696,0.09038166153477539,0.0022414347632735646,0.19756284109540054
4c8e05f003955da7ff91788efd27657dc391b45d,1.0,0.003167228849424741,0.003055829559626413,0.0032592411442691547,12.668915397698964,12.223318238505652,13.036964577076619,9.32099918425243,12.668915397698964,1.3591799706519387,0.048244955259729654,0.02807773289411347,0.06586744654087266
4c902ed876efecb9d950435efed58ec9040cdcc2,1.0,0.001225083067058216,0.0011748799647109598,0.0012808463199642404,4.900332268232864,4.699519858843839,5.1233852798569615,3.902062593320639,4.900332268232864,1.2558312817997883,0.1315271278896884,0.0875984686585799,0.1607458103318992
4ca7af2ea8f285629872dbd54bf8e700012e7811,1.0,0.0023394566080333157,0.002177876467637419,0.0024800067752343944,9.357826432133264,8.711505870549676,9.920027100937578,6.3059036003717255,9.357826432133264,1.4839786690652281,0.04651166879504991,0.007798126563515023,0.0780096091572788
4cb949daa9f26d2a0f9600bb91432102d8c0287b,1.0,0.0008054080087455068,0.0007719216415936215,0.0009090887526093015,3.221632034982027,3.087686566374486,3.636355010437206,3.1441804152058044,3.221632034982027,1.0246333255565276,0.35410163140310164,0.2786883552543535,0.3917332282645707
4cac54acd0e3fa792a6988e9e1c18cb10d5e8d28,1.0,0.0016416337184860708,0.001585034872277127,0.001734161030229589,6.566534873944283,6.340139489108508,6.936644120918356,6.387317038601387,6.566534873944283,1.028058390441527,0.11217050116181311,0.08216560253047774,0.13278618966719408
4cd0330c1cfc8d700cc66ac8358e61f39d9da99c,0.640384184368937,0.0033496610262307627,0.0032111599196107837,0.00360931793156946,13.39864410492305,12.844639678443135,14.43727172627784,0.0,13.39864410492305,,0.01650146708324829,0.0,0.03439278611139427
4cc2c37699db2aad2f4cf6d8a4794b0eb0d673c4,1.0,0.00260162835952851,0.0024599849487870738,0.0027259270515338613,10.406513438114041,9.839939795148295,10.903708206135445,9.246224035733643,10.406513438114041,1.125487917867473,0.06138912730356659,0.0453532416067619,0.0845396513295343
4cef89a3bae91f91d408c7408a59e137871934f8,1.0,0.0013380505947945386,0.00129016005136482,0.0014236578413799068,5.352202379178155,5.16064020545928,5.694631365519627,5.352202379178155,5.211361583792574,0.9736854503234972,0.07799595231719902,0.03316276992289277,0.10562688857170306
4cfff83b3eca4c1d827575b9015ded24671d4013,1.0,0.00047814312689625955,0.00040418581808446084,0.000565061326125887,1.9125725075850382,1.6167432723378434,2.260245304503548,1.9125725075850382,1.6302929512600743,0.8524084419254819,0.5539425901294902,0.4666387439627489,0.6418283570815791
4d0308a61c53a79e6bce888d3ad7ba551250206f,1.0,0.0030709026689781124,0.00296288641760779,0.0031932121616307426,12.283610675912449,11.85154567043116,12.77284864652297,10.494691411120154,12.283610675912449,1.1704594441811562,0.07165541144966889,0.005258947033811606,0.12185318671965932
4d042e0ad04545a390c8e7af5a4073ec6569ae78,1.0,0.002801744834478728,0.002683204203609148,0.0029011772856033704,11.206979337914913,10.732816814436593,11.604709142413482,8.316290869785824,11.206979337914913,1.3475934780770282,0.008237147714952401,0.004122553553801128,0.016216124452063684
4d073214ac0948b6cb2514c466cea6db0bf13974,1.0,0.0015211608199393917,0.0014843792302407044,0.0016105739033363917,6.084643279757567,5.937516920962818,6.442295613345567,6.08257360055459,6.084643279757567,1.0003402637335599,0.16367542407017857,0.12997152349966654,0.20483361285768129
4d07a96be827737c32e790b58cf386057137a372,1.0,0.0017144107558254148,0.00162372014081867,0.0018192721614755118,6.85764302330166,6.49488056327468,7.277088645902047,6.335524557342892,6.85764302330166,1.0824112449147767,0.18250742073603196,0.1393528031401246,0.22564089227049725
4d0add94d5bb43ebf104f2589a800bc0ba16d28b,1.0,0.0015633915996301833,0.001509239256972261,0.0016518591749107585,6.253566398520733,6.036957027889044,6.607436699643034,4.481666344401133,6.253566398520733,1.395366347682978,0.18400516304215256,0.1532895845913582,0.2151946515335712
4d0c4cbdb7fde6d787849ecbe2bc6efd2885feb4,1.0,0.0014463153938124047,0.0013853425495674644,0.0015177471293542008,5.785261575249619,5.541370198269857,6.0709885174168035,5.317754705259067,5.785261575249619,1.0879143352603693,0.3204308107765987,0.24158365213548896,0.37866058444263073
4d0cbda2e7b954a141ac151090283f7d7917f4ea,1.0,0.0012149394819717838,0.0011476215291191642,0.0012849135718861315,4.859757927887135,4.590486116476657,5.139654287544526,2.6476454194202477,4.859757927887135,1.835501798028254,0.036449254035453134,0.026393449725909762,0.049615550114923225
4d11461e4e2f87f2a54a89c28d8eba970078930d,1.0,0.0011175249083567426,0.0010709436525147033,0.0011744396961741678,4.470099633426971,4.283774610058813,4.6977587846966715,3.525102768665053,4.470099633426971,1.2680764013923445,0.010931854609505177,0.006706585517940317,0.01427078769952199
4d159da0879b5f3dab031e30af3e5cefb27e3a5e,1.0,0.0025555793961961754,0.0024884491732862146,0.002644757585602555,10.222317584784701,9.953796693144858,10.579030342410219,8.30567354364742,10.222317584784701,1.2307632284203156,0.07876786179883434,0.05935603581221547,0.09521114627029802
4d17a6d308704b1e301c6465c918704cfc158491,1.0,0.002372918851404887,0.0022691621780039544,0.0024530233327247583,9.491675405619548,9.076648712015817,9.812093330899033,8.221949033821845,9.491675405619548,1.154431311429267,0.03999622578210183,0.01850438739084727,0.05261572179687801
4d17ae65a18207fb80ec2fa8027015cfe3377e1a,1.0,0.001840171307658802,0.001789699784936668,0.0019029216069511277,7.360685230635208,7.158799139746672,7.611686427804511,4.7782921397954174,7.360685230635208,1.540442696948696,0.03885500500184752,0.024067896294997986,0.05837880969251483
4d21e6ddf6a0999be75b997da3b2819b4764d491,1.0,0.0017365700689713224,0.001672156808246028,0.0020571282396694445,6.9462802758852895,6.688627232984112,8.228512958677777,6.873963867010365,6.9462802758852895,1.0105203359042934,0.13791959834890372,0.006883180002436722,0.2564963016903171
4d2255d489290a30198e1dce9cec9cad1eb73666,1.0,0.00226897564682185,0.002193425234023499,0.0023691516082153126,9.0759025872874,8.773700936093997,9.476606432861251,5.075948661119915,9.0759025872874,1.7880209578961677,0.09261836966108103,0.06451316860297346,0.11217476323980742
4d2592b0720f996b10f15c04429877034ba3ccc9,1.0,0.0017284485675528346,0.0016182349946745095,0.0018215736069378582,6.913794270211339,6.472939978698038,7.286294427751433,6.913794270211339,5.998307774834509,0.8675855167803763,0.15567688961532022,0.1222599595920709,0.18432119729750585
4d2edcf3d88422dce66c2e7fd02ac3340c0ccbd1,1.0,0.0017643479867011451,0.0016978044560484952,0.0018335981076378141,7.0573919468045805,6.791217824193981,7.334392430551256,6.818032913141094,7.0573919468045805,1.0351067583147253,0.0839129003280261,0.04774006027805656,0.10728779875911855
4d3310bfef1c1d44b892ee31b7b930fe97167c23,1.0,0.0009504175233230863,0.0009139402889050546,0.0009864513137753837,3.801670093292345,3.6557611556202185,3.9458052551015346,3.146524528389382,3.801670093292345,1.2082124448711398,0.17224923345895546,0.015622624282592344,0.25131550450866147
4d35b9da982018c85e7b3bfcad94570d4b167947,1.0,0.0013500972271855193,0.0012856514173143637,0.001433679661366131,5.4003889087420776,5.142605669257454,5.734718645464524,4.30449351522462,5.4003889087420776,1.2545933428965268,0.06455385315483218,0.04478762094031205,0.07899372958058529
4d3d00b0137f0b14287c4b90630bc28fc3345fa8,1.0,0.0011343516114823407,0.0011016681439324307,0.0011917391821731156,4.537406445929363,4.406672575729723,4.766956728692462,3.159144543694151,4.537406445929363,1.4362769361048415,0.016348778958199545,0.012272118983533961,0.021337126180550642
4d3e997bd7d9d90b386c993b2d74b6962f3f7456,1.0,0.0006603656359810327,0.0006353140527204111,0.0006842227557883872,2.641462543924131,2.5412562108816448,2.736891023153549,2.398474042460968,2.641462543924131,1.1013096231860167,0.1165331133140816,0.08847508539199461,0.15149730325518515
4d4790c9675ce7f4ea13a092d9f11fca31725628,1.0,0.00067893868949865,0.0006616508020370007,0.0006914239844525669,2.7157547579946,2.6466032081480027,2.7656959378102677,2.4043413454117815,2.7157547579946,1.1295212982869884,0.06353174377718439,0.0028667518526087534,0.10336239240264605
4d4a922f8c387796240959cd20828ad545ab58f6,1.0,0.0011642526135728654,0.0009663044702527848,0.0013865316351338456,4.657010454291462,3.865217881011139,5.546126540535382,4.657010454291462,3.893529967288673,0.8360578112296834,0.04816604043657192,0.0,0.20822486211220992
4d4ea9c65978c0b94a56c6664d4fcfa6955669e7,1.0,0.0023253555782156983,0.002271746493706389,0.0024166602984013828,9.301422312862794,9.086985974825556,9.666641193605532,8.280852409068356,9.301422312862794,1.1232445469836914,0.09197930142302717,0.05568199381552536,0.1303194483088384
4d552965af48164c83e44f577dbfb9f70bc4c5b3,1.0,0.000650538016034769,0.0005845919830368481,0.0007045803474507906,2.602152064139076,2.3383679321473925,2.8183213898031623,2.602152064139076,1.8772196272841026,0.7214104252993309,0.2751389035279238,0.14218638573009357,0.3381424964439416
4d6640aaa9af56a77ffa28f89536e6496880a7b6,1.0,0.0028320989202015186,0.002754390006597294,0.0029494067135067943,11.328395680806075,11.017560026389177,11.797626854027177,10.771496960705813,11.328395680806075,1.0517011444306967,0.021714685184080304,0.0,0.08082848404789751
4d66daa4e904f0c5d42a0237cc320977ec68ef28,1.0,0.0011373429510407648,0.0011020559778598365,0.001179005113247248,4.549371804163059,4.408223911439346,4.716020452988992,2.914683699898542,4.549371804163059,1.5608457975462033,0.0,0.0,0.16792690375620234
4d6f0f2ef5ab6afd496306e0c4a8c4f3c9fc12ff,1.0,0.00022668496213964378,0.00021623686802187917,0.00028575114302577503,0.9067398485585751,0.8649474720875167,1.1430045721031001,0.9067398485585751,0.8957519162359139,0.9878819351105739,0.23981845688350978,0.033106135651712804,0.3419939249265413
4d759f9c199844dfe715633345cf81a281ea521d,1.0,0.0006899740878485648,0.0006660347762448059,0.0007215406240815126,2.759896351394259,2.6641391049792236,2.8861624963260506,2.601643568594605,2.759896351394259,1.060828003001634,0.32125913662568145,0.25061670967764793,0.3771262199189197
4d779610d62c7c94917354e8ca7f852e0615dfe5,1.0,0.0008170229622652994,0.0007984632895592571,0.0008456492190489804,3.2680918490611974,3.1938531582370286,3.3825968761959215,2.8005613308553756,3.2680918490611974,1.1669417173817165,0.35618571328539883,0.18523524236567263,0.4693905222336919
4d7ee6c0a6bb423f346055a72162865d6b3de84f,1.0,0.0014281329455048913,0.0013729656260351112,0.0014845789077963354,5.712531782019565,5.491862504140445,5.938315631185342,4.513891373153156,5.712531782019565,1.2655448059728351,0.10941830823832824,0.08816739333735804,0.13575558667718407
4d7f7a2f4f25c07f0e9339148d89eee0596e8268,1.0,0.002850753801231451,0.0027357443898316965,0.003027823170754162,11.403015204925804,10.942977559326787,12.111292683016648,7.830474192963697,11.403015204925804,1.4562355898155337,0.12604864779626274,0.08547619551116832,0.14815524306246022
4d836566b0cbb3493c836563aa5654f3cc6b1079,1.0,0.0015914478216700332,0.0015421569446744845,0.0017162809690211638,6.365791286680133,6.168627778697938,6.865123876084655,6.267063717805334,6.365791286680133,1.0157534011652545,0.28529454708373087,0.22058394449434052,0.3680411066283549
4d8b097ca5c6096568c8b9005e575e4c24b95bae,1.0,0.0010063822896225875,0.000974200992214861,0.0010652185671727894,4.02552915849035,3.896803968859444,4.260874268691158,3.6639034539206556,4.02552915849035,1.0986995724963025,0.09409312543779055,0.03595735736845404,0.12529586076421068
4d96231da67069c426190819f6e864ab2fb3d993,1.0,0.00286189321049906,0.0028131520979526605,0.003016949488694897,11.447572841996239,11.252608391810641,12.06779795477959,10.98216580774756,11.447572841996239,1.0423784381328818,0.05685184134369859,0.003212802412883737,0.1059915473539582
4d9c2fe110cdca1c981295d9dd2f32f33521615d,1.0,0.0010831578415263384,0.0010449351605186436,0.0014044976539848634,4.332631366105353,4.179740642074575,5.617990615939454,3.936260203296583,4.332631366105353,1.1006973986315267,0.09418704323783002,0.0,0.2730787179567711
4d9c8ea4b4020bcd0837d7bb6b2fb06fa059928e,1.0,0.0011441138384998147,0.0010659822039500453,0.0012321904676405207,4.5764553539992585,4.263928815800181,4.928761870562083,4.5764553539992585,2.906065167826518,0.6350035000968544,0.12513387977641852,0.004691747938160108,0.21321456272553224
4daf2db3296bfdb59875897521959883d18d6396,1.0,0.0007954250898547627,0.0007717406906163244,0.0008273043661934516,3.1817003594190507,3.0869627624652973,3.3092174647738064,2.5255712965960053,3.1817003594190507,1.259794314144837,0.04006220262088803,0.007632408797740126,0.0776108426040984
4db54314d9fb2ecf15dc7b190c9d45697e66d0ce,1.0,0.0007804198156848138,0.0007351969393625323,0.0008044359451283056,3.121679262739255,2.9407877574501295,3.2177437805132225,2.4801607527120186,3.121679262739255,1.258660052307394,0.33089212053415373,0.2641918379426816,0.39752903475097645
4dbb494cd24d9068690f83e5e84ebd80f6843cd6,1.0,0.0014521203520781532,0.0013605046969524487,0.001538271627581612,5.808481408312613,5.442018787809794,6.153086510326448,4.950153774931204,5.808481408312613,1.1733941352949864,0.02739357850775316,0.003369668979244884,0.05831358609604443
4dc2f0917eb200b4dbf3242c0849f6640d6b6825,1.0,0.0021742965314401046,0.00210403571831151,0.002249731775538649,8.69718612576042,8.41614287324604,8.998927102154596,7.497287845208033,8.69718612576042,1.1600443127336124,0.06800910160067422,0.03552278756158557,0.09943159210806948
4dca65191f71511dd3e6647d6a0b0211e39711f1,1.0,0.0008561684422662335,0.0008026078896462595,0.0009342157212473286,3.4246737690649343,3.210431558585038,3.7368628849893146,1.680957387181783,3.4246737690649343,2.0373352680918266,0.08972930099623247,0.062491433476505924,0.12056998179018333
4dcfa754ae6d7bd41c218ea7ea95d62746f2825c,1.0,0.002248257674427068,0.002169741151873952,0.0023747744091541833,8.993030697708273,8.678964607495807,9.499097636616733,5.530767407462383,8.993030697708273,1.6260005231054255,0.10460928984362615,0.07783776351221958,0.1294081342123984
4dcab5c0af8c45e8b491581396777f8c3a210b8d,1.0,0.0011260777871911494,0.0010804820950962987,0.001190051899976306,4.5043111487645975,4.321928380385195,4.7602075999052245,2.3769801397055224,4.5043111487645975,1.8949721428142114,0.10522184193173616,2.714152917289127e-05,0.18874683482580487
4dd3a8200feb551752944915c0ce168e79556ce1,1.0,0.0016925729862060659,0.001536800220140902,0.001984162318016557,6.7702919448242636,6.1472008805636085,7.936649272066227,6.7702919448242636,5.701862592890822,0.8421885849767184,0.07000485070951981,0.0,0.15887577868144442
4dd25d981499a2ddc0b2284f66997d20a8377a6c,1.0,0.0016808950409203016,0.0016528140467215204,0.0017469827941577307,6.7235801636812065,6.611256186886082,6.987931176630923,6.272957571726385,6.7235801636812065,1.0718357468231376,0.06321733331386209,0.04613758643584418,0.08704991558147697
4dd5f3bf0fd76e6c9b4998e5f19d75eee2b9b88f,1.0,0.0007561869159214255,0.0006653321675057051,0.0008817772638905428,3.024747663685702,2.6613286700228205,3.527109055562171,3.024747663685702,2.6432738219520635,0.8738824245362647,0.23391253384552757,0.1331964348209679,0.30521317515238755
4dda5f76e26172bfca89dcefff0f32a7cc999b7a,1.0,0.00253821713557128,0.002464045696674633,0.0026011268727103593,10.15286854228512,9.856182786698533,10.404507490841437,6.188939072585232,10.15286854228512,1.640486103225457,0.014869782744146612,0.0,0.04126501970859579
4ddb4eba45e52ac22c0fa30c97d9fdadc909af6c,1.0,0.0008982590315379385,0.000840974894675497,0.001012690798332977,3.593036126151754,3.363899578701988,4.050763193331909,3.593036126151754,3.4219252475431996,0.9523770781587384,0.17746574264987544,0.12758056151184807,0.22290727449469347
4de28f51e81d13c9a7eeda15ac3faf28dcfd1991,1.0,0.002164301981667161,0.0020641031033201756,0.002267223495025746,8.657207926668645,8.256412413280703,9.068893980102985,5.9086148797514815,8.657207926668645,1.4651839903014243,0.1493882543983012,0.1087994966772311,0.19109429975873363
4defde0db70b5852f679615ef9642c6410b557e1,1.0,0.0010095249612028154,0.0009801499203608182,0.0010574592400659786,4.038099844811262,3.9205996814432726,4.229836960263914,3.6161531078631834,4.038099844811262,1.1166838693944048,0.24951287855115978,0.1896631486478778,0.3032515819077739
4df1f7fcef2e52eeffe5b97196d4cfd80f41e1d7,1.0,0.0028298466737774154,0.0026990616399200705,0.0029516850864081175,11.319386695109662,10.796246559680283,11.80674034563247,6.72540527575234,11.319386695109662,1.6830787485655894,0.05794280341170834,0.03201276051789244,0.08061862311663792
4e12daa25ae2045c8d5ee3747412c1cf3cb586d9,1.0,0.003760426701509604,0.0036026639890315887,0.003962951051233956,15.041706806038416,14.410655956126355,15.851804204935823,12.548981991549898,15.041706806038416,1.1986396040863747,0.06210500995833855,0.021083651600496904,0.09654253965943593
4e05a7beac107a8c9cab61edef3b5c7a6a6104ea,1.0,0.002710841152105872,0.0026255754991299416,0.002834497390271139,10.843364608423489,10.502301996519765,11.337989561084555,9.718673706373268,10.843364608423489,1.115724731175271,0.06566960206623414,0.04629210562684684,0.08763659398002112
4e17c5f034804127616cb8243e555a4ba989113e,1.0,0.0007163507479704354,0.0006631958441654967,0.0007657052428787202,2.8654029918817416,2.652783376661987,3.062820971514881,2.8654029918817416,2.0977624719258783,0.7321003285992435,0.14840594196323517,0.04743324868675189,0.20008790653365774
4e18f01139d4ba3f566c32122b47ba60712bc686,1.0,0.00105964014336509,0.0010233710300755396,0.001096965377980969,4.23856057346036,4.093484120302159,4.387861511923877,3.5972901595146856,4.23856057346036,1.1782648564641194,0.03167956378358963,0.011749121022506461,0.042003670241335576
4e27589268891e6b6d732cc6d66867cf4576fd49,1.0,0.0008452770499523056,0.0008132480134932933,0.0008843956747826946,3.3811081998092223,3.2529920539731734,3.5375826991307786,2.894122675694894,3.3811081998092223,1.168267063522938,0.14530587114169635,0.09619653232561387,0.19142497374058007
4e2ad8051a3f9d7e692485e00fd740073fb297f8,1.0,0.0025667016668540254,0.002468294012754369,0.0027478646049554013,10.266806667416102,9.873176051017476,10.991458419821605,9.847908087284697,10.266806667416102,1.0425368084692295,0.10538706144845716,0.0779961701793322,0.1317787106045295
4e3da3ceff67266ba84698fab97765e2e9e9aaf2,1.0,0.002459067865903518,0.002361978694168838,0.0025617314952392648,9.836271463614072,9.447914776675352,10.246925980957059,8.19503288160454,9.836271463614072,1.200272360797189,0.11190231468571595,0.08110759057030958,0.15545965209476842
4e4d227713a0f9f1e8467f532c216d9cb39162ba,1.0,0.0037493340161976435,0.0036296090560878846,0.0038974097161680694,14.997336064790574,14.518436224351538,15.589638864672278,13.349784562857353,14.997336064790574,1.1234140891319808,0.02343611229742501,0.0,0.06782609776403602
4e4fd345bb9fc81dd739af12291b6bd740fd4e4b,1.0,0.0031239490624391957,0.003008447690342993,0.0032126987746492358,12.495796249756783,12.033790761371971,12.850795098596944,5.878126922840098,12.495796249756783,2.1258125953699665,0.010570071954811444,0.0,0.02814216286834245
4e52c38f0ba4efbabf5678884fbe87a10971a780,1.0,0.0012278754438911198,0.0011630917894477823,0.0013067084547983302,4.91150177556448,4.652367157791129,5.226833819193321,4.074982318611901,4.91150177556448,1.2052817390475281,0.0,0.0,0.03840787866260309
4e54959d380e26d5641e23afafe3c2fbe3dccc05,1.0,0.03098523400914923,0.029541223643989815,0.032789528178906464,123.94093603659692,118.16489457595925,131.15811271562586,104.21458915597518,123.94093603659692,1.189285847983317,6.207517303454484e-05,5.87856910171165e-06,0.0001629785003788887
4e652ffe84510c7fc967ce3ba1e09c6586231dc7,1.0,0.002451806771031275,0.0023689085026684553,0.0025359574929460405,9.807227084125099,9.475634010673822,10.143829971784163,8.132207562662735,9.807227084125099,1.2059735328390844,0.11947566531084661,0.07747905123670222,0.15476249181566631
4e6921dcdc81fa267b6a0201fa499e51abc14a94,1.0,0.0019878970887718325,0.0019146297755535517,0.0021611437395110213,7.95158835508733,7.658519102214207,8.644574958044085,7.276743747280556,7.951588355087329,1.0927399165401384,0.027520824790874275,0.0,0.0979052393321674
4e6beb18dd187392bf16027a8ffc813bc3af9d5d,1.0,0.00155289178030551,0.0014988984839318918,0.001597943714976907,6.21156712122204,5.995593935727567,6.391774859907628,5.461286466365352,6.21156712122204,1.1373816699558743,0.03036185108480134,0.016022480283805263,0.04211315371525647
4e6c350e1614cb5570e77ad7faf8faf51bf3ae13,1.0,0.003057713896396819,0.0029513546778429157,0.003171801935528642,12.230855585587275,11.805418711371663,12.687207742114568,8.491016286560017,12.230855585587275,1.440446605307642,0.0048969786565647225,0.0022171954765139554,0.009006012967393309
4e6c509e1836ba0c3b8dc657421c3867ce94bc21,1.0,0.0029701716971935145,0.0028343200976831038,0.0031962075535165524,11.880686788774058,11.337280390732415,12.78483021406621,9.107130970528143,11.880686788774058,1.3045477030276058,0.08025365729230347,0.06044251704786948,0.09919580880229249
4e778eac58c59ee028faa1a1a2462dfb1190625f,1.0,0.0025164230964016846,0.0023702227769593098,0.0026628682514531995,10.065692385606738,9.48089110783724,10.651473005812798,4.681098698665913,10.065692385606738,2.1502841605274,0.04412698035217163,0.0011363484032374648,0.11332200485423805
4e7917705b3b49f4a9eae2a08d873f96aa78fcb0,1.0,0.0029909546030306502,0.0028701958598626068,0.003156153561765445,11.9638184121226,11.480783439450427,12.62461424706178,7.7982803839731325,11.9638184121226,1.5341611000176907,0.12854818055703768,0.09635060716811235,0.16916952952436176
4e7be87c4f9df411dbdf41311d88b82d84270ba8,1.0,0.0005933357826002354,0.0005623853906081081,0.0006479447186336298,2.373343130400942,2.2495415624324324,2.591778874534519,0.890178761213739,2.373343130400942,2.6661421658330076,0.48350554554934116,0.42287032089094656,0.5281800007286462
4e8aba83964cb0529475c329a42bffd3051adf85,1.0,0.0007504224197049072,0.0007080773220921755,0.0007729178766740002,3.001689678819629,2.832309288368702,3.091671506696001,2.519522250181914,3.001689678819629,1.1913725622398854,0.15598740221926663,0.11895415225238466,0.18803432281832191
4ea07c02e41a2f48a5795ca200df878e5d3bdd1e,1.0,0.001257546890868656,0.0012207763695460722,0.0013132859451849342,5.030187563474624,4.883105478184288,5.2531437807397365,3.3165916715071804,5.030187563474624,1.5166737608035792,0.0,0.0,0.14137133367522892
4ea1c3cd4dcb16ca63fd2608368a4c5483925d47,1.0,0.004577969166824864,0.004417669294517795,0.004774864953152497,18.311876667299458,17.670677178071177,19.09945981260999,17.35500846130843,18.311876667299458,1.0551349893101054,0.0198097946651761,0.0,0.03905600120825546
4ea76f0b38d0ec5c1e31245beece4b00de81aed6,1.0,0.000529824622838637,0.0005131672701911544,0.0005802334254286218,2.1192984913545483,2.0526690807646175,2.320933701714487,2.1192984913545483,2.117346860584512,0.9990791147268788,0.3543813267328362,0.29637083495236055,0.4078934414616809
4ea87fa65af6e4050cd1f1c904b28850b7ff72e6,1.0,0.0008702059126144437,0.0008372340840783724,0.0009134626733720561,3.4808236504577748,3.3489363363134896,3.6538506934882244,2.753852120500433,3.4808236504577748,1.263983503161105,0.08261457540266087,0.04377313903955257,0.11857913013632
4eabf70c4091432849b3c480a27e8fa5df1962e6,1.0,0.0024108936334127804,0.002314752339851308,0.0025173118337828647,9.643574533651122,9.259009359405232,10.06924733513146,8.089906034721624,9.643574533651122,1.1920502527793526,0.1567862421873241,0.10324176511631974,0.20311424705737072
4eae67e8e19975139aee60f464d53c36a1a0337f,1.0,0.00117416136662043,0.0011081920449897411,0.0013290648623961814,4.69664546648172,4.432768179958964,5.3162594495847255,4.69664546648172,4.540203736712849,0.9666907517534931,0.2282405136521354,0.10434761705329863,0.31404418299413817
4eb0516e7a515073cc7b6db888d1b52e879e2f2f,1.0,0.0007679546825417639,0.0007165855417060261,0.0008124376301917298,3.0718187301670556,2.8663421668241043,3.249750520766919,1.681470896798628,3.0718187301670556,1.8268640486228618,0.15284845495857574,0.0987382867274307,0.22567165769339867
4eb6e6fc4cfabc426bb2c4723131679a662b2130,1.0,0.001718975728238123,0.0016459300366575085,0.0018019654757195035,6.875902912952492,6.583720146630034,7.2078619028780135,4.755282811857831,6.875902912952492,1.4459503640470461,0.10448859242771354,0.08012531109396076,0.1286122296763858
4ec3004f6e0caafef0ff5b11e5b39fe3a4d97a51,1.0,0.0023380791613522326,0.002193278281284532,0.002452043852587972,9.35231664540893,8.773113125138128,9.808175410351888,6.222509510874251,9.35231664540893,1.502981494695208,0.027921482178478337,0.022251885506164994,0.033957866753945375
4ecee67d33944a789b1c33d29c72bfb625e738c0,1.0,0.0014095794441095148,0.0013485205250122882,0.0014665808715767096,5.638317776438059,5.394082100049153,5.866323486306838,3.6634174425400676,5.638317776438059,1.5390868949209007,0.16752584746053414,0.08452181195268749,0.23042442260712026
4ee800df92c0398212c3bb11f5d1d5a7bb47e483,1.0,0.0009351849258469418,0.0008746917459760285,0.0010073809021153065,3.740739703387767,3.498766983904114,4.029523608461226,3.740739703387767,3.1198092431283304,0.8340086428101114,0.14381297521582023,0.0,0.2889306590385401
4eead1763d5b130822a872992e48dbeffd709840,1.0,0.0011164751340723917,0.001066310378850874,0.0012410240941948837,4.465900536289567,4.265241515403496,4.964096376779535,4.465900536289567,4.319270406107203,0.9671667272947845,0.3629285345908241,0.273836207200391,0.42384972574516866
4f047cef7130739c750586d83369d42b9cb3b3bc,1.0,0.0026171328646923692,0.002557228162403732,0.0027089514111324417,10.468531458769476,10.228912649614928,10.835805644529767,8.046584823639508,10.468531458769476,1.300990629964491,0.10994694370606105,0.08065273021442333,0.14229921279494945
4f0db7f62d9a34949198e2990b0c065a53638ca3,1.0,0.0006983794825754475,0.0006847803724486936,0.0007275755461484324,2.7935179303017903,2.7391214897947744,2.91030218459373,2.6843004798218173,2.7935179303017903,1.0406874905775165,0.2396804717498628,0.16974574341652893,0.2980067104689115
4f1474a2ec5d4a15958f080614593f4a3a916707,1.0,0.001993329086926005,0.001891445931501352,0.0021255127097318427,7.97331634770402,7.565783726005408,8.50205083892737,7.97331634770402,7.356971452876081,0.9226990542015281,0.1296512754062664,0.0674510461508193,0.1671797103602858
52bdeb4a7bc0702dceed2e656983fd0bdb93544f,1.0,0.000670877947987618,0.0006447242223523321,0.0007153534849291858,2.683511791950472,2.5788968894093287,2.8614139397167433,2.339701606041668,2.683511791950472,1.1469461682724855,0.12349919092970126,0.08150334464361204,0.16812450351543745
52bf099985837fe6e9fc9df65fbe7371eb3abada,1.0,0.002320945230036139,0.0022280171588311324,0.002449084874856456,9.283780920144556,8.912068635324529,9.796339499425825,7.672315284290602,9.283780920144556,1.2100364200560814,0.13738031864255992,0.10590145907750481,0.16379463643952893
52cd7d894a6da91a329ebc98c9b52c89d546163d,1.0,0.0012042205628888807,0.0011477265040332693,0.001285641215015815,4.816882251555523,4.5909060161330775,5.14256486006326,4.816882251555523,3.9949403811908764,0.8293622664122181,0.11473435316604629,0.04323621680588,0.15724333200071014
52d27cdaf69650f46cf48c204728813c6a286cca,1.0,0.002058513491417054,0.0019532306799541505,0.0021734317232600118,8.234053965668215,7.812922719816602,8.693726893040047,5.053799213126548,8.234053965668215,1.6292799967757707,0.0919356340338738,0.0708388616895444,0.10537240988934866
52db0bbcae81362107cf0a433934b1867c06ad7a,1.0,0.0006744798318186579,0.0005845361877535038,0.0007487880475824266,2.6979193272746316,2.338144751014015,2.9951521903297067,2.6979193272746316,1.765995617022066,0.654576880475529,0.285157417529016,0.17590386444031153,0.3816746669925933
52ddacb9d898b876cd8b66503124a408a857e463,1.0,0.0027990804381441805,0.002681851150572346,0.002947677850046035,11.196321752576722,10.727404602289385,11.79071140018414,6.910013992031649,11.196321752576722,1.6203037744189623,0.18961829163415697,0.15969809332560903,0.20769949848288524
52e0d6669fded71e2eb3588809446f6fa807bf9a,1.0,0.0006777377275804829,0.000656422256615824,0.0006988113798866949,2.7109509103219316,2.625689026463296,2.79524551954678,2.2196059530305474,2.7109509103219316,1.221365849474554,0.09122035408083733,0.07034160612099084,0.1097255796796779
52e43b8af5bd7aac05cfa9f8df3e58b68f7474c1,1.0,0.0030411046861334875,0.0029647091283825037,0.003153895399863785,12.16441874453395,11.858836513530015,12.61558159945514,10.284408749535263,12.16441874453395,1.182801952040621,0.05973339515829448,0.04053181803354915,0.07678638481660674
52e6ce4e6ba8548f847bc25fab3799d5f374e91c,1.0,0.005001896799362883,0.004679255574842551,0.005234568047068678,20.00758719745153,18.717022299370207,20.938272188274713,13.262420647472554,20.00758719745153,1.5085924153117867,0.012546147187913342,0.0,0.026250583513262662
52f9d84e04172b2364a48a5d05033a3a1c787ec9,1.0,0.0008970949268213767,0.000787537995395406,0.0010025912923705617,3.588379707285507,3.150151981581624,4.010365169482247,3.588379707285507,2.1040972374801044,0.5863641557241405,0.589676967341443,0.49206311533094865,0.6646134135452139
52fe7c33be48aba1304769b1a26b105c1f4aafa7,1.0,0.001344393710267064,0.0012474291602383384,0.0014368203073815778,5.377574841068256,4.989716640953354,5.747281229526311,3.4478159643631265,5.377574841068256,1.5597047222506235,0.12902568088922592,0.05724308178114458,0.18943614066735442
530740426a5b73110b5fa2573085524a6a964af0,1.0,0.0005608756374959039,0.0004993660711485505,0.0006221448244925742,2.2435025499836154,1.9974642845942019,2.4885792979702965,2.2435025499836154,1.6503345261379492,0.7356062626940191,0.24757440571673667,0.1395462340875537,0.3270309127430796
532a21405479cfbe18aad08bd7581764cb82f033,1.0,0.0007337438802421049,0.0007171530763025203,0.0007711606948997508,2.9349755209684196,2.8686123052100814,3.0846427795990032,2.8210567526524164,2.9349755209684196,1.0403815939572625,0.15303717451064958,0.1097249130152753,0.17854421210433963
53356ec9e5c35459d0875b59f1eece88e17731b1,1.0,0.0010536108402196787,0.0010207815765157884,0.0011032533282181421,4.214443360878715,4.0831263060631535,4.413013312872568,3.412596284442827,4.214443360878715,1.2349668726099563,0.13027105900749583,0.10447240820096064,0.15025282512751104
5335a59e6187b8f4e8b3549329ebe919e3cebd0f,1.0,0.001984196466121051,0.0019255480574623658,0.0021310329375381267,7.936785864484205,7.702192229849463,8.524131750152506,7.936785864484205,7.883505490497092,0.9932869079628904,0.11307714259280742,0.06757669449873287,0.1575028326660692
533806edcb34d64a6b0911b42c420db68b42c2f7,1.0,0.0019346738787581969,0.0018371413170094415,0.002053471087800216,7.738695515032788,7.348565268037766,8.213884351200864,4.160251806699809,7.738695515032788,1.8601507491854539,0.031383385029883124,0.016081346760996883,0.05099499702771534
533fa6b322defa72b09ec1a280453e31fa1fbc18,1.0,0.0014969726919193025,0.0014484185253386417,0.0015394215382913293,5.98789076767721,5.793674101354567,6.157686153165317,4.3225091059271685,5.98789076767721,1.3852812384978934,0.2668486854977458,0.187533250209902,0.3283875721606473
5356b45dcca90cc339a52f2d4d7859dab8100ce0,1.0,0.0013479828886032727,0.0012758928406473346,0.0014457099471442336,5.391931554413091,5.103571362589339,5.7828397885769345,1.8018890088274715,5.391931554413091,2.9923771819451512,0.3956522981934599,0.36408413837133663,0.42844557347203444
535cf225ba42b3cd5f232084c678ac564da4f425,1.0,0.0018039540524002386,0.0017538460224509184,0.001861037383213912,7.215816209600955,7.015384089803674,7.444149532855648,6.319329283461393,7.215816209600955,1.1418642526645666,0.002775217023891834,0.00033876244659859046,0.00461640347368331
535f966c42b03021f18ede7cfb0adab3931640c6,1.0,0.0023643708621637707,0.0022441597735094526,0.0024869202590588075,9.457483448655083,8.976639094037811,9.94768103623523,8.181010253412811,9.457483448655083,1.1560287978749049,0.05469361518427684,0.03640679406955465,0.07144499993784854
5365571e9cfe2bb2c4a903c3469a54cbeb57e537,1.0,0.001696199168696044,0.0016704577763508425,0.0018245957701094602,6.784796674784175,6.68183110540337,7.298383080437841,6.784796674784175,6.7837284183268824,0.999842551441333,0.1538297683874859,0.10802673643196689,0.19228183264099022
536e99b513834a0c23db07a314a8f6762811faeb,1.0,0.001886512638857508,0.0018207422064785033,0.0019719882151055953,7.546050555430032,7.282968825914013,7.887952860422381,6.610356189061706,7.546050555430032,1.1415497651876367,0.046689782280092296,0.02917780467587339,0.0592980487427394
538b10ebc0082084a0073e02ed2b4659905b8b8b,1.0,0.0034251713063031836,0.0033189006969364244,0.0035196496054464023,13.700685225212734,13.275602787745697,14.078598421785609,13.001437489197944,13.700685225212734,1.053782340344731,0.10330311674936038,0.062713694975639,0.13941937873293536
538f1607d499504cfbfa1cfa3b41dfdd4dd8f819,1.0,0.001739600113671461,0.001608110190785342,0.0019142945656052198,6.958400454685844,6.432440763141368,7.657178262420879,6.958400454685844,5.955864335968745,0.8559243427788088,0.2181837731981405,0.135879755382326,0.2794574601795092
53971f81fc272f707506f519152fbfddaa897631,1.0,0.004017428709575231,0.003891415256883196,0.004175921331094047,16.069714838300925,15.565661027532785,16.70368532437619,15.064836671935984,16.069714838300925,1.0667035553221038,0.05415313701703154,0.019378694031435658,0.09438352686090958
539be81b8cbd139b221a36564f67147d501abe82,1.0,0.0020268237284799986,0.001940755513773659,0.002128985508727045,8.107294913919995,7.763022055094636,8.51594203490818,5.852129101282108,8.107294913919995,1.3853581788111642,0.15857226598127896,0.12455129075883666,0.19170408535149444
539cdf51fa75f3f50a5b2666a959c8c1adae10b6,1.0,0.0006338600868681268,0.0006201125167768953,0.0006613153393400148,2.535440347472507,2.480450067107581,2.6452613573600594,2.4889655131537225,2.535440347472507,1.0186723496461376,0.4066549454832111,0.3458554184889224,0.4631554598287352
53a0e87e046aa7d6b183eb0664777366b01a96c6,1.0,0.0015065959800326636,0.0014314968859394591,0.001576338341182313,6.026383920130654,5.725987543757837,6.3053533647292515,2.469109431413729,6.026383920130654,2.4407115551294742,0.044692320187910896,0.0005411183216758489,0.08046041352661855
53a27739b4a8db16ab29848e044794ca72fec6ec,1.0,0.0003734091798690317,0.00035673325333139994,0.00040752594492279387,1.4936367194761269,1.4269330133255997,1.6301037796911755,1.0860222987253674,1.4936367194761269,1.375327855817661,0.3798512233895491,0.13626590415137352,0.5075392389998875
53c3ad215ba11adc24671e99d8e67cf9a3f61970,1.0,0.0016197949676056873,0.001505904556313041,0.001714409767290729,6.479179870422749,6.0236182252521635,6.857639069162916,6.479179870422749,5.967407329667524,0.921012759177832,0.19038640410105373,0.1271396908582613,0.25599165632608434
53a38484699a83ed8f3a20bd7f58f7d44f80224e,1.0,0.003382358895350039,0.003272106300353495,0.0034858518804208346,13.529435581400156,13.08842520141398,13.943407521683339,10.036461948323252,13.529435581400156,1.3480283840124019,0.04666493953863498,0.03315576277261871,0.06046727159449795
53c5a1e827b225c2615d477130e58a03c2a658e3,1.0,0.0006782626800227316,0.0006427449562525298,0.0007348942632901984,2.7130507200909264,2.5709798250101192,2.9395770531607934,1.5855535468814155,2.7130507200909264,1.7111063359715326,0.12146544184716476,0.05883846839876364,0.163107810914637
53c67cc60e38a06f670f6841daa2cd81d9a65417,1.0,0.003948245294898389,0.0037120070212883047,0.004198267219320628,15.792981179593557,14.848028085153219,16.79306887728251,15.792981179593557,14.982117300863726,0.9486566931531859,0.0,0.0,0.03739350486876616
53ed003f8731e5f9304e177b644d0915213fd71f,1.0,0.0014091151599850804,0.0013516811534349325,0.0014641525819681228,5.636460639940322,5.40672461373973,5.856610327872492,4.31000133573316,5.636460639940322,1.3077630842500707,0.13389565730558867,0.014008645370076704,0.2344933982699227
53ed841e14272bb4a07fff5a17dc66e890dd2a54,1.0,0.002708580059415997,0.0026309146227704366,0.0028467893640528254,10.834320237663988,10.523658491081747,11.387157456211302,10.649410946937149,10.834320237663988,1.0173633350847466,0.09932164335788762,0.07567703459639222,0.12809566252165758
53f58322f8d78c0722fbcaffb3b3509ab01dcd6c,1.0,0.0017100104821802934,0.0016067604240964269,0.0018000046430992436,6.840041928721174,6.427041696385707,7.200018572396974,4.335323224476475,6.840041928721174,1.5777467041219664,0.18235496905610563,0.13578469817560307,0.21699154681721858
53fb69212383717e97db425c7b3d07ca6c59cfae,1.0,0.002133084543851119,0.0020832190224105763,0.00220347783596709,8.532338175404476,8.332876089642305,8.81391134386836,3.872998520173381,8.532338175404476,2.2030316125766327,0.20859473082354432,0.08552175975251018,0.29841495163630194
53fc33deb7ebbcfc926245ab6aa4e39e7950d6cb,1.0,0.008697728350059152,0.00841751457851893,0.009008714184768268,34.790913400236605,33.67005831407572,36.03485673907307,25.408818131942112,34.790913400236605,1.3692456382495024,0.016207244693882433,0.009431804484849695,0.0255279828166286
53ffcbacbe7a34944edee207745406c69059bcab,1.0,0.003251824468935848,0.0030573603748637584,0.00346069075638441,13.007297875743392,12.229441499455033,13.842763025537641,6.079546716738848,13.007297875743392,2.1395177110705195,0.0038545297473708204,0.0009977449005633525,0.0066606270384980135
54001585036c68fb77c8592d68abe8e0c62e8d44,1.0,0.0018198841791697159,0.0017566699535380037,0.0018999764625962372,7.279536716678863,7.026679814152015,7.599905850384949,6.016591483165443,7.279536716678863,1.209910418057661,0.07670423610471262,0.05910056122477667,0.09489287500414051
5409c6596715318e552c759deb52be8762d75314,1.0,0.0010147673258343263,0.0009682994529661331,0.0010693152743734247,4.0590693033373055,3.8731978118645323,4.277261097493699,2.513764927420302,4.0590693033373055,1.6147370261478027,0.15664381634918542,0.022997201660021352,0.21595744366818503
540bf19555988a19cc8308f27687059bd860c291,1.0,0.002186448452259951,0.0021109881028849487,0.0022941635139610665,8.745793809039803,8.443952411539795,9.176654055844265,6.776100536733117,8.745793809039803,1.2906824155912409,0.08436147313615376,0.06421483052132769,0.11846346643335694
540e73dbc2bcaf3efc0f2751a0f620f5da55845f,1.0,0.0022914442146537415,0.002156208447583063,0.002389251135306852,9.165776858614967,8.624833790332252,9.557004541227407,6.289755800263766,9.165776858614967,1.4572548044282725,0.10144467317661088,0.07610474457132844,0.12998919693801952
5412118209382f52f6e764b3fdf467c4cb58288d,1.0,0.0008451387146611031,0.0008125479850163324,0.0008964118043838455,3.3805548586444125,3.2501919400653296,3.585647217535382,2.346626713662863,3.3805548586444125,1.4406018813992298,0.09398315818638807,0.021605322501870767,0.14068992583786483
5414950fec41c6fab3421f9b932c428b968255ea,1.0,0.002965582280451194,0.002861238676343731,0.0030899003655759033,11.862329121804775,11.444954705374924,12.359601462303614,8.346337738885154,11.862329121804775,1.4212615751863,0.06464951654960249,0.025185184606863475,0.09929572520764207
54164ac2c9853330351ea56259dbed35622db36c,1.0,0.0010145655366941245,0.0009672962553152749,0.0010574310735251928,4.058262146776498,3.8691850212610994,4.229724294100771,4.058262146776498,3.3263180067514195,0.8196409907609182,0.05127878438367557,0.010724001767412438,0.0702037957030353
5420dc8617a0d516953caaec47abe3d458860e62,1.0,0.0016079385886583692,0.0014601510413584096,0.0017291088036840083,6.431754354633477,5.840604165433638,6.916435214736033,6.431754354633477,5.537903267489257,0.8610253069599457,0.1228715505167207,0.06594739660562667,0.17980884283169538
54397f5302895b19ca49824cb5025a383c78e0b7,1.0,0.0019081000108918645,0.0018467347483623858,0.001982906313334882,7.632400043567458,7.386938993449543,7.9316252533395275,5.327488708568476,7.632400043567458,1.4326449967490074,0.04919877726619137,0.037428222782873645,0.06451103229666189
5441dffe83b233a46082be5f58115945dfd31913,1.0,0.003751592158258973,0.003619207713060164,0.003906125095963792,15.006368633035892,14.476830852240656,15.624500383855167,11.297649231174027,15.006368633035892,1.3282735484146788,0.0027529664119187894,0.0,0.030957847740942294
544c024b17dd82ed77aa180f334b5ca357924eb9,1.0,0.001657678008376865,0.0016099824979324186,0.0018099405672287235,6.63071203350746,6.439929991729675,7.239762268914894,6.614694769889321,6.63071203350746,1.00242146677592,0.19411999737858515,0.14073394762208494,0.24655809696960532
5453269ad947e46428835037a4467ecf86293109,1.0,0.0005847854075253265,0.0005677138509573015,0.0006110158162778822,2.339141630101306,2.270855403829206,2.444063265111529,1.990350673061258,2.339141630101306,1.1752409571643927,0.012200286711167739,0.006917461262483273,0.01952982798978193
545b902ae8b92bd5d644738ba953bffba04d94f2,1.0,0.0005712419003057837,0.0005089806252612917,0.00070074258243743,2.284967601223135,2.0359225010451665,2.8029703297497197,2.284967601223135,2.085963417718943,0.9129072187291997,0.37811792740350864,0.3101928624013251,0.4396703234998038
5476c7373b0e36e6456ef928819988adf7ca3467,1.0,0.0024947447811421884,0.0024018525664900254,0.002585270219420393,9.978979124568754,9.607410265960102,10.341080877681572,8.26662231973279,9.978979124568754,1.2071410472870514,0.04639161827341459,0.02503613375240265,0.059744086139624245
547e871a45b9bc393873627ced9327ccfc476b35,1.0,0.0035525430703249677,0.003355369266871805,0.0037466204099954516,14.21017228129987,13.42147706748722,14.986481639981806,10.253210752454029,14.21017228129987,1.3859241387288146,0.12164209993291804,0.09211825966188222,0.14945744290351273
547f59ebe861781d9050301a4c44bffd959c2d0c,1.0,0.0010541291227402127,0.0010006997720228875,0.0011152119877796387,4.216516490960851,4.0027990880915505,4.460847951118555,3.279039686268974,4.216516490960851,1.2858998043291683,0.03538006003449945,0.028326907516752726,0.04566167450694065
5481481c01ee663c8b68d526a0b85f25bcd812d7,1.0,0.0018866479224867163,0.0018138816335756356,0.001969227891930868,7.546591689946865,7.255526534302542,7.8769115677234725,6.915950066408915,7.546591689946865,1.0911865495676443,0.08923960513079224,0.0,0.17339596299002677
548258cc405e699789cfadba65a0489349a9010b,1.0,0.0003964451550259992,0.00037806896560336686,0.0005422054389997799,1.5857806201039968,1.5122758624134676,2.1688217559991196,1.4278959130718334,1.5857806201039968,1.1105715798937374,0.12363812772883043,0.0,0.300855542444686
5488bf9ee416d2d95d28e7e6449ea2ce255fce5f,1.0,0.002962600773939755,0.0028272222589205594,0.003087005213687052,11.85040309575902,11.308889035682238,12.348020854748208,8.30667152431632,11.85040309575902,1.4266127005346305,0.006685247543262854,0.002820383211394454,0.009600471285213876
54891e437c0e1a42744a0ff9392ea33714d48c50,1.0,0.001294000739309403,0.0012351810723230106,0.0013486134940962644,5.176002957237612,4.940724289292042,5.394453976385058,3.597850424073092,5.176002957237612,1.43863761611799,0.02752094663800064,0.02118152930413309,0.0327396385937772
548978765c731a1f7fc350fc534d1b61ee0b0fad,1.0,0.0050801237305294,0.0047960499346855374,0.005541742828781415,20.3204949221176,19.18419973874215,22.166971315125657,20.3204949221176,19.054429775727723,0.9376951618923492,0.04544033660478837,0.0,0.09779592551870976
549fc71b1483cc264cc76723a061739b9f60835a,1.0,0.0008507795673330539,0.0008119777225667092,0.0008819595254585011,3.4031182693322153,3.2479108902668368,3.5278381018340044,3.005071427264635,3.4031182693322153,1.132458363037947,0.06743926818649124,0.0,0.1100431821906769
54a2740c70502059abc74e1fd86b0022bbcdd40a,1.0,0.002337844165840747,0.0022705024454231244,0.0024146721544065198,9.351376663362988,9.082009781692497,9.65868861762608,7.093474862692114,9.351376663362988,1.3183068727777172,0.14101170875321845,0.12086463940281982,0.16281757718332568
54a3c1462bc62ffc30e81fb71668d40b38ae79af,1.0,0.0018421564899169455,0.0017696240262443615,0.0019243019696009534,7.368625959667782,7.078496104977446,7.697207878403813,6.025867774588607,7.368625959667782,1.2228323347454877,0.0,0.0,0.048627803861498266
54b1692c4c8c8edde562c09fafbb1caeaa978ac7,1.0,0.0010442096338929626,0.0010029804752112676,0.001139152156528907,4.17683853557185,4.011921900845071,4.5566086261156284,4.17683853557185,4.119175681392398,0.9861946173670901,0.24085704110564754,0.13138498434371665,0.32343797600653545
54b27e114b3fb27778b9edee340e497f10da3d06,1.0,0.0008226440354589073,0.0007230808790395497,0.0008996578815018561,3.290576141835629,2.8923235161581986,3.5986315260074244,3.290576141835629,1.696829319639658,0.5156632901049029,0.4149787707941811,0.0,0.577126104216045
54cddbbb8288d2fc728ce97173d2aaa069286307,1.0,0.0011666255223658196,0.0010878901416602133,0.0012469648958339065,4.666502089463278,4.3515605666408534,4.987859583335626,2.8983165642612647,4.666502089463278,1.6100732911667626,0.09143175728891637,0.0,0.21678016979049355
54ba3e62719f18679256327beb19b1e5e0e16c4e,1.0,0.0006505794517972619,0.0005921045940422805,0.000746263456118117,2.602317807189048,2.368418376169122,2.985053824472468,2.602317807189048,1.738517304466805,0.668064945666534,0.2238681919124914,0.08292082059314151,0.2892104137673413
54d37c780e1e9acc484b23064a1c9bfd351a059b,1.0,0.0025787694156050606,0.0025068760472889678,0.002679481618595457,10.315077662420242,10.027504189155872,10.717926474381828,10.315077662420242,9.016560600316973,0.8741146596662079,0.11391905583344535,0.08272121759569327,0.13684785327378052
54d559ebf7742b567ba3d7b44dad3d4d22e00b84,1.0,0.000973524654026087,0.0009408694574466091,0.001031751453242868,3.894098616104348,3.7634778297864364,4.127005812971472,3.844349998289071,3.894098616104348,1.012940709830639,0.2253689661651049,0.15231089486704558,0.2932619183481844
54e595f0b8ac6566930ec0bb7351d1322a526e9e,1.0,0.004525792421844241,0.004453253182278247,0.004947368656551473,18.103169687376962,17.813012729112987,19.78947462620589,18.103169687376962,17.512340179346253,0.967363201128105,0.0005909772614896816,0.00033406966730878455,0.0008176433510368339
575a3ba1844bd8a72606a8ff9a9d9ac2f7d4d2c0,1.0,0.0014309336767546683,0.0013480862277919046,0.0014873625653701711,5.723734707018673,5.392344911167618,5.949450261480685,2.9184720177707146,5.723734707018673,1.9612093835975062,0.22718586995816772,0.0,0.5490850572196737
54e0a339a53cb81bf6539821a55b9b5f5f54d87f,1.0,0.0019914955146740046,0.0019324196805353808,0.0021129728571984995,7.965982058696018,7.729678722141523,8.451891428793997,7.965982058696018,7.764391296878618,0.9746935455877239,0.12160321154265052,0.08105040138993685,0.15918757539423936
576211e9c99f0107a52235d9f91d8f019f42e0da,1.0,0.0012731201517247812,0.0012508752639675297,0.0013522395323050372,5.092480606899125,5.003501055870119,5.4089581292201485,5.066614006232124,5.092480606899125,1.0051053031936485,0.1353695417722965,0.06454715392179003,0.1795477861532762
57698328f7b2b05d4face4189997d80e0cadf165,1.0,0.0014654808392623169,0.0014164242969092633,0.001557425617220405,5.8619233570492675,5.665697187637053,6.22970246888162,5.7485287320496194,5.8619233570492675,1.0197258516544314,0.14001711107942397,0.07253757960419524,0.18738309420800314
576aa3ef3a10ec62341bfa1298de6e980ca3a5d3,1.0,0.0021885864884692674,0.0020921751130196795,0.0023144729682956174,8.754345953877069,8.368700452078718,9.25789187318247,7.088400684707594,8.754345953877069,1.2350241391917305,0.07151465265788291,0.04678392638903232,0.09679661962103302
576c1063d3a9c1820432a5f8c7f346676ee3f86f,1.0,0.002486884115932689,0.0023854070754815034,0.002595783156164009,9.947536463730756,9.541628301926014,10.383132624656037,9.104512233897115,9.947536463730756,1.0925941124769945,0.09110054786006208,0.061040367650726506,0.11312416881768578
578516ae5abe1af1aca5ed3b158cef5c5814256a,1.0,0.0015823779848879408,0.001523859114777152,0.0016398522384282544,6.329511939551763,6.095436459108608,6.559408953713017,5.112958157105245,6.329511939551763,1.237935407461907,0.058504435292427374,0.03397557400259029,0.08290405331993304
5786939b0d97123ea179e3e7bd4bb23354694ed3,1.0,0.0021027312435314962,0.002048479833650247,0.002166318369182749,8.410924974125985,8.193919334600988,8.665273476730997,6.675836109429678,8.410924974125985,1.2599058509308636,0.08878707507495409,0.05237507330397386,0.1518009176020425
578db2aaef5b0b88df69355e1b920a883a443740,1.0,0.001862693549282947,0.0017997052342748475,0.0019239560192787154,7.450774197131787,7.1988209370993905,7.695824077114862,6.585717127210195,7.450774197131787,1.1313535114266353,0.3739298550877471,0.2548848607163778,0.48216780385433916
5796f604ef72eb86321403e654542ead14599c1f,1.0,0.0004504808774214327,0.0003893943049147067,0.0004912817072896436,1.801923509685731,1.557577219658827,1.9651268291585744,1.801923509685731,1.4707466072624402,0.8162092338308797,0.6783259380589748,0.6320349178845373,0.7211453381755831
579e648f5b011930bdcee1d1cf39c0bbb2e61b2b,1.0,0.0020186378150473614,0.00195749860791952,0.0021174069594992726,8.074551260189446,7.82999443167808,8.469627837997091,8.074551260189446,7.837008169744334,0.9705812641729964,0.035160584000986234,0.021039629668514196,0.044183001186034236
57abacc1686e5980e4c70a8b379521bd0c5b81a9,1.0,0.0005454748743403651,0.0005104997016607549,0.0005942480604553133,2.1818994973614605,2.0419988066430195,2.3769922418212532,1.675011533956731,2.1818994973614605,1.3026175958367003,0.446343841992248,0.37533599791718536,0.5030704474911147
57b3c63e5fb8c95b572acca61c01dee6db5c20b5,1.0,0.0016790077467955585,0.0016412673345365095,0.0017368552047045877,6.716030987182234,6.565069338146038,6.947420818818351,5.5241468052623395,6.716030987182234,1.2157589622318685,0.11826565506944241,0.027921003002249662,0.17632068923112001
57befdf2ddb2c2db9083685a89390c4df7137010,1.0,0.0019463560394857252,0.0019105821810688171,0.002004189574135192,7.785424157942901,7.642328724275268,8.016758296540768,7.171741476267605,7.785424157942901,1.0855695487220318,0.09388620723934923,0.06449019903643924,0.11843542332387004
57c5d1ca0cafd62584a9bf5b785713660653751d,1.0,0.0006659429716987854,0.0005663451247680166,0.0007516019493027761,2.663771886795142,2.2653804990720663,3.0064077972111045,2.663771886795142,2.07950483471939,0.780661754494789,0.31385687433069,0.22061165321784176,0.36283399066738975
57d08d8862d7cb22459d850d966eac91a616ccc6,1.0,0.0027715816058677617,0.0026794836223339607,0.0028564849866998085,11.086326423471046,10.717934489335843,11.425939946799234,8.132518671287814,11.086326423471046,1.3632094645674495,0.05295145601931743,0.007745810413658402,0.08039361413452387
57d48bf25a147af3505184adf82f75ffce0f2541,1.0,0.0030957057421179745,0.0030008457938404546,0.003204938519252191,12.382822968471897,12.003383175361819,12.819754077008765,10.072512123745557,12.382822968471897,1.229367889196169,0.0834105958561219,0.06784894547263286,0.0985318749557971
57d5de463e0b528bf506207a110f9a8dedd2fe13,1.0,0.0021241551591962326,0.0020564753821568464,0.0022812331914219227,8.49662063678493,8.225901528627386,9.12493276568769,8.49662063678493,8.180551042044332,0.9628005523310974,0.13618445180869257,0.08448026164456265,0.1705525760573683
57e7f99f66d93e78a98a640cafce6402459fc713,1.0,0.003998154139965041,0.0038110562268611633,0.004197065197279235,15.992616559860164,15.244224907444654,16.78826078911694,12.006341185890456,15.992616559860162,1.332014167534592,0.011883681703976343,0.007737344356222463,0.016771361934431805
57e96ce71ee00cb44ead5ffc938c56a4a6915733,1.0,0.0014393966915267182,0.0013730803422455952,0.0015388986283046957,5.757586766106873,5.492321368982381,6.155594513218783,5.757586766106873,5.286942680199786,0.9182567097941758,0.15069713210898195,0.1156664144807835,0.17844129488261362
57faeda02c10c51ec0d22b4c375ab8da443b2bf1,1.0,0.0006133154497976075,0.000539389705599381,0.0006865749134724022,2.4532617991904297,2.157558822397524,2.7462996538896087,2.4532617991904297,2.1160392406977007,0.8625411447714175,0.36823612819817747,0.28554680173752073,0.41192276927393473
57fe980894fb23e0aeefa52afb1715924dde560c,1.0,0.0023738893756874973,0.002299538383163665,0.002511300315239882,9.495557502749989,9.198153532654661,10.045201260959528,7.57692784508137,9.495557502749989,1.2532199985135288,0.03873836849422102,0.025359613578074976,0.04783483104755158
580cf6c661cd944d993df20cbea4c824b0055449,0.8398404549630297,0.00013474736420742106,0.00012849063496030654,0.00014667209347221492,0.5389894568296842,0.5139625398412262,0.5866883738888596,0.0,0.5389894568296842,,0.46276116714697396,0.0,0.6862497372297278
5812040e92f7a55ab7d6713b742e4696bde34d07,1.0,0.0010397906085230504,0.0009376723112412371,0.0011799553060198671,4.1591624340922015,3.7506892449649483,4.719821224079468,4.1591624340922015,3.8272318384992867,0.9201929232500957,0.1802949303636642,0.0,0.28763792961557755
5823eb2aa184258eefcfc615311161494e7e9886,1.0,0.0012881746532783667,0.0012737180690541785,0.001499126016614274,5.152698613113467,5.094872276216714,5.996504066457096,5.039533711516583,5.152698613113467,1.0224554310130467,0.11430340013812124,0.0,0.42350838814874536
582c8836d58f1c5d8469a9dda98d3a02071fd831,1.0,0.002004362633988322,0.001944935152919293,0.0020574356846505657,8.017450535953287,7.7797406116771715,8.229742738602262,7.50695738606943,8.017450535953287,1.0680026705401544,0.10008010144420526,0.05089242292496712,0.14142350851968635
5834189d5e6fa387ce493c5a8820a2fceabf5cb3,1.0,0.003087740613785452,0.0029593520353749262,0.003238613386743278,12.350962455141808,11.837408141499704,12.954453546973111,8.55791794606736,12.350962455141808,1.4432204810771148,0.05200447068351614,0.042428683827052074,0.058961185796239934
58377848f856c7f859d63ce9a91270dba2be9aed,1.0,0.0016746245750946093,0.0016031287400150192,0.0017754061141120677,6.6984983003784375,6.412514960060077,7.1016244564482705,6.6984983003784375,6.545079413580409,0.9770965252332212,0.18223014658314532,0.09706229326290983,0.23407415367850282
58400fa615c3cf61b647e478580f91be95d1da83,1.0,0.0013890942304548395,0.0013537855131073187,0.001479274900443508,5.556376921819358,5.415142052429275,5.917099601774032,5.293259853542748,5.556376921819358,1.049707944736646,0.0,0.0,0.059054262288484295
5851a7d64ac8378edf60779077e7fbc3f27e9467,1.0,0.00243004653941166,0.0023733722532280465,0.0025381658297620115,9.720186157646639,9.493489012912185,10.152663319048045,5.04728709475716,9.720186157646639,1.9258239080046438,0.00802333336651503,0.0,0.021201544322919052
586da721f3f8655a0bfc3a7a98a5d54250e3d5b6,1.0,0.002003084073929743,0.001970000977335802,0.002077110967361282,8.012336295718972,7.880003909343208,8.308443869445128,8.012336295718972,7.976362839176472,0.9955102413060569,0.05957867017774852,0.03247969435986382,0.07927452913187565
587723928c0130805eb7597cd7766ef312ec2bbe,1.0,0.0018902069741817344,0.0018112699766923467,0.001945552136507282,7.560827896726938,7.245079906769387,7.7822085460291275,6.162088046142829,7.560827896726938,1.2269912146840636,0.07501096334413511,0.047406719886664464,0.09686141507911235
587b357fcaac3be01ae6e0e9d16b7903fde86f7b,1.0,0.002461197061153942,0.002389018343970889,0.0025704082484099312,9.844788244615769,9.556073375883555,10.281632993639725,9.318526965305988,9.844788244615769,1.0564747283845521,0.06226419016776656,0.043124602268656054,0.08372516282254217
589a415d5e9a128358226170e2e0edf80a7c2688,1.0,0.002657502786748828,0.0025849096795702202,0.0028898791086520307,10.630011146995312,10.33963871828088,11.559516434608122,10.630011146995312,10.574884189560159,0.9948140263756229,0.06403684212054096,0.03205590559541525,0.09108232482339008
58a32ac26865ab895462da701ce7f2cde07eec40,1.0,0.0018280881041863855,0.001707326287210966,0.0019202189406065657,7.312352416745542,6.829305148843864,7.680875762426263,7.312352416745542,6.537797842758392,0.8940758691808408,0.1361765116101195,0.09625196938252283,0.1628364005926082
58aaec6c7eb59d3308c279c464273fe90a7369ba,1.0,0.002793097643097643,0.0026783864327699397,0.00294395392396756,11.172390572390572,10.713545731079758,11.77581569587024,6.543457511896366,11.172390572390572,1.707413940119356,0.01277034502519142,0.0,0.0244847769804234
58bb75628aa3675017aaa60a67440777181c0540,1.0,0.0012897131692719635,0.0012543447215997705,0.0013703756532827017,5.158852677087854,5.017378886399082,5.4815026131308064,5.158852677087854,5.156757928062099,0.9995939506016409,0.005903136582739831,0.0,0.03128387100285193
58bbf01c2e7d68fffccaa8bc947f9565cc7ecdb1,1.0,0.0008373904488591435,0.0008175048902506127,0.0008646612283370702,3.349561795436574,3.270019561002451,3.458644913348281,2.819352643093454,3.349561795436574,1.1880606009475152,0.06294021327161245,0.04130143574857462,0.09019755135275084
58c51ae593b281737e7f100f029636155003cdf6,1.0,0.0017175146184066638,0.0016721286912190604,0.00176440492129402,6.8700584736266554,6.688514764876242,7.05761968517608,5.419079496759209,6.8700584736266554,1.2677537721554335,0.06084472605944727,0.04672952844227979,0.08080864739334062
58d6b9df3d3bc20539c4195a6ae3c67e246c404e,1.0,0.002167788859381896,0.0020947498040399916,0.002224267302640568,8.671155437527583,8.378999216159967,8.897069210562272,4.222949076439775,8.671155437527583,2.0533412268466043,0.026898217666644863,0.0,0.07760385262168763
58d6ff88bbcb8ebc447f231fc1d13efe4ce23451,1.0,0.0009825604371058918,0.0009514797169242078,0.0010474601233248003,3.930241748423567,3.8059188676968314,4.189840493299201,3.680681771814374,3.9302417484235668,1.0678026496396003,0.10902267911515251,0.045557767747239346,0.15083931037039275
58da1940abd4f31a6fc61a39a12827129bc01cb9,1.0,0.0014406725647689539,0.0013398905266697684,0.0015817054461473618,5.762690259075815,5.359562106679074,6.326821784589447,5.762690259075815,5.2038500752990915,0.9030244280617735,0.23857099737903276,0.16311549571862874,0.2959837964979575
58dc77efd840ef92445af05ac6441eca7e1d6f2c,1.0,0.0010611680597224094,0.000998406505785063,0.0011073468367077516,4.244672238889637,3.993626023140252,4.429387346831007,3.70729020087656,4.244672238889637,1.1449527846204264,0.15629396358333542,0.11928053849628696,0.20683337125066933
58e442588ecbc7196a8631c38e7773c0df4850a3,1.0,0.0006818967620941931,0.0006559715166680249,0.0007191778171071451,2.727587048376772,2.6238860666720996,2.87671126842858,1.5788309922161108,2.727587048376772,1.7275991298778732,0.16232957081432375,0.0921274799844054,0.22215557032926778
58e49ecc2d1767f65b84f56a10c65496d4589113,1.0,0.00172154436914689,0.0016537147997360054,0.0017875578802067499,6.88617747658756,6.614859198944021,7.150231520826999,4.574785001440609,6.88617747658756,1.5052461425879224,0.04395135264251914,0.02973773593947856,0.05311504448311258
58e7ddd03f76208045635bd30ca9130855548ead,1.0,0.002555292074775484,0.002499839903215009,0.0026269786533409927,10.221168299101935,9.999359612860037,10.50791461336397,9.753697545882227,10.221168299101935,1.0479275424546113,0.03740803773018755,0.020425941244825163,0.05383403679345933
58f00494b1c27afac32b3f357deda0db04a2c572,1.0,0.0020675162677526427,0.001962667070457024,0.002143987779117673,8.27006507101057,7.850668281828096,8.575951116470693,5.312128983079576,8.27006507101057,1.5568268574337596,0.03655166240288716,0.0,0.09384764630163991
58f82235a8b5aa58e9a98fdfcc2dd52447dd90b4,1.0,0.0009592004827751033,0.000925815624540376,0.001069520807382636,3.836801931100413,3.703262498161504,4.278083229530544,3.7483118487689575,3.836801931100413,1.0236079829805298,0.20938378094291923,0.15749044897722553,0.266531737193096
591200cb742d9f7a6db4411b4f237478d6ae8481,1.0,0.0025439867186476065,0.002457788020469545,0.002590217304650176,10.175946874590426,9.83115208187818,10.360869218600703,7.779752228604069,10.175946874590426,1.308003979506724,0.11081458258211575,0.07652173996400839,0.14143565828838642
591346d4ca67ae009a7a2484b8e3084d342d5de1,1.0,0.0016301290238511354,0.0015517738417080151,0.0016807312580716042,6.520516095404542,6.2070953668320605,6.722925032286417,4.731796343631313,6.520516095404542,1.3780212887185495,0.21029868758750436,0.18150374740002498,0.2363993222762762
5918c5071fb8f71a895548d6a5be18b8aae84848,1.0,0.002344128485366804,0.0022901037056872503,0.002481602905814375,9.376513941467216,9.160414822749,9.9264116232575,9.182652131925837,9.376513941467216,1.02111174492469,0.06643241534549975,0.04806134348392772,0.08845256696767866
5920b105d6db79049457114ecd7c78059de805a5,1.0,0.0028301171015766217,0.002721403597082489,0.003030941636834287,11.320468406306487,10.885614388329957,12.123766547337148,10.28135263501073,11.320468406306487,1.101068002254615,0.10770394913422263,0.023714784495022224,0.18286823087529477
5920dd031ba807c196102a9746a2e0770ba40949,1.0,0.0014782576419252401,0.0014439954989900838,0.0016259379964303844,5.913030567700961,5.775981995960335,6.503751985721538,5.839753238352148,5.913030567700961,1.0125480181024722,0.15370379219579403,0.09863742381611582,0.20064439036740642
5921503d8cc23eaf1c42c9c9796599d89248e89a,1.0,0.0032516330093726492,0.0031547218335743698,0.0033587454613448445,13.006532037490597,12.61888733429748,13.434981845379378,9.96496222819097,13.006532037490597,1.3052264263175026,0.01624185586994839,0.00875296461289916,0.024544771837251178
5923ee457100f3e89467045b98116ccc182b32a0,1.0,0.0026368862739582287,0.0025181812642063144,0.0027749467439916143,10.547545095832914,10.072725056825258,11.099786975966458,8.380405350060117,10.547545095832914,1.2585960529650575,0.049296235035624476,0.037479107494585585,0.05904574655635406
5925711ce57ac0dfaf1f98a4531fa10ab5b2980b,1.0,0.001103581025217032,0.0010300617146814786,0.001189463531112144,4.414324100868128,4.120246858725914,4.757854124448576,2.9420702620090102,4.414324100868128,1.500414234789138,0.09957650760750557,0.05789060068391772,0.14561621730252758
592db943aa4ab89eeddb3c9eca96921297bc800e,1.0,0.002110179117907782,0.0020723893538535675,0.0023356276164532446,8.440716471631127,8.28955741541427,9.342510465812978,8.406013640988252,8.440716471631127,1.0041283338482418,0.0,0.0,0.03539213229011228
592eba9b9cc169859f8123cde526e24736ba0baf,1.0,0.0012825344152842515,0.001252035806213014,0.00134251537319184,5.130137661137006,5.008143224852056,5.37006149276736,4.682207253740037,5.130137661137006,1.0956665058000525,0.049847496194129,0.013274313403489078,0.0790359746678296
593489c452d806ff5658ba402ea7a72200be45d5,1.0,0.001757310706296128,0.0016920170594053895,0.0018409329796071267,7.029242825184512,6.768068237621558,7.363731918428507,4.568049861276822,7.029242825184512,1.5387841723819886,0.04790316031896059,0.0,0.08760972299312907
593b3bf477efef53855680dda56cf0f0cc1c8823,1.0,0.002621262159186148,0.0024731817491219377,0.0027501797436361927,10.485048636744592,9.89272699648775,11.000718974544771,10.485048636744592,10.011022373311064,0.95479026565768,0.09164673001368728,0.05725794474757754,0.130748651916864
594c3a415bd861c1dfa3521b046f5c05b8614b28,1.0,0.002927783741376839,0.0027238514400099193,0.003027222622708471,11.711134965507355,10.895405760039678,12.108890490833884,11.711134965507355,9.637618437865404,0.8229448696689902,0.09087745438389323,0.042215239799156694,0.15093407476210557
594d79a47bb2d6abd132cc5d3b4b56db9b54cc92,1.0,0.0018212828423328073,0.0017598675978291913,0.0019804632829284966,7.285131369331229,7.039470391316765,7.921853131713987,7.285131369331229,7.181435298026546,0.9857660670689865,0.2484171736070687,0.17366662294818702,0.2858964069455745
595a873c52fe212ec262e38da14749373e1470dc,1.0,0.0016476073341124757,0.0015120317899249638,0.0018483328091500678,6.590429336449903,6.048127159699855,7.393331236600271,2.32683048025214,6.590429336449903,2.832363333892614,0.14641308894367455,0.11317198985152914,0.1790583317127698
595b1b0a0882d8735147787b6bf4ee1b20e36e9a,1.0,0.002171746530325787,0.0021133949179940508,0.0022336097898439143,8.686986121303148,8.453579671976204,8.934439159375657,6.84241264736756,8.686986121303148,1.2695793967709972,0.04316877697695366,0.035401089112204166,0.05312459328325702
5962d1ea58ab893713c2c1ec0dda87e7aca7a508,1.0,0.0015326215637178713,0.001475187113776913,0.0016018970917353055,6.130486254871485,5.900748455107652,6.407588366941222,4.443052793069338,6.130486254871485,1.3797914497964898,0.06879460922541858,0.028532362720022235,0.09944080249358789
5967f8a6aee346fe61f9aed14572ff7f6ed96268,1.0,0.0006450319410603196,0.0006233963771306743,0.0007768385091496472,2.5801277642412783,2.4935855085226972,3.107354036598589,2.5801277642412783,2.5513866264729788,0.9888605757565067,0.15619901914733486,0.006713188465081523,0.23894742890805495
59738ee7f69264919ce91945eb39b5a205aca7cc,1.0,0.0009863249229479728,0.0009429924168307521,0.001058386724259693,3.945299691791891,3.7719696673230083,4.233546897038772,3.945299691791891,3.794898937857434,0.9618784970258755,0.17631542138487172,0.11641443358676454,0.22149767963451408
5973d72dcd1ff3807c52d3f863c219c57d1acc0f,1.0,0.0006704804830622743,0.0006546660910686755,0.0006911665901780983,2.681921932249097,2.6186643642747023,2.7646663607123934,1.8670227306435159,2.681921932249097,1.4364698877151356,0.11236926019489629,0.0902460495262657,0.14058124434955185
597d9539e88cc1eda33bada46597003ae0620ec7,1.0,0.0021781459341011474,0.00211571412246985,0.0022930615415530033,8.71258373640459,8.4628564898794,9.172246166212012,6.922863854151281,8.71258373640459,1.2585230505696146,0.12783641180162855,0.08914795996031674,0.1492855618997012
597eee24fe1a91190f80ec9c6809de57360f6b98,1.0,0.0023613860831092847,0.0022650107855792276,0.0024763977690560857,9.445544332437139,9.06004314231691,9.905591076224344,9.445544332437139,8.162355224311993,0.8641487390283564,0.13560261750287544,0.10021637159203685,0.1716616386120676
59829803d4500c3f3b1827b236e12bbc8fe6c1ed,1.0,0.0003984299150810095,0.00038259002584708205,0.000440876209947662,1.593719660324038,1.5303601033883283,1.763504839790648,1.593719660324038,1.5878775582521116,0.9963342975446895,0.25719852480690275,0.18124623025539283,0.2983139451811724
5982c7cab434c0c2f9767dbae77f4ad644695185,1.0,0.0015932281097447462,0.0015603684379541824,0.001657056515728667,6.372912438978985,6.24147375181673,6.628226062914669,4.874009132938197,6.372912438978985,1.3075298517418257,0.049901780331769306,0.026321138873287915,0.07430412521806087
598a7e0325b409fb41347ebd93af5923fa9a99c9,1.0,0.001960164417835763,0.0019079935448092257,0.002079542201566988,7.840657671343052,7.631974179236903,8.318168806267952,7.795288631918498,7.840657671343052,1.0058200589569943,0.14821930929519822,0.10120427699861567,0.18276970070403148
598f4ddc5a43e7f7cc546cc3c333f6f4dce083c5,1.0,0.0009936260427473433,0.0009701061610184385,0.001033311626045916,3.974504170989373,3.880424644073754,4.1332465041836635,3.1025098397416544,3.974504170989373,1.281060939784265,0.14768331752051686,0.09692484773279518,0.19540093818212545
59912427b60d7abef279057d58aafd1d86b3d2aa,1.0,0.002598952780322688,0.0025230056172833256,0.002684133903595793,10.395811121290752,10.092022469133303,10.736535614383172,9.264127375596907,10.395811121290752,1.1221576193646547,0.021293166354611183,0.012835900343337888,0.02934034927553475
59a1fef2831e77bdd05cbf57f7b395a5a1c77dca,1.0,0.001094241138844991,0.0010496214130552366,0.0011480233623715821,4.376964555379964,4.198485652220946,4.592093449486328,3.4960362165095216,4.376964555379964,1.251979179938236,0.11148925142614764,0.06726129770057322,0.14680979105165798
59b2a294c8dae3908f20ec3be42da2ffa7251d58,1.0,0.0023598977757098064,0.002296226181479539,0.0024249573197239033,9.439591102839225,9.184904725918155,9.699829278895614,7.102469047322628,9.439591102839225,1.329057689649152,0.11432380655619435,0.0897671284259589,0.1351423847057359
59c244df6bc7aed44fb2fd249fab6eaee878c803,1.0,0.004048826408996572,0.003917242455752073,0.004254799263397509,16.195305635986287,15.668969823008291,17.019197053590034,11.512795615013475,16.195305635986287,1.4067222399802266,0.03241377922302841,0.023254276647837746,0.040434080912847406
59c7558dd9d2a268e08e54d98e5e7ff38b9b6c72,1.0,0.0014691200555412883,0.0014330695939342249,0.0015273844961797977,5.876480222165154,5.732278375736899,6.109537984719191,4.896479348764609,5.876480222165154,1.2001439817463542,0.11374701927601305,0.07759358760872259,0.14648213526942233
59c9968bd3327f0b7e160518f2b3df2ec71cd241,1.0,0.0012493187999683705,0.0011711212866082022,0.0014447468407828097,4.997275199873482,4.6844851464328086,5.778987363131239,4.997275199873482,4.741239253691686,0.9487648896766224,0.0,0.0,0.15213265861451947
59cbbd51906e6f7fa33a55abdbcc35c30614b4fa,1.0,0.0016819832486235466,0.0016116875963604295,0.0017422170479938703,6.727932994494187,6.446750385441717,6.968868191975481,6.727932994494187,6.157535857552976,0.9152195574171152,0.08343553957211658,0.04577167894371072,0.12121463943223723
59d2314cbc9f98db5c0a4355ae8bade62f58d486,1.0,0.003096194877829209,0.003013407616340881,0.0032842368656461098,12.384779511316836,12.053630465363526,13.13694746258444,10.680009154056684,12.384779511316836,1.1596225558114446,0.019982885243037696,0.014342539095302365,0.02539369964811235
59d30dbd7afef133612b44bbccb5f15233ddbb42,1.0,0.0011978054986227845,0.0011096282131433037,0.0012708366037073125,4.791221994491138,4.438512852573215,5.08334641482925,4.791221994491138,4.4687783691965155,0.9327011719212005,0.21033992834494536,0.16482100300282243,0.2650130331872755
59dc3f0d1a2498e86c8561d01a76bf97f4397ed2,1.0,0.0027728580889855147,0.002480465609597507,0.003247569276890118,11.09143235594206,9.921862438390027,12.990277107560473,11.09143235594206,10.386999165360425,0.9364885284447283,0.4180690853562215,0.34163659998364954,0.4820218587090202
68223cdcad4b233fa36f096072cc67cbacd78ed6,1.0,0.0021599376234241307,0.0020407200348523794,0.0022868007999035447,8.639750493696523,8.162880139409518,9.147203199614179,8.639750493696523,7.779283770852912,0.9004060680373351,0.34035109879359315,0.28613726361151753,0.4086257604398238
68280175f95fa4c753e4e95c851790481cad5cac,1.0,0.002225140678197331,0.0021062008748621024,0.0023107519194268253,8.900562712789325,8.424803499448409,9.2430076777073,8.900562712789325,8.402678419979916,0.9440614814056651,0.15778406883982193,0.1336519216389435,0.1864852642182391
6828df5db484a740443c39ae49cc4da832c50916,1.0,0.002773841245692477,0.0026094518941764833,0.003012866257376329,11.095364982769908,10.437807576705934,12.051465029505316,11.095364982769908,10.491711602668287,0.9455940943773333,0.08924350942696271,0.04237967529990493,0.13222434784657988
682a5b32746b5ecedf655e6ff3e67f9a06c7e934,1.0,0.0010818142576922943,0.0009510577949294783,0.0012148351188057654,4.327257030769177,3.804231179717913,4.859340475223061,4.327257030769177,3.017638607105983,0.6973559891748776,0.2951808273126898,0.18853688034268393,0.3973363697455414
68303dd73e6e7090cc52a7278453633dc6613503,1.0,0.0008765717348859729,0.0008507925833151924,0.0009106063748154688,3.5062869395438914,3.40317033326077,3.642425499261875,2.478818822575832,3.5062869395438914,1.4144990781941778,0.10415499987825963,0.0418399948268216,0.18036090360537027
6833b8c99d2673aad996f0982f0d9cf50226cd45,1.0,0.0023875099666368226,0.002280186684300154,0.002453996872537682,9.55003986654729,9.120746737200616,9.815987490150727,7.721131749528443,9.55003986654729,1.2368704713697634,0.06134370212814301,0.049187309125193875,0.07407823212301075
683f9708fd33857ee88a0cbfe25503821b1e204a,1.0,0.0009591885811509233,0.000889888815963604,0.0010344465381553639,3.8367543246036933,3.559555263854416,4.137786152621455,3.139565169586337,3.8367543246036933,1.2220655146041184,0.2955203540557509,0.2134071292115487,0.35528455030000133
684740c4f99f444bcdc4604ae2564b2aa870251f,1.0,0.001982994074958935,0.0019106817211992683,0.0020536827407802655,7.93197629983574,7.6427268847970735,8.214730963121061,7.93197629983574,7.5604324684295685,0.9531587315239626,0.12636486893291113,0.10561147949057391,0.14784403030235696
684a35f3161b8addd1e85e4fc628d6a487a4d953,1.0,0.0011479056677970124,0.0010908274720072798,0.0011920876376318,4.591622671188049,4.363309888029119,4.768350550527201,4.591622671188049,4.393115733630085,0.9567675848445529,0.1680031519421526,0.12288716494489521,0.21255014909151115
685866dda01d9cb7a47c1d2f6129b93290b42202,1.0,0.00126185159304224,0.0011753385528101264,0.0014064279234382723,5.047406372168959,4.701354211240505,5.625711693753089,5.047406372168959,3.932494379346035,0.7791119021106623,0.3444212176331238,0.2942193536529595,0.38236730238794037
68631dffbf6b1da4fa2697d53ad7c1641c3e5396,0.9546362824403326,0.0014338602577850692,0.0012856862541538784,0.0015555338952339993,5.735441031140277,5.142745016615513,6.222135580935998,3.113586168581047,5.735441031140277,1.842069151326583,0.3931557323637551,0.33305024502917124,0.4553790848552233
686918c02f67e769060f27c782d65f7c26d7ccf7,1.0,0.0016875797886327377,0.00165430160139084,0.00179998326583962,6.750319154530951,6.61720640556336,7.19993306335848,6.750319154530951,6.7255780093363535,0.9963348184540296,0.15332598219495888,0.11233679134448027,0.18237342402785725
68689bb4bb3f505557ac1daf4c0afaaa2f451fca,1.0,0.00199748291379792,0.001970913279642661,0.002119810025260448,7.989931655191679,7.883653118570644,8.479240101041793,7.989931655191679,7.962837432236496,0.9966089543534984,0.08325377060785481,0.06003351406431196,0.10607457448403694
6872a3eff45681f5448fabebb9d141509694c835,1.0,0.0005715596798042115,0.0005525303073333478,0.0005995743871107648,2.286238719216846,2.210121229333391,2.3982975484430593,0.9679758685368546,2.286238719216846,2.3618757383617566,0.3341332597401038,0.2136075158863536,0.41510083828487315
68762565f72d5112a9fbdf24e45a4c0b930259f1,1.0,0.0023174192970138777,0.0022413445772309004,0.0024084937733408556,9.26967718805551,8.9653783089236,9.633975093363423,6.491874229945909,9.26967718805551,1.427889213456427,0.1918264401500818,0.15774633590567566,0.2407068763210389
6876beb05ce821d207d417f8379c013d9f48f54d,1.0,0.00044852595546326777,0.00043000200106215294,0.0004683611886396115,1.7941038218530712,1.7200080042486117,1.873444754558446,0.6110220220975918,1.7941038218530712,2.9362343041156684,0.05994477744819294,0.0,0.2340509426639837
687dc2af5fa8cd3f91aad09116426445782d9573,1.0,0.00307217158635876,0.0029521537840418235,0.003172651094988944,12.28868634543504,11.808615136167294,12.690604379955776,9.874790468737626,12.28868634543504,1.2444503389048622,0.009060704455145166,0.003193000314129989,0.01574333742492199
68819e5204c5a1ed5ca574123f69559797b41c93,1.0,0.001397203683206088,0.0013532961100419796,0.0014787111080554391,5.588814732824352,5.413184440167918,5.914844432221757,4.580052440264658,5.588814732824352,1.2202512538265615,0.2407530374148258,0.20909202574636188,0.28029978832325725
6884175019efa3e1f7d867dda3a838ffe612f72c,1.0,0.0018231043034370202,0.0017458676675014982,0.002154845235555069,7.292417213748081,6.9834706700059925,8.619380942220275,6.853420608448347,7.292417213748081,1.0640551091754933,0.09547699143862447,0.0,0.1894823534649306
688b5aea73466f291e831e4306b6c9c4ac805d39,1.0,0.002576109853516173,0.0024271604189945455,0.00273405182745796,10.304439414064692,9.708641675978182,10.93620730983184,7.897022315397984,10.304439414064692,1.304851246775967,0.04981112410413389,0.037403598378402805,0.05857940319364348
68944211651e2f1190043c56d54614d520f70094,1.0,0.003153535541378504,0.0030388914719290034,0.0032340294368226096,12.614142165514016,12.155565887716014,12.936117747290439,10.860437942959077,12.614142165514016,1.1614763816860518,0.026956632656028337,0.0010393612506818717,0.05038055037087559
68a25fa83387c9455c5c29df2530badeb332873b,1.0,0.0007984127525082274,0.0007704977811862888,0.0008331133053268936,3.1936510100329096,3.0819911247451555,3.332453221307574,3.1060478352282432,3.1936510100329096,1.0282040649249142,0.08605501645301918,0.051188680682416166,0.11127941237167004
68a608d9528c81934c2a553f47dd664fe55b92e0,0.8846649679478044,0.002928437353555512,0.0026309554132346305,0.00321992792915196,11.713749414222049,10.523821652938523,12.87971171660784,1.1772286304495645,11.713749414222049,9.950275682429469,0.2788449238699823,0.16793395835023348,0.342588737708352
68ad8fb3f65a92900e73a68a1c327e06f9bc6a03,1.0,0.0005146975968463366,0.000490888768830633,0.0005415943851490262,2.0587903873853466,1.9635550753225322,2.166377540596105,0.0,2.0587903873853466,,0.12002345265867174,0.0,0.46494349295091403
68addbd2c1133d86b2ff60d867ec6384cece8ee8,1.0,0.0007699384797015393,0.0007277997205347691,0.0008208508863180052,3.079753918806157,2.9111988821390766,3.283403545272021,3.079753918806157,2.9615963100371,0.9616340747072221,0.10621495737762546,0.0272547651676113,0.16945564692876294
68c059edbb273afbba2a6a913ba43999fbff8df3,1.0,0.0013644393889357747,0.0012990411244356603,0.001417562609624293,5.457757555743099,5.196164497742641,5.670250438497171,3.7899378794126983,5.457757555743099,1.440065175049479,0.04094049592916649,0.014969626184481647,0.0584544884072231
68c3a6ff1ec699d8c4b672885c798b7510c9be4f,1.0,0.0014857014089488716,0.0013938790221884,0.0015923755305808894,5.942805635795486,5.5755160887535995,6.369502122323557,5.942805635795486,5.591131917762752,0.940823621100026,0.19599544835395205,0.14558867053821906,0.23913879752408676
68cf1a2a5eea9e6f7891341ab722d9d409eda4af,1.0,0.0011261291984813369,0.0010830573097156911,0.0012740839337157777,4.504516793925347,4.332229238862765,5.096335734863111,4.504516793925347,4.4431546586825785,0.9863776431413198,0.22327752736638762,0.1532196628795294,0.2718908420535439
68d50e09596ffcd5b6abdb0794444dadf7ee7f56,1.0,0.0006369083253727727,0.0005852197493139648,0.0007466243381469861,2.547633301491091,2.3408789972558592,2.9864973525879446,2.547633301491091,2.0973673534811597,0.8232610840239851,0.27502950316877955,0.1824038329139358,0.35130781083409457
68d6e9e391895a9767c7de5831f2ed6757589c9b,1.0,0.0006332509642200161,0.0005155634923608896,0.0007514324263368147,2.5330038568800646,2.0622539694435584,3.005729705347259,2.5330038568800646,1.6078770258007244,0.634770855730622,0.4971609389947751,0.3857751526874806,0.5888285469793818
68dbf18346bfb3d39a69a907d739df764a8cdf9d,1.0,0.0006755389711931107,0.0006515923541564643,0.000704324366932737,2.7021558847724427,2.6063694166258573,2.817297467730948,2.3310837861729627,2.7021558847724427,1.1591843677179379,0.2261283633761293,0.13596674228862285,0.2744665168852516
68de6fc2c88697e86a394a70da18dba2984909f4,0.875288485028143,0.0024498875120850055,0.0023496266563755334,0.00254878509506901,9.799550048340022,9.398506625502133,10.19514038027604,5.361427253208507,9.799550048340022,1.827787562066715,0.23351210951787962,0.15243942772634145,0.3267185238447393
68ef1ab0c3e1018c5880ec70cdb39d451e2bfce7,1.0,0.000661752177033706,0.0006040886476960188,0.0007018978731878321,2.647008708134824,2.416354590784075,2.8075914927513286,2.647008708134824,2.3668094548606473,0.8941449446641166,0.26390820584144636,0.19489914600318198,0.3255699276275063
68f9bfac7a4162da4d677a7d446c4fd2f18d04d4,1.0,0.0024697771924218946,0.0023850800298772347,0.002560952331541701,9.879108769687578,9.540320119508939,10.243809326166803,7.180763404567517,9.879108769687578,1.3757741639842507,0.04822659581637502,0.024682281496064436,0.0643267140742649
68fb02d7c146d137a41442b809c27192b5f64808,1.0,0.0020289544662851476,0.0019609791525444184,0.002153916479376304,8.11581786514059,7.843916610177674,8.615665917505215,8.033418723755446,8.11581786514059,1.0102570455018713,0.09393521737328381,0.05488205919379119,0.12589408621916792
68fd304314e1463302a86d155351d65f15a8f492,1.0,0.0015874899300247739,0.0015126125924156966,0.001645565194201708,6.349959720099095,6.050450369662786,6.582260776806832,4.555775011223881,6.349959720099095,1.3938264520207764,0.16625971511180673,0.14424155236377945,0.20002753622202474
6904a3ed240c934401ba6fc7f9569ec024f5f3da,1.0,0.0028149868531540485,0.002730165330348504,0.0031304669989612086,11.259947412616194,10.920661321394016,12.521867995844834,11.242138713390563,11.259947412616194,1.0015841024274517,0.08787036184168998,0.009018398938301954,0.1348620144807517
6904a41045ee7e8aa2460c4b70c01a33997c01a6,1.0,0.003610811363888286,0.0034330470870606814,0.0038957728930430523,14.443245455553145,13.732188348242726,15.58309157217221,13.189385163831064,14.443245455553145,1.0950658636583388,0.08524468436742681,0.05893669408351233,0.10733815007926269
690737158bfcd48591f14a92076ea0cdb3425a69,0.843836691851027,0.0008759033858465791,0.000812931721913479,0.0009642949305277909,3.5036135433863165,3.251726887653916,3.8571797221111637,1.8591938630459863,3.5036135433863165,1.8844799421003984,0.5611401594537951,0.49365161454679035,0.6418831880557551
69100333f96e207a011ecab57bd06ed8ff62937e,1.0,0.003945606269043839,0.003737385049808929,0.00417604189445526,15.782425076175358,14.949540199235715,16.70416757782104,7.257116028813423,15.782425076175356,2.1747516525177932,0.1290952804866183,0.0954488316879783,0.1627144343898518
691883ae511528116b48f34928f11e91be17a83d,1.0,0.008813467713831073,0.00859665276844679,0.009001256763164645,35.25387085532429,34.38661107378716,36.00502705265858,30.859450422046397,35.25387085532429,1.1424011242318968,0.006454049209216121,0.003364306474299129,0.010345345610000375
691de69b93b7e61b4c73823118b77b0cd2e92f6d,1.0,0.0011237675666293664,0.0010708447290283048,0.0011714843470792184,4.495070266517465,4.283378916113219,4.685937388316874,4.020247877371901,4.495070266517465,1.1181077395297234,0.024442133235792494,0.011516528075328599,0.03714938306072863
691e92174a5072d089c0ee5015e6e829fd1ab6b0,1.0,0.0005636374802145054,0.0005429532487078953,0.00058124537642328,2.2545499208580217,2.171812994831581,2.32498150569312,1.6489222961842829,2.2545499208580217,1.3672869401276226,0.2714847671535987,0.22177544160064233,0.3312804643379545
691f0f26bc31f6f4c72d2cad348f3b1b23ea8263,1.0,0.002091626049037869,0.002021476212648133,0.0021540978689548766,8.366504196151476,8.085904850592533,8.616391475819507,7.545111962837649,8.366504196151476,1.1088641543504556,0.04472452713076997,0.014552259171765898,0.07756379967620063
6931e69821a6762e7c0f7cf53b5f01d1669ee445,1.0,0.0010965542498021597,0.0010595274634523364,0.001160435259738254,4.386216999208639,4.238109853809346,4.641741038953016,4.386216999208639,4.3577260119619305,0.9935044282460607,0.11738138443518897,0.04878804984367645,0.19713455105123595
693451cbcc286b985cc96e60e3e62c9b9bb55a69,1.0,0.0023340689957103387,0.002231789045555365,0.0025066013201765105,9.336275982841356,8.927156182221461,10.026405280706042,9.336275982841356,8.222517160115737,0.8807063089423945,0.17525283983238502,0.10823597020157545,0.24561198294850362
693e1dde2ae3cf2ee99bf3b3253b826bb619a526,1.0,0.0017953203888466855,0.0017384295844429286,0.00187006351531666,7.181281555386742,6.953718337771715,7.48025406126664,7.181281555386742,6.164791362559199,0.858452814447156,0.1913269525170582,0.15216007024906542,0.21730597591258227
6945153b2dda6ead33f4bc381fc4b16f44d32921,1.0,0.0009931832929226255,0.0009098951832917977,0.001084212786557141,3.972733171690502,3.639580733167191,4.336851146228564,3.972733171690502,3.546864777688128,0.8928021652606596,0.3537477246534472,0.2768876587334524,0.42074874796256595
69574e764e9a966b1a2362b63b4171e02553c03e,1.0,0.0016810175613817771,0.0016022960751345121,0.0017948529629979745,6.724070245527108,6.409184300538048,7.179411851991898,4.868346281176525,6.724070245527108,1.3811815875805191,0.04550540895535851,0.030658892020582473,0.0595948748545281
69638bab066d884ea1b17b2f32a378409603f3f5,1.0,0.0034737483041838765,0.0033418449777722235,0.003665240447166503,13.894993216735505,13.367379911088895,14.660961788666013,4.487397078595017,13.894993216735505,3.0964483359439994,0.05093759679435988,0.04030060635989412,0.06061321496428196
69707ccdaac1224bbd909b427575f3b5fd2ffe28,1.0,0.0009787837311016196,0.000926961059450943,0.001035260755419967,3.915134924406478,3.707844237803772,4.1410430216798675,1.4760449683263197,3.915134924406478,2.6524496261423733,0.1488654006927028,0.12630943949239146,0.17225843872338825
6970a5db4a41d65128170973b624a9e5fcd52546,1.0,0.0006150139546615111,0.0004867985325388242,0.000739477019366269,2.4600558186460444,1.9471941301552969,2.957908077465076,2.4600558186460444,1.8323220831454892,0.7448294747043404,0.4337637039588557,0.24597359232405935,0.5144383907101667
6978c55f52d7e075952100d1f95c13480e163942,1.0,0.0006060525630751797,0.0005720614704882289,0.000634921460732287,2.424210252300719,2.2882458819529155,2.5396858429291482,1.4120264896645598,2.424210252300719,1.7168305765117855,0.17812734692720805,0.1377045335672959,0.21987148961980846
69804b07c8a6ce14d05edcbe0dd93a7a51cf21dc,1.0,0.002346702429455114,0.002285556103139604,0.00244672910835972,9.386809717820455,9.142224412558415,9.78691643343888,7.484992820927852,9.386809717820455,1.2540839974589115,0.1568066883400825,0.1137202242071236,0.19921115925924432
69825572e0346b78569ce4660029bfa380bcf1c9,1.0,0.004384456236017088,0.004184627207970139,0.004637306871067106,17.53782494406835,16.738508831880555,18.549227484268425,9.362667413953911,17.53782494406835,1.8731654312456263,0.03895622346146874,0.02612618473304199,0.05111788568233306
6984f97bac3641be1cef579039e9e3c48fc4cf20,1.0,0.0008247340469716521,0.0007859406785285828,0.0008729123593777644,3.2989361878866084,3.143762714114331,3.491649437511058,1.969201240962384,3.2989361878866084,1.6752661532319364,0.001462029712651817,0.0008997071340244196,0.002359236320621685
69892aa9559464b9154ab98a95474ddf426030e7,1.0,0.0007717910204555758,0.0007052832962554484,0.0008568237011859931,3.087164081822303,2.8211331850217936,3.4272948047439726,1.4661710487452764,3.087164081822303,2.105596127044143,0.1367195499175495,0.08706762477573098,0.17888179073989272
698a36f8a800f7ec0c82e85525d28863d12de03e,1.0,0.0015036058469381154,0.0014396333068025697,0.0015535116224207782,6.014423387752462,5.758533227210279,6.2140464896831125,5.429243834201872,6.014423387752462,1.107782883108733,0.18798419181705187,0.15014130821012178,0.22056043864094063
698b2d2b3e0bba259854de10279807eb120b3594,1.0,0.0014602711566776639,0.0013863711519990815,0.0015215389046727382,5.841084626710655,5.545484607996326,6.0861556186909525,5.841084626710655,4.222129222905519,0.7228330854167346,0.19468979220268853,0.1052517851734303,0.26861186780626223
699554004a0d3ac756a660433fcbae1495b33255,1.0,0.0009747168685646123,0.0009404512764832977,0.0010608117985205648,3.898867474258449,3.7618051059331905,4.243247194082259,3.8731802584133397,3.898867474258449,1.0066320734206242,0.3188471710315311,0.26276792677258676,0.3594764183189404
69a5a213e5e0e7ee710f28102bae5510fe4a9d77,1.0,0.002205682216724489,0.0021452974288530356,0.00230248764634248,8.822728866897956,8.581189715412142,9.20995058536992,8.822728866897956,7.913567291073988,0.8969523387219733,0.10864104116222761,0.07825353073044011,0.12776052210815875
69b024426e6a0767989ee96690fef04280fea6f7,1.0,0.001764699493017437,0.0017157018400562475,0.0018037839986281108,7.058797972069748,6.8628073602249895,7.215135994512443,6.176289938945675,7.058797972069748,1.1428864321215337,0.1898361308642763,0.151368252230648,0.23245428319543004
69c51a91fd652a2fe20b08fd9fcdcc66178b190c,1.0,0.003963499543080609,0.0037641016955864953,0.004134556601254616,15.853998172322434,15.05640678234598,16.538226405018463,12.871403344101623,15.853998172322434,1.2317225828827436,0.05298514894067005,0.010365197877990897,0.10055492878512398
69cddbb3b920e4f625cb5dbededc81ef93cb5636,1.0,0.0023458742306920128,0.0022778477883002375,0.0024220695790808256,9.383496922768051,9.11139115320095,9.688278316323302,7.223816563606522,9.383496922768051,1.2989666667398458,0.2443349951659759,0.18080962426728558,0.3100240009013774
69dccac14b1b34d9cca7e8cdd3021eec81af909c,1.0,0.0006560390777862564,0.0006245270599111131,0.0007294256558382187,2.6241563111450255,2.4981082396444525,2.917702623352875,2.6241563111450255,2.603816356292843,0.9922489545436768,0.4305221827913008,0.34970015107075125,0.5068463955180634
69e2b2524ce491c30d8126a4c383bdb2c51b65d1,1.0,0.0015110753587746998,0.0014227568854799167,0.0016397836692840374,6.0443014350988,5.6910275419196665,6.559134677136149,4.795205525393257,6.0443014350988,1.2604885031706965,0.0816033756458828,0.0,0.2994898497160817
69ea0ee7fa579c4d05ff6328b1c9fefa0f4a6c9e,1.0,0.0010096220003060947,0.0009867884458500049,0.0011214584204591645,4.038488001224379,3.9471537834000197,4.485833681836658,3.9701303847963887,4.038488001224379,1.0172179776991117,0.2670758242824342,0.19957392486418937,0.30807663441806604
69f8e1886c9716730ce4bbb0693b2e70bb0f4b20,1.0,0.0037078346048009447,0.003574030113586285,0.003885758175389272,14.831338419203778,14.29612045434514,15.543032701557088,10.460451499636559,14.831338419203778,1.417848782121793,0.04689199308718805,0.036703117216693316,0.05535650133867309
69fab66a409f9a43aa22d2de5fe1de8b9640470d,1.0,0.002835891608357347,0.002722086729390186,0.0029624705277309306,11.343566433429388,10.888346917560744,11.849882110923723,11.343566433429388,10.985684789218826,0.9684506943816288,0.09892490292182839,0.06698344760663692,0.13303664889106748
69fb0ac97af01b68219ef19acc0006744d1bebd1,1.0,0.0003537955418366689,0.00031002443425764113,0.0004454587806590015,1.4151821673466756,1.2400977370305646,1.781835122636006,1.4151821673466756,1.2681520592670388,0.8961051718484387,0.4664804596548943,0.22635829356398598,0.6562632180574102
6a0122cbf50294eca4184057983a2b4a5c3178b1,1.0,0.0005270987912176427,0.000513116420572882,0.0005463573765313708,2.1083951648705708,2.052465682291528,2.185429506125483,1.6588923771953914,2.1083951648705708,1.2709656116662202,0.24510674640941835,0.1888055235751077,0.28189252411965027
6a04bb4e9c72ef191092be3909ca463e1675950d,1.0,0.0008586063874675477,0.0008254332369078192,0.0008883486231701999,3.4344255498701908,3.301732947631277,3.5533944926807997,2.6781548488822713,3.4344255498701908,1.2823849790849657,0.06813014678136904,0.04091309639843537,0.08513455348135275
6a0586622113fcdbd9d058a8c2a8c0855a847af4,1.0,0.0020033766258666587,0.0019243462615120685,0.002134929993811798,8.013506503466635,7.697385046048274,8.539719975247191,5.213597811792118,8.013506503466635,1.5370396399472324,0.03676844609434572,0.021508267676456493,0.046987631592632806
6a072e0fa18b751d511200325e2413900e50ca7d,1.0,0.0005078257836683089,0.0004925922403522738,0.0005321365944311962,2.0313031346732355,1.9703689614090953,2.128546377724785,1.5178600253322936,2.0313031346732355,1.3382677590633154,0.24706471174212014,0.1752289958022758,0.2957669456491321
6a0754d4eafc062d8875c048b17424ef4662589b,1.0,0.0009342340720767167,0.0008822548468285747,0.0009778635433349795,3.736936288306867,3.5290193873142988,3.911454173339918,2.358449781643739,3.736936288306867,1.5844883861391281,0.09223693368333945,0.06646472503739458,0.11546064628694584
6a1f99c97bafa4207e14b06c09f66b09c189f160,1.0,0.0012034919360616562,0.001129514810646561,0.0012925566224833915,4.813967744246625,4.5180592425862445,5.170226489933566,4.813967744246625,3.2859448263478614,0.6825855512378602,0.13171232437287483,0.0,0.2662774064929349
6a22c5ca7ddf627710640faddd99e60c6b0bc561,1.0,0.0012008829478768487,0.0011360116484787517,0.0012670920724921874,4.803531791507395,4.544046593915007,5.06836828996875,2.5746270987351707,4.803531791507395,1.8657194254916418,0.02391499828092354,0.017225999545841694,0.02904385936043728
6a3751e0d77b05d2a4e3ac9223dc9985343a6c5f,1.0,0.001633654968263456,0.0015896980941105003,0.0017177178817736458,6.534619873053824,6.358792376442001,6.870871527094583,6.2021269490002195,6.534619873053824,1.0536094999002241,0.07892373222718348,0.03398218046611884,0.12942529323035679
6a377ea573857e0f96f0471bd118e418c4836c19,1.0,0.0034427700280137033,0.0033038463769352326,0.0036244657112651946,13.771080112054813,13.21538550774093,14.497862845060778,10.965709730608793,13.771080112054813,1.2558311728437728,0.12830354414909867,0.10161454907166136,0.15879823454002953
6a3fd5a50b487115832b6b2751a89f20ac1e9aef,1.0,0.004036949374677864,0.0038916393779214035,0.004247696437891183,16.147797498711455,15.566557511685614,16.990785751564733,13.260554264754479,16.147797498711455,1.2177317159080632,0.045501174135169506,0.030137943540559556,0.06466360937236307
6a41d71929f6fa6e0a85b376a4a6691eb0db67a9,1.0,0.0011893418730499394,0.0010411953109244272,0.001319978034543052,4.757367492199758,4.164781243697709,5.279912138172208,4.757367492199758,3.824054022587038,0.8038172432247471,0.3129454344711231,0.13051695429471766,0.4354649416494583
6a46c1a2cda05eec13e3600ed3e138e7ad7f7a56,1.0,0.0008684662331364379,0.0007935493968598369,0.0009488108260157328,3.4738649325457516,3.1741975874393478,3.7952433040629314,0.3711374391761812,3.4738649325457516,9.360049851765796,0.21244976963459397,0.17997214203207748,0.24663515167761263
6a4fa389cc77e1073c778e2013df2f84ca14d9e1,1.0,0.002993596456740554,0.002861274662947268,0.0034777166764879126,11.974385826962216,11.445098651789072,13.910866705951651,11.974385826962216,11.906723717083544,0.9943494296194866,0.0,0.0,0.04795922035707846
6a574f15c459f7d8bfecfda208eebc2af657df52,1.0,0.0022357032361858815,0.0021550013235512254,0.0023911462670452555,8.942812944743526,8.620005294204901,9.564585068181023,8.253379604258226,8.942812944743526,1.0835334582368652,0.047707383484802704,0.0174243855513611,0.06791069106623975
6a5cc115d3d453f08bc10b26594e84daa0bf1f46,1.0,0.00335919025802229,0.003222667996137806,0.0035134748222591257,13.43676103208916,12.890671984551224,14.053899289036503,11.232969574523725,13.43676103208916,1.1961895688352628,0.06562678041954302,0.046415226377542126,0.08719152100718891
6a5ee6f57131b70a5d397410516814cc29646165,1.0,0.00043750290072304,0.0004075766816415428,0.0004785184552274056,1.75001160289216,1.630306726566171,1.9140738209096224,1.3988042726012986,1.75001160289216,1.251076821232277,0.35530791446658283,0.10034318432414985,0.5029325789827891
6a61184c772477a5c5d5d5c7a0687e109a0c2829,1.0,0.0008907026194495142,0.0008018456358857612,0.000973442946532226,3.562810477798057,3.2073825435430448,3.893771786128904,3.562810477798057,2.8675305678377225,0.8048507170692835,0.4964300023269283,0.44393746998387124,0.5493770431249229
6a61b46e7dbce70024725f007b296ebb55a84361,1.0,0.0007886145317110097,0.0007450797531768303,0.0010202877603366388,3.154458126844039,2.980319012707321,4.081151041346556,3.154458126844039,3.0527471139626874,0.9677564231980753,0.24538194256351517,0.0,0.40889695472016135
6a65d043f326230e3953a78ea32e54edb625792f,1.0,0.0016277014295381532,0.0015700661756512697,0.0016865459779876462,6.510805718152612,6.280264702605079,6.746183911950585,6.0747494392894,6.510805718152612,1.0717817719432097,0.04641284464206357,0.014101558749933215,0.06947835290472532
6a809a67cdd175da1fb882844ca9bcfe5999becc,1.0,0.001964225091041613,0.0018884946046626718,0.0021245846489135324,7.856900364166452,7.553978418650687,8.498338595654129,7.856900364166452,7.48512208519265,0.9526813041095189,0.06106843267108167,0.025042245220233045,0.07781103664983877
6a8442a1154e50ca9b475bb44faf6e89fae5f53f,1.0,0.0035791664622584663,0.0034306021070216568,0.003737519193885789,14.316665849033866,13.722408428086627,14.950076775543156,9.943417961698364,14.316665849033866,1.439813342271347,0.017411057396436315,0.013163816298060682,0.022037878671583747
6a84a83d0b08eac65ef7596f9c3f2eefd615e609,1.0,0.0021913655254149345,0.002115740372609672,0.002267394133874682,8.765462101659738,8.462961490438687,9.069576535498728,8.431842642015695,8.765462101659738,1.0395666135871207,0.08745888924624483,0.056081018537059026,0.1115641224412052
6a84ce0d3d365e7a7df638f2cbe2533356c39f58,1.0,0.00115879857793548,0.0011172853438422509,0.0012085290603559879,4.63519431174192,4.469141375369004,4.834116241423952,3.219413778638844,4.63519431174192,1.4397634570917637,0.07148621783624048,0.049332399274895244,0.09003021848528332
6a8bd370cd628ce1247e60475c2bbfbd9baa6a6d,1.0,0.002596004785387064,0.002508798398177172,0.002671728263568564,10.384019141548256,10.035193592708687,10.686913054274257,6.056319335702056,10.384019141548256,1.7145758943611793,0.0861620759232321,0.05647482900323357,0.1085145492638319
6a963e63418adcfea40e7d9cc5b6ad93ba43e954,1.0,0.0011014111795082208,0.0010471377858670035,0.0011725407026294792,4.4056447180328835,4.188551143468014,4.690162810517917,3.3584593142773387,4.4056447180328835,1.3118052969419027,0.22025678287931336,0.15683141305274007,0.27581883511690264
6a98131eb940a9acd6be52a837311b00b83b059a,1.0,0.00138011855009157,0.0013088456445604982,0.0014607522907927573,5.52047420036628,5.2353825782419925,5.843009163171029,3.5547959213920475,5.52047420036628,1.5529651553680413,0.19290639487277905,0.12048435220765735,0.25222775885356313
6aa2eb1b6e85fcf302b7199557899b9e7152437d,1.0,0.0014827570905664616,0.001423211016575413,0.0015720049524720222,5.931028362265846,5.692844066301652,6.288019809888088,4.742600234972729,5.931028362265846,1.2505857690744098,0.03259975993848423,0.022028593070948756,0.04914982171105784
6aa421c9e686b67b0cfc96ab84e9402d4f8207b8,1.0,0.004899741022361484,0.004667081382748975,0.005198154810200196,19.598964089445936,18.6683255309959,20.792619240800782,10.728561838218225,19.598964089445936,1.8268025467895226,0.036007394661259275,0.01767539976822279,0.05831503451983098
6aa4ddd7da6af35e58b42e3668d7590df69728ab,1.0,0.0006208329102553939,0.0005212249817972485,0.0007122146826511576,2.4833316410215756,2.0848999271889936,2.8488587306046305,2.4833316410215756,2.1052079204912815,0.8477353107880733,0.1042698268921095,0.0,0.26457295932158703
6aa8b60fc95f8cbd8b9e514471eeba1c4bdf7ad5,1.0,0.002171814214994936,0.0020607197133183596,0.0022478410898833993,8.687256859979744,8.242878853273439,8.991364359533597,7.205180160943602,8.687256859979744,1.2056959945387469,0.021530057804110884,0.015980118157621265,0.02737227598893382
6ab0d25e48416f307e1bf5a97d1f30fb956b46a1,1.0,0.00142749784261695,0.001361615204202673,0.0014988362830307132,5.7099913704678,5.446460816810692,5.995345132122853,3.4770796289503316,5.7099913704678,1.6421802143747697,0.12252125946650828,0.01779290524778599,0.2007471435028134
6ab184518b30d61db6e8bc001557412ca4bb6819,1.0,0.0010730757902720843,0.0010328867380241951,0.0012329151282096467,4.292303161088337,4.13154695209678,4.931660512838587,4.292303161088337,4.218279453922158,0.9827543152503214,0.2643742591622954,0.1165828597321296,0.3632759414083622
6ab6d4ea623a9c4e113308d644b21b57869bc093,1.0,0.0014079417191880947,0.0012414306898944148,0.0015313458733280548,5.631766876752379,4.965722759577659,6.125383493312219,2.310887964813803,5.631766876752379,2.437057513173795,0.33695260623671663,0.2722981933608199,0.3720754454459835
7046095ddedc0639870f2d0beba6cc70813d38ff,0.9253599705568732,0.002932971532977869,0.0017489529438944257,0.006436457698063302,11.731886131911475,6.995811775577703,25.74583079225321,11.731886131911475,8.446244708204558,0.71993919931001,0.4716542982859396,0.0,0.7873058085466138
6aca94db32c1e3962d23345648e84ddc32fae1a9,1.0,0.0021859337223596722,0.0020891311079940973,0.0023995121324428253,8.74373488943869,8.35652443197639,9.598048529771301,7.080069766872261,8.74373488943869,1.2349786340172437,0.0,0.0,0.07573299237459154
704a5a43cfdfcee53a160841991f2a1aee5cc052,1.0,0.0005277188438373125,0.0005104186438533034,0.0005592075068586493,2.11087537534925,2.0416745754132135,2.236830027434597,2.11087537534925,2.0874479693537493,0.9889015683876532,0.1699327310590738,0.13071627327073643,0.22060911668082284
704bedcc6be7cd71aff29650ec3b9a16d0c427e3,1.0,0.00046093022218404657,0.00044081336697880457,0.00048590961677186077,1.8437208887361862,1.7632534679152183,1.9436384670874431,1.4334150552523464,1.8437208887361862,1.2862435635654792,0.11554824924004418,0.03548197001036848,0.17742791076351377
704d79cf2b43daa277f6c7ae26ce97c879b9bfb8,1.0,0.001957112402467055,0.0018732247994011815,0.002021603276185785,7.82844960986822,7.492899197604726,8.08641310474314,4.380275937276722,7.828449609868219,1.7872046697439965,0.035535424550536134,0.028580121104499923,0.04520678741453562
704e0a1a6c09a0281450738eb8a5efea8b82fc72,1.0,0.0013068655584323355,0.0012456992397635205,0.0014038282695062968,5.227462233729342,4.982796959054082,5.615313078025188,2.692180047205243,5.227462233729342,1.9417208886738389,0.13018836252198557,0.11441844221700163,0.14309852682331461
7051229878f45ae905b38e5a048e1ada7dcbfcfd,1.0,0.002662118342613701,0.0025875367442412573,0.0027621347367585798,10.648473370454804,10.350146976965029,11.048538947034318,10.268254924622,10.648473370454804,1.0370285358733242,0.05409528094499502,0.037497366928653304,0.07254119913820083
705146703be205c96aa396026d0041dac7497ee6,1.0,0.0004393896645985181,0.0004317589613319144,0.00045199111064076923,1.7575586583940723,1.7270358453276575,1.807964442563077,1.6339674432338422,1.7575586583940723,1.0756387256502653,0.10567520787980447,0.02754750181086596,0.1646868068330597
705d195c18584544c83c0f3dce9e9ffd74032e31,1.0,0.0024786080121311526,0.0023553212537325875,0.0025924264335271115,9.91443204852461,9.42128501493035,10.369705734108447,8.988962331093093,9.91443204852461,1.1029562349182718,0.11509227354881618,0.09416378844500578,0.13460366486398265
705cc5a362b95fbec2cda7ee8b7170f7a5dfe127,1.0,0.001558667389052061,0.0014920459843091839,0.0015870706410728223,6.234669556208244,5.968183937236735,6.3482825642912895,4.258525954839202,6.234669556208244,1.464044043015269,0.10029910603791474,0.06070899881916015,0.13792433798183243
7066e02f20945dfd128ecaa3460a3896c27e203d,1.0,0.0013411047661444136,0.0012538476336343418,0.001396297784919909,5.364419064577654,5.015390534537367,5.585191139679636,4.039683205565777,5.364419064577654,1.3279306301015605,0.2086087760894755,0.13016532092987976,0.26243095182378956
70616abb03e2ab3f4e5f7841aa1959cd372fa9d6,1.0,0.0020456791907736745,0.001870389862167022,0.002186655677851352,8.182716763094698,7.481559448668088,8.746622711405408,8.182716763094698,7.181273240395396,0.8776147883773804,0.3627758043008102,0.25826551287524646,0.4274095050517015
706bcddf116af7f95017fff7d3e1b7cc069961cd,1.0,0.001826564390969701,0.0017207729330620098,0.0019421969992083155,7.306257563878804,6.883091732248039,7.768787996833262,7.306257563878804,6.405949451139406,0.8767757494356064,0.08478788412780888,0.03025223878925003,0.12634158304936624
70685fb4b9bfac9ad381029bf24b2b9fae7f32a8,1.0,0.003551112120404764,0.003437114782171649,0.003705660912736644,14.204448481619057,13.748459128686596,14.822643650946576,13.695861305562289,14.204448481619057,1.0371343696252397,0.09350475173366875,0.06768186318468183,0.10889595311630106
706f09886cb0c4bb86a561f14c546214de8a6a42,1.0,0.0013580552694603346,0.001305256855910031,0.001425895061933053,5.432221077841339,5.221027423640124,5.703580247732212,5.011125825403395,5.432221077841339,1.084032065270292,0.10782895065116509,0.0,0.18105582238526227
70703ff28e2920c6f3c020211538499ba2fadd12,1.0,0.0014968457695382447,0.0013644238810992238,0.001630217311864461,5.987383078152979,5.457695524396895,6.520869247457844,5.987383078152979,3.655189275495802,0.6104819464171274,0.30365183550054914,0.1777692014523498,0.3884412245902436
707168f209f295dff60e9a48ee0dcc42301484c0,1.0,0.0036733816415836515,0.0036005725193988774,0.0037778624727112377,14.693526566334606,14.40229007759551,15.11144989084495,12.955650711896189,14.693526566334606,1.1341403757391095,0.02479216117972181,0.0044511465004209196,0.040600623153794785
707cc3d17e2c4e370a48d7d9b9b9ea980ce647bb,1.0,0.0016386160995582706,0.001536196971240832,0.0018104504566490794,6.554464398233082,6.144787884963328,7.241801826596317,6.554464398233082,6.199483703979967,0.9458413879936842,0.21811458757922741,0.17081698652210095,0.26118309199296197
7085281f22a3f691426cf2010568eec3b0385cbb,1.0,0.0016424743414170427,0.0015081731017454543,0.0017738822558135102,6.569897365668171,6.032692406981817,7.0955290232540404,6.569897365668171,5.923110510072538,0.9015529741795512,0.19903054135200754,0.13801667120988448,0.23353540588452293
708106fe06565e574c4f027c82fed84d1ffb68f3,1.0,0.0016466696546795169,0.0015875375598276918,0.001751087881332934,6.586678618718068,6.350150239310767,7.004351525331736,5.320338150974941,6.586678618718068,1.2380187935067761,0.022830040959350737,0.00876541419004229,0.034258398678881447
7089a19b61ac24600ddc4c667ad2d7d62713adc7,1.0,0.001728417900109177,0.001607578450925398,0.0019342683865780828,6.913671600436708,6.430313803701592,7.737073546312331,6.913671600436708,6.48829462411199,0.9384730717759506,0.0979976372313143,0.0,0.1779643535902152
708ef733bf7669acc93e5d6586b9847d2c8292a8,1.0,0.0018646726822405461,0.0018068936794626862,0.0019516109128835217,7.458690728962185,7.227574717850745,7.806443651534087,5.921430532161423,7.458690728962185,1.2596095974530728,0.0,0.0,0.03311901349074289
70a14e0baac79962f75beefcd259410d8f6bdf69,1.0,0.00017625165590764768,0.00015308234279602127,0.00028803041345350444,0.7050066236305907,0.6123293711840851,1.1521216538140178,0.660790657980577,0.7050066236305907,1.066913726936063,0.002071879042690401,0.0,0.39698929192556626
709d6c0d2b4a0007e9285c163544fe6e392a34d0,1.0,0.0007962247208809903,0.000781983823801883,0.0008192383264942593,3.184898883523961,3.127935295207532,3.2769533059770373,2.3613984622031667,3.184898883523961,1.3487342075053588,0.10906934693624047,0.08664386018146572,0.13169568246036462
70ab7b5246330a843b9698d65c1c454525aa7173,1.0,0.0006898492911932744,0.0006599365070352165,0.0007210795671951426,2.7593971647730977,2.6397460281408662,2.8843182687805706,2.122828114271861,2.7593971647730977,1.2998683907668063,0.08374689920885038,0.04927393532464955,0.11538671719311364
70b587f2431e76d0139a934324dbe6f7ea78e342,1.0,0.002363475520709028,0.0023133180485294383,0.0024489551594843355,9.45390208283611,9.253272194117754,9.795820637937343,9.06259602670738,9.45390208283611,1.0431781417791939,0.009536951292134391,0.005341460386537337,0.013911038077084032
70c06cbf1a27760405e4709d9e7bd5518c96e0b3,1.0,0.0021130046736721176,0.0020441102222437638,0.002217420266731655,8.452018694688471,8.176440888975055,8.869681066926619,6.482073643850324,8.452018694688471,1.3039066136971575,0.013751364400176307,0.0,0.09111354019217775
70c0efd20d4cb9c23db3d5068f7da6897b17957c,1.0,0.002645152798591311,0.0025335890603713535,0.0028345032443535863,10.580611194365245,10.134356241485413,11.338012977414346,8.944745809897775,10.580611194365245,1.1828856201433147,0.08436335575364583,0.0637023590533129,0.10517788361959289
70c47d9569c541fad814ce5464be4234f5f1d70a,1.0,0.00294266791110467,0.002853036404517296,0.003077787724665658,11.77067164441868,11.412145618069184,12.311150898662632,7.474974304406266,11.77067164441868,1.574677204907612,0.11366973091622903,0.09850712470022412,0.1375288139130981
70d648aba9406b0643fb0e90596163e20a337ad0,1.0,0.0019694803399128544,0.001920559340382507,0.0024857568468205056,7.877921359651418,7.682237361530028,9.943027387282022,7.870268771844298,7.877921359651418,1.0009723413556721,0.0,0.0,0.06254744223961471
70da1b48d0519ce3c1698c46ecc1eeb762750a71,1.0,0.0010623954782986648,0.0010486792297908685,0.0011256245782949098,4.2495819131946595,4.194716919163474,4.502498313179639,4.226366919852469,4.2495819131946595,1.00549289585652,0.05735166994106093,0.03691442944933492,0.07963634937608557
70dfd8e65f4e8e3273630bfc95ff0dbddcd42bed,1.0,0.003730891627078096,0.0036050458843779336,0.003932007386407036,14.923566508312385,14.420183537511734,15.728029545628145,12.009718446248117,14.923566508312385,1.242624177669591,0.026291778944658308,0.014034236073678794,0.036814513797483746
70e8c1461e345f07f1e47e6dfb4f5ac9d88dcfee,1.0,0.0013781499393904291,0.001325777775979964,0.0014389064640847556,5.512599757561716,5.303111103919856,5.755625856339023,4.353453123769867,5.512599757561716,1.266259128291265,0.14879676258525049,0.11094728374212472,0.1787526057040701
70ed14d78f9a30b2e736b00b2892849b79a40482,1.0,0.0011960247081070228,0.0010977806720050048,0.0013082810612287004,4.784098832428091,4.391122688020019,5.233124244914801,4.784098832428091,4.307911491028895,0.9004645685470684,0.2612329966265815,0.21329479794845624,0.31771138068039634
70f4baae191ab51b3807f6115e1743835abc741e,1.0,0.0004357406057892417,0.0004255442464894834,0.00046332230543477936,1.7429624231569667,1.7021769859579337,1.8532892217391175,1.633252454563898,1.7429624231569667,1.067172694757935,0.051154954912627476,0.0,0.11592590060325042
70f74f32f1c791988dde207db363fac61bb40fc0,1.0,0.0016535535246373107,0.001583025187798505,0.0017401674233414322,6.614214098549243,6.33210075119402,6.960669693365729,5.522748778350207,6.614214098549243,1.1976308110333937,0.15023405917335203,0.06697229365303567,0.20830948633564184
710440acbf0d82ce1c3787463bdeb40a010cddcf,1.0,0.0018078140319834506,0.0017294254286575016,0.0018727455795104937,7.231256127933802,6.917701714630006,7.490982318041975,5.378366987558875,7.231256127933802,1.344507755729758,0.22028853153332012,0.16539983487242266,0.25240041697749976
710b65a1946aa8459b2bdd723f9d8916a82e6ce1,1.0,0.08163701104603563,0.07750810203862353,0.08720249337949461,326.5480441841425,310.03240815449414,348.80997351797845,114.09836469381375,326.5480441841425,2.8619870675661616,0.0012245397771337607,0.00037869248922733765,0.0023936858815613703
710cc93587e7fd9f46f5a5515a6fa4a173958111,1.0,0.0016094464504431433,0.0015831834676476703,0.0017785282323562262,6.4377858017725735,6.3327338705906815,7.114112929424905,6.094437668608276,6.4377858017725735,1.0563379513967044,0.11339273439648065,0.0001366458388113183,0.2050529150631168
711202400623f59a6cae26156b73930218528235,1.0,0.0014992734758814946,0.0014047592128012055,0.0015976299302314667,5.997093903525978,5.619036851204822,6.390519720925867,1.2914696418733285,5.997093903525978,4.64361972522014,0.21484695917415036,0.08878933999403474,0.35094613838537453
7117dc19f8a9cef1775abc6291ff7b4341857f9f,1.0,0.0023107423749460163,0.002117964799678996,0.0024295014847865912,9.242969499784065,8.471859198715984,9.718005939146364,9.242969499784065,8.314715861928807,0.8995719245988052,0.03101700366361835,0.0,0.07542101572281656
711b6486ef8a309d54faed3eb53c060539f4e94c,1.0,0.002349982834142844,0.0022529011078855003,0.002429986829064164,9.399931336571376,9.011604431542,9.719947316256656,6.868924373808266,9.399931336571376,1.3684720962155346,0.10807226288108175,0.08857935979355638,0.1289382964999879
711ca973f6e9a07d7c2b51997ea7e114befc6dcf,1.0,0.0018234220723767917,0.0017918987101985873,0.001913245521989782,7.293688289507167,7.167594840794349,7.652982087959128,6.329833223279363,7.293688289507167,1.1522717948844234,0.1494478192579674,0.014083058234578541,0.2274886319679415
713083e2242c910448a888aeb5ac09e0a9392b8a,1.0,0.003053550104525428,0.0029715455048987456,0.0034259722968048027,12.214200418101713,11.886182019594981,13.703889187219211,11.854269429748891,12.214200418101713,1.0303629836056836,0.0,0.0,0.0
7132a91cc66850eb5465a09a18bd2bf3cd71915f,1.0,0.001967741842023682,0.0018760803645372854,0.0020347670614732248,7.870967368094728,7.504321458149142,8.139068245892899,5.928612897422822,7.870967368094728,1.3276237636490402,0.10519127476427047,0.07964170761959613,0.12473916558933364
7132b41f80c8c7f6740de669d34c8d582955ed74,1.0,0.0017072109132407972,0.001665042108460427,0.0017633754110521805,6.828843652963189,6.660168433841708,7.053501644208723,5.470598453444805,6.828843652963189,1.2482809168095867,0.23153319659125557,0.1933048967905622,0.2708704642420649
7139be56580867accb9e7c7a36a698faa0237ddb,1.0,0.0012503915007513742,0.0012119863627892248,0.0013270260195788414,5.001566003005497,4.8479454511569,5.308104078315366,4.536523765746861,5.001566003005497,1.102510702306896,0.03119258530183727,0.00041660036427787977,0.07320272701512708
7152c9f6dadb0f12a8fc8587bc5bab2154362c45,1.0,0.0012933281524033565,0.0012530330786844487,0.0013393581374462516,5.173312609613426,5.012132314737794,5.357432549785006,5.018304936547552,5.173312609613426,1.0308884523809976,0.10958779555757601,0.04954952162734677,0.15117176643214303
7157a5b0f45bf3efa5df038b12c99e1ea7add5a7,1.0,0.0023700175072720493,0.0021929004385724793,0.0025142951769118135,9.480070029088198,8.771601754289918,10.057180707647253,9.480070029088198,8.615898520205356,0.9088433412167569,0.17058005738852147,0.11776016241014282,0.22263391013743813
715c9ad02f054fc40f2f077e94dff18378330794,1.0,0.0004812165603477236,0.0004635628524703687,0.0005378661243772192,1.9248662413908944,1.8542514098814749,2.1514644975088766,1.9248662413908944,1.9149633999981677,0.9948553093301844,0.18489417055404914,0.12750973840476384,0.2408304087789268
71637c0469c11c8d5163f6eb4f0c543af95967dc,1.0,0.0012000625760766773,0.0011641949362586833,0.001250563929229873,4.800250304306709,4.656779745034734,5.002255716919493,3.475189609618476,4.800250304306709,1.381291625360754,0.044045711917652094,0.03127387831403939,0.056965975024274494
7163c04c94da56f5a1362b7b74a82e7e86eb769b,1.0,0.0035519615811470374,0.0034350016828948757,0.00367872222347188,14.20784632458815,13.740006731579502,14.71488889388752,10.68018262284944,14.20784632458815,1.3302999420807227,0.03813505527131331,0.007816024430081364,0.06927401981764188
716a44a8caf2f081124c18249b55c179e13c16a2,1.0,0.0029373460152929513,0.0028324287645427513,0.0030430483607795547,11.749384061171805,11.329715058171004,12.17219344311822,10.631054550054346,11.749384061171805,1.1051945981324818,0.10568763903983736,0.08301737330531217,0.12930897393659938
7177e4325a5896670a2bf29c74a34b5216c13b61,0.7994313320113074,0.00037945534348642805,0.0003196877487158245,0.0004055113299248361,1.5178213739457123,1.278750994863298,1.6220453196993443,0.4925962850588673,1.5178213739457123,3.0812684138783673,0.6208308058474062,0.5302703452332966,0.7148188515633062
7179c10b82d7c5ce96d33345144caf8202649439,1.0,0.0022161753158683726,0.0021297907349324603,0.0023242283163578707,8.86470126347349,8.51916293972984,9.296913265431483,7.719666738692636,8.86470126347349,1.1483269373587974,0.06648286349939452,0.022288423527918058,0.11147754693791737
718549aceb3db7634fb176b5923cfae803bcbb1a,1.0,0.002417793601918987,0.002342604929338048,0.0025044937343840223,9.671174407675949,9.370419717352192,10.017974937536088,7.980938339889361,9.671174407675949,1.211784128106673,0.01772775650613525,0.01129706894555912,0.024689334219185618
7192388274db6d4d2b7de27f3f4f9bb81dfc8185,1.0,0.0006702910814901666,0.0005809304621718375,0.0008007582426211925,2.6811643259606663,2.32372184868735,3.20303297048477,2.6811643259606663,1.7649325105272762,0.6582709211211429,0.2518208253686326,0.0,0.4071166518775681
7187eecac8068f9bdfdb028a0e4e4992e6dfd24c,1.0,0.001398476683745928,0.0013272489716803552,0.0014790552043207927,5.593906734983712,5.30899588672142,5.916220817283171,4.68092512192672,5.593906734983712,1.1950429860072616,0.0,0.0,0.046614580028226056
719dfebc4932c4000f2556dbfd97162b355a9598,1.0,0.0018807695754678177,0.0018385802345112453,0.002006601762705903,7.523078301871271,7.354320938044982,8.026407050823613,7.496487796888871,7.523078301871271,1.003547061731153,0.0752961543023051,0.030024896358182316,0.1053370578767605
71a31b0136c6f380bc5ab8f94908f09b879e2859,1.0,0.0028073497997671607,0.0027005518591288313,0.002891529458724174,11.229399199068643,10.802207436515324,11.566117834896696,10.269373399707968,11.229399199068643,1.0934843599501383,0.035706809000957976,0.024589644502196462,0.05053001270094967
71a92b7da1fde05014a8c918c576df475ab3d8d1,0.24979709754639146,0.0023883768799675504,0.0022121007927477904,0.002557971217596255,9.553507519870202,8.848403170991162,10.23188487038502,0.0,9.553507519870202,,0.3083186583925137,0.1900552717091645,0.39140450459703663
71ab077b661c0dcedada5a1e6cf6e3de8b6f4d3c,1.0,0.00241647689948589,0.0023195623080545917,0.002530232975032445,9.66590759794356,9.278249232218366,10.12093190012978,6.864406466240434,9.66590759794356,1.4081199365860806,0.01741896094715172,0.0,0.0489824649347329
71b5ba49e977b7e23202bd1971e071bbefda3ed9,1.0,0.0022601379930040776,0.002163526052472827,0.002346272203348122,9.04055197201631,8.654104209891308,9.385088813392489,7.647381067648926,9.04055197201631,1.1821762106587026,0.10647046104902637,0.07557748629916874,0.1293680030839404
71b5ec8c6bfc4ee8b48db7c7fc9ec1367a4c2e1b,1.0,0.0012580010071881163,0.001222864223355016,0.001439634964990084,5.032004028752465,4.891456893420064,5.758539859960336,4.708357809409377,5.032004028752465,1.0687386627023756,0.23585955122268573,0.14544618412971563,0.3088465470094925
71c1eef6d7fe714c37d3cfb5239e8d620c85eb5b,1.0,0.0013601409410383643,0.001321343461167849,0.0014151300274475767,5.440563764153457,5.285373844671396,5.660520109790307,5.0545663538972265,5.440563764153457,1.076366078359742,0.2635944393609389,0.18792223932130078,0.3246262655943956
71c6bb3144f0b6d48641c74cff758846760e87da,1.0,0.00122504381914096,0.0011668006755561945,0.0012817405565418924,4.90017527656384,4.667202702224778,5.12696222616757,3.4565639254609657,4.90017527656384,1.4176434697096931,0.041274014800772835,0.022436339235629807,0.053369039225426664
71cfc2fb723b9d00e7256bb36ab28c68f5b2d0ad,1.0,0.0019608957732479737,0.0019234975670573827,0.0020190053770451403,7.843583092991895,7.693990268229531,8.076021508180562,6.953067759276236,7.843583092991895,1.1280751697734577,0.1652017694807033,0.044123126394477775,0.26963808755269586
71d3ea4c47b31df28e5a1decb041624513f4b65f,1.0,0.0011114279418322436,0.0010421738958155758,0.0011696825960730366,4.445711767328975,4.168695583262303,4.678730384292146,4.445711767328975,4.1429868804345515,0.9319063172023176,0.1761993623244818,0.13777418411631537,0.21385830708454734
71d4513d78220633cd2f304580db2982cf9348bb,1.0,0.0017216253838618122,0.0016534381025856322,0.0018291782679138939,6.886501535447249,6.613752410342529,7.316713071655576,6.198097642239495,6.886501535447249,1.1110669648887654,0.02051897289034233,0.0,0.12864500574440696
71d6d4b5580e13971afdf444635962f0cc4ef405,1.0,0.00034307132491664797,0.0003213389579915092,0.0003681377704654935,1.372285299666592,1.2853558319660368,1.4725510818619738,1.372285299666592,1.2057739941013967,0.8786613063583422,0.4902241042762211,0.44543971795752624,0.5205938453104969
71e3848fd32ddd6e7a1b4bac4b86c84210289401,1.0,0.0008604250583703169,0.000814559331939418,0.0009194374225362677,3.4417002334812676,3.258237327757672,3.677749690145071,1.098786672291644,3.4417002334812676,3.1322733705016756,0.2890686305631391,0.19073337934009266,0.37330676408335073
71e09430a95177d21f42dfac87dc2ae157673ec1,1.0,0.0024987393455295566,0.0023258185776629135,0.0026433723002051834,9.994957382118226,9.303274310651654,10.573489200820733,6.922703960642453,9.994957382118226,1.4437938468757887,0.14620427411001471,0.11772258328546625,0.17931606635787517
71f12bcfa8ff7127d2504a7a73e5f38c582b83c9,1.0,0.0008995338789796213,0.0008836650181478993,0.0009316766016449403,3.5981355159184853,3.534660072591597,3.7267064065797615,2.7120242391261367,3.5981355159184853,1.326734276194327,0.08254585705914105,0.05033234463404964,0.1154866312438168
71f318f805313813a081cbc2f56fd2b00db04649,1.0,0.0010054088474186313,0.0009753640791026456,0.0010520835349971348,4.021635389674525,3.901456316410582,4.208334139988539,3.9676688752855553,4.021635389674525,1.0136015670876986,0.15165785523895248,0.11547054397686034,0.18429765431818163
71f48a8410f5af7652626f22ff5b329e53db15b8,1.0,0.002423392684349163,0.0023440453196255334,0.0025404607868105516,9.693570737396653,9.376181278502134,10.161843147242207,9.15830749446272,9.693570737396653,1.0584456509303235,0.037588853051926205,0.006946194054789805,0.05960871483374357
71f82df780896f71729810a179ab5c3fddf62f8d,1.0,0.0013320590811521428,0.0012932379636614803,0.001365324013247601,5.328236324608571,5.172951854645921,5.461296052990404,3.7320739761167645,5.328236324608571,1.427687757184443,0.35467191629813316,0.3038487913368456,0.4052193284107897
7201de8d75bffdb48ef8b92e233e259e10afefd6,1.0,0.0007515996283140611,0.0007299015688223252,0.0007744547666391958,3.0063985132562445,2.919606275289301,3.097819066556783,2.765251320334139,3.0063985132562445,1.0872062481803522,0.041256103840098445,0.006508471524715294,0.08572236661492909
72036e01340a12ca9f1634172fb928c3875282b1,1.0,0.001336667382425128,0.001303467365839555,0.0013755187638937786,5.346669529700512,5.21386946335822,5.502075055575114,4.78275409410175,5.346669529700512,1.1179060065609898,0.14320846706314766,0.11346647486130562,0.1769529471599331
720b250b023d40d43294a2f0f209e5ffb3197e7f,1.0,0.000651737008040742,0.0006324418358443659,0.0007108102450251705,2.606948032162968,2.5297673433774635,2.843240980100682,2.4052976374815525,2.606948032162968,1.0838359426039896,0.28307470528748646,0.22061811269518997,0.35774949563209074
720f2e17198d9ec48f4f85f2d85fe143272e646b,1.0,0.0018557163311210963,0.001762030822319498,0.0019271725468367248,7.422865324484385,7.048123289277992,7.708690187346899,4.378369132518018,7.422865324484385,1.6953493640714263,0.08949470571239186,0.05212887906098398,0.11928948793045598
72119361288e9a8b2eedd0554aea61c20ce7e19d,1.0,0.0016418573367876729,0.0016038198480886792,0.0017206221037290674,6.567429347150692,6.415279392354717,6.88248841491627,6.191387944164908,6.567429347150692,1.0607362042852098,0.18815366345961973,0.15171799933337954,0.2115100294706636
7219855f830f655749ad4f2eca01025f3bfb8979,1.0,0.0005752966501552725,0.0005138656935916007,0.0006428957825268239,2.30118660062109,2.055462774366403,2.5715831301072956,2.30118660062109,2.0185207420638616,0.8771651727500338,0.3548540627329546,0.2619784334550576,0.41807341222832234
7220536f50809630e99f044d9220fdc93ae20e78,1.0,0.0008897982368942526,0.0008399727106629458,0.0009322238378967008,3.5591929475770105,3.3598908426517835,3.7288953515868033,3.5591929475770105,3.164138293537284,0.8890044288527074,0.03896464490652188,0.0033826045483107093,0.06687777675449978
722616f5b92fc991d5196dfecd2c14b4321a2965,1.0,0.001603816307753866,0.0014950531735032422,0.0017395919275296162,6.415265231015464,5.980212694012969,6.958367710118465,6.415265231015464,5.406795689574252,0.8428015826117944,0.20418921815551147,0.15764218232752636,0.25582941887811067
72326de2ccf87c03ab37fa3254a22666f648acea,1.0,0.0006549255535209515,0.0006063329531917863,0.0006997715257347013,2.619702214083806,2.425331812767145,2.799086102938805,2.619702214083806,2.3583285102013294,0.9002277043255897,0.12909839241394735,0.09770415078102353,0.1663355752626348
72382fe8ff6ba21eea47e48e90c9303ff43e7a54,1.0,0.001962172943930059,0.0019055606170104201,0.00202950444565611,7.848691775720236,7.622242468041681,8.11801778262444,6.244748551113634,7.848691775720236,1.2568467267301848,0.15953297623453427,0.1284650800673799,0.1935153868521739
723a98ef15613ca7268c26e0c7cf74dac7b2fcc2,1.0,0.0004804464788134444,0.0004678192725044183,0.0005754430785677535,1.9217859152537775,1.8712770900176732,2.301772314271014,1.9217859152537775,1.9204730109802517,0.9993168311500751,0.08405329181608201,0.0,0.16511808768279548
723c7e37af90317f6ac9b07232c8db7b3b9251a0,1.0,0.0009886792988269817,0.0009321401843797875,0.001156804762935188,3.9547171953079268,3.72856073751915,4.627219051740752,3.9547171953079268,3.9275812638988734,0.9931383383263792,0.1734143392055408,0.006713437349071942,0.29607405230505224
724a8c815fcac6080eb1e20a06ec799bc6181919,1.0,0.001812181092784014,0.001728559598269987,0.0019023977229214344,7.248724371136055,6.914238393079948,7.6095908916857375,6.343793804330274,7.248724371136055,1.1426481683859389,0.11621292361135455,0.025703673919146956,0.18604630616494167
724c65a56f21f1d2b0f9807420f65528e8863400,1.0,0.0014057319109466253,0.0013681082538165024,0.0014608193696548327,5.622927643786501,5.4724330152660094,5.8432774786193304,4.008367966369887,5.622927643786501,1.4027972708500647,0.08793322641719896,0.06554970060183718,0.11193553650940803
7250a7a68036da8f519e96790f6cc539be6c02c2,1.0,0.001621531529143584,0.0015462447974434778,0.0017013047120903065,6.4861261165743365,6.1849791897739115,6.805218848361226,4.691809039755689,6.4861261165743365,1.3824360841659662,0.06104888503342357,0.0,0.1962951647629464
7257436b47156924db19fbfa1fd58d9f44a63c46,1.0,0.0026565148650173217,0.0025103024518426534,0.002811426738144041,10.626059460069287,10.041209807370613,11.245706952576164,5.002774589577825,10.626059460069287,2.124033227922428,0.07020797443486501,0.0489963960675633,0.09014219269924935
725a97034c616faa9bd3e1c2b9d54e0a51d0e472,1.0,0.0005856526772102964,0.0005653113632198993,0.0006004190146621539,2.3426107088411854,2.2612454528795976,2.4016760586486154,1.6376532093729173,2.3426107088411854,1.4304681207434675,0.05161841535103139,0.036847578867289954,0.07243042787024581
725b0a88a78abe8ddf0827b6d4e39a3981894efe,1.0,0.0004979739785468284,0.0004711464016155525,0.0005356571284015468,1.9918959141873136,1.88458560646221,2.142628513606187,1.9918959141873136,1.9159418038851725,0.9618684341078484,0.3331316590729391,0.28040453914511504,0.3891278118613477
727a172a2642518dac6bafd3c0903c4444b4d0f5,1.0,0.001964384981455453,0.0019111679355749403,0.0020416410634710113,7.857539925821812,7.644671742299761,8.166564253884045,4.606598700750892,7.857539925821811,1.70571400641888,0.12154902564497304,0.06284493869468172,0.16095823269228848
727dafbd66c38eeba81671abd4fad242e7397efc,1.0,0.002958331736324224,0.0028105259325975993,0.003183948444406179,11.833326945296896,11.242103730390397,12.735793777624718,7.533649658124653,11.833326945296896,1.5707296572432543,0.06495864720835862,0.04821584610446398,0.08089243163684588
7287b24b0ed29a1d72d93fd457a51dc9680ef2df,1.0,0.0017352926884139505,0.0016733939792828202,0.0018520258395292898,6.941170753655801,6.693575917131281,7.40810335811716,3.964131675371896,6.941170753655801,1.7509939936605698,0.04995965911956029,0.027723736461830153,0.06852420532419012
728ba8725f3518dfb143d348482c4a202725f911,1.0,0.0016281195267015666,0.0015880964100362899,0.0016678619920434542,6.512478106806267,6.352385640145159,6.671447968173816,5.769882249768144,6.512478106806267,1.1287020817570346,0.2150225719625065,0.15210807159523868,0.26981497959580947
72a0438eb275ef13336a65f58f7c0a98486d9ed9,1.0,0.0014506991539867094,0.0013763608810981542,0.0015060092024936807,5.802796615946837,5.505443524392617,6.024036809974723,4.832000200284785,5.802796615946837,1.2009098459070502,0.06281761535716572,0.04387595703542654,0.0739010274531422
72a0a2e485ee59e072dc0afbbc7aa9cd5ac51868,1.0,0.0016473948821004714,0.0016124880312083215,0.001701985193785394,6.589579528401885,6.4499521248332865,6.807940775141576,5.8732270465173695,6.589579528401885,1.1219691451072522,0.020417696924253378,0.010543811633360885,0.0343062909127539
72af136fc5261adbc8c3599dffbe4236a714cfe2,1.0,0.00046244500534200496,0.0004428810442946994,0.0004840992362188497,1.8497800213680198,1.7715241771787977,1.9363969448753988,1.3256564554645816,1.8497800213680198,1.3953690745010985,0.30961259631750715,0.18508501518997883,0.3809520467728209
72b04aa041930922a54cc251fd034a559b9ad68a,1.0,0.002111481061465185,0.0020502349177137624,0.0021880890683002416,8.44592424586074,8.20093967085505,8.752356273200967,8.110439493158797,8.44592424586074,1.041364558971795,0.056864010746761395,0.03574917886422351,0.07359421144427324
72b232d7ecab38037bc023f1059573fb6c4588bb,1.0,0.001598769322886985,0.001490446844246892,0.0017152974801803022,6.39507729154794,5.961787376987568,6.861189920721209,6.39507729154794,5.3805294375626,0.8413548722348957,0.25460231118371207,0.15999464295873442,0.3224882419363191
72b6b19718713d6da521ae3bae688c941c585c16,1.0,0.002409738970401057,0.002314128738492341,0.0025621549715162018,9.638955881604229,9.256514953969363,10.248619886064807,8.724201485249173,9.638955881604229,1.1048525068915152,0.0540342200442082,0.038722373989231784,0.0673203948157965
72c386e34697acb8728f5c9753ae58e7e68937a0,1.0,0.0008097344683921289,0.0007878309868661968,0.0008721407633823112,3.2389378735685157,3.151323947464787,3.488563053529245,3.0988102468035628,3.2389378735685157,1.0452198152208563,0.10253840137239306,0.06519874395535195,0.13653788854123153
72de85f17a673d4cffdd30d4bf92456c6f9a4d29,1.0,0.0004677411552787305,0.00044060890259323094,0.0004960867616882607,1.870964621114922,1.7624356103729237,1.9843470467530429,1.0816741299038621,1.870964621114922,1.7296934163352977,0.12422432464754109,0.046651940188873385,0.23779051456991568
75ae02314296236f765180d9cee7c3819a0e9b0c,1.0,0.0027536985301822446,0.0026570548946569118,0.0028848445992781845,11.014794120728979,10.628219578627647,11.539378397112738,10.336184452073544,11.014794120728979,1.0656537885717876,0.0506451301521928,0.03176568180118205,0.08231813764977158
72eccd04b888ed0d5e9b4c56096024048836907e,1.0,0.0022259494723892996,0.0021440010415908015,0.0023095436395268783,8.903797889557199,8.576004166363207,9.238174558107513,7.084334856418493,8.903797889557199,1.2568290559402695,0.04653074940556986,0.03453241718333026,0.06529816746300436
75bab90fb6c5ea4a2a498b6d57d6e65c1a36b018,1.0,0.001366473673253945,0.0013205937809115267,0.001430047978398097,5.46589469301578,5.282375123646107,5.720191913592388,3.6842238808006273,5.46589469301578,1.4835946103872422,0.007000984566139016,0.004708281366298556,0.009550387465863753
75b91e69a253ca9c25df2a937c748920a50c88f8,1.0,0.0009998726200970295,0.0009277808497578964,0.0010490953384585937,3.999490480388118,3.7111233990315857,4.196381353834375,3.999490480388118,3.7597087026533007,0.9400469187486231,0.17160064695533742,0.10449169635075391,0.23641702985981297
75c980f963dc219bb6dc3ec8f6fc0b6478775528,1.0,0.0009414725443368714,0.0008847706942704152,0.0010051776837865377,3.7658901773474858,3.539082777081661,4.02071073514615,3.7658901773474858,3.3188147457350192,0.881282934297525,0.11464951178164533,0.05025584672611418,0.14705928609821567
75ce92c95fa6719d977a123f7d7c684ee616bbe9,1.0,0.0008925714219947739,0.0008817567299583892,0.0009527805551922269,3.5702856879790956,3.527026919833557,3.8111222207689077,3.505992690985682,3.5702856879790956,1.0183380293857196,0.06919088091804486,0.045489921698984054,0.09369626973080383
75f94e1f9cd57a8bc0a95e2a1b7a1475c52a281b,1.0,0.0011838008704255223,0.0011409807373492817,0.001228137552914185,4.735203481702089,4.563922949397127,4.91255021165674,3.454274730805573,4.735203481702089,1.3708242252629947,0.01886868608725558,0.008583320630993482,0.028818768365698827
75fa0e27870f13c055b480b231119be9eed59b87,1.0,0.0009728253033006609,0.000946794703900724,0.0010155673562649958,3.891301213202644,3.787178815602896,4.062269425059983,2.9487395863603036,3.891301213202644,1.3196489887415814,0.11832651865681414,0.08840184765548151,0.16061429449001183
75fbe5a69b3c2a35a626567ef9c5d715e944dacb,1.0,0.0024340665568344123,0.002321406014427782,0.002646017791173054,9.73626622733765,9.285624057711129,10.584071164692215,9.73626622733765,9.100266894190732,0.9346772861077742,0.04169172500099498,0.0015250431460553668,0.06552501450952772
75ff952931ea4709c5b6414f961b10773ec97ecd,1.0,0.0012321713885119026,0.0011822660057106942,0.0012852995561743314,4.92868555404761,4.729064022842777,5.141198224697326,4.287132191176365,4.92868555404761,1.149646275006791,0.0986916666297456,0.07124769077287253,0.11869440960720426
760629eccd6501cc73134ed487984ff73592fe5b,0.0,1.9770640308721103e-05,8.112968261717154e-06,3.052410083638884e-05,0.07908256123488441,0.03245187304686862,0.12209640334555537,0.07908256123488441,0.0,0.0,1.0,1.0,1.0
76021e1c71d16143598d5767c83622ff2cb40606,1.0,0.0016484518495636369,0.0015679267174616982,0.001755836529991177,6.5938073982545475,6.271706869846793,7.0233461199647085,6.5938073982545475,6.377371260256372,0.9671758477423122,0.1259030520307412,0.08016923373680876,0.16220117171458218
760a564771c49d05800c9372c6a8e93fa110b8cc,1.0,0.0015596346866805317,0.0015129115941826113,0.0016463406200743769,6.238538746722127,6.051646376730446,6.5853624802975075,4.75083839068711,6.238538746722127,1.3131448038626825,0.08370262579866716,0.04809256237382687,0.11592053465195414
760ec9cd618aad641621ca962959d5c76031c7cf,1.0,0.002231047554851163,0.0021519209095765975,0.0023136264856453144,8.924190219404652,8.60768363830639,9.254505942581257,6.947282872634533,8.924190219404652,1.2845583493594583,0.05138580157232093,0.03564882179009028,0.07140085946749648
7610438e00126c63b809252e37ccec59402a057c,1.0,0.0028082964135474845,0.0026970990492856638,0.0029385431759273288,11.233185654189938,10.788396197142655,11.754172703709315,9.602163049288485,11.233185654189938,1.1698599155762421,0.09735402065132036,0.06642077145992696,0.12441132389783155
761c5856afa542c0d0ecf30990ca38cabf37f325,1.0,0.0005726403819849639,0.0004981853949498655,0.0006384015958078035,2.2905615279398552,1.992741579799462,2.553606383231214,2.2905615279398552,1.878120637651571,0.819938960269172,0.3541015900680581,0.23545116469670524,0.46218918303064627
76223a058f016bc4bf4680a04763c867fa6c90a5,1.0,0.0027539006266465702,0.0026072863921759357,0.002887644859691045,11.015602506586282,10.429145568703742,11.55057943876418,7.457779434299824,11.015602506586282,1.4770619865644343,0.09722897501633737,0.07875692769753455,0.12514337659195474
76256aaa8fccafd88181ce5053cd6a6759e31df8,1.0,0.001856036841494643,0.0017584406271376682,0.0019809994991628645,7.424147365978572,7.033762508550673,7.923997996651458,2.6726400568791604,7.424147365978572,2.7778328573911084,0.07668030384223272,0.05181978201386738,0.09736721613855265
7631200b00b188d1b50c67129ece6b66d94cb5ea,1.0,0.001908608041955404,0.0017790831236251768,0.002051300300941789,7.634432167821616,7.116332494500707,8.205201203767157,7.634432167821616,6.690375458472303,0.8763422493517699,0.18711836797830622,0.13364488208244063,0.24390732839937168
762814531842df76415eb6857a8a157a0063c75a,1.0,0.0020035174626522284,0.0019178620643446373,0.002080423417714927,8.014069850608914,7.671448257378549,8.321693670859707,4.925510967302594,8.014069850608914,1.6270534983698834,0.19158964251416521,0.091538363245176,0.26645626653697
76346643330b18415b9f034561469eff011ff3d8,1.0,0.0008283755422935906,0.0007921392389596353,0.0008693213871638664,3.3135021691743622,3.168556955838541,3.4772855486554657,3.0614455983257343,3.3135021691743622,1.0823325330316091,0.0698102714040552,0.035544160762889396,0.09487449161471154
76358aaff38a7ced0158a67fc7597fa859496c1f,1.0,0.0008580964371859093,0.0007545253563606645,0.0009717815114644536,3.432385748743637,3.018101425442658,3.8871260458578143,3.432385748743637,2.9548982981986724,0.8608875908776453,0.2125923653063586,0.08255805851317054,0.2992675911018417
763e834b45b9b3430341da4d450cc05c5f0ddfea,1.0,0.0011175068372208663,0.0010444657927137562,0.0012344670063738413,4.470027348883465,4.177863170855025,4.937868025495365,3.1015823763455237,4.470027348883465,1.4412086498087238,0.0814034593831022,0.05173248438018757,0.10933379990559894
7646b0b831541cf27e71d9d7d95830cb9bf4e15b,1.0,0.0018265330304898593,0.001760721260057791,0.0019043361789095273,7.306132121959437,7.042885040231164,7.61734471563811,6.52848369076344,7.306132121959437,1.1191162401609767,0.04002514268075589,0.028342082935210823,0.05157203040231514
764b60904dbf05e3724cf24339a4db9776cfab8e,1.0,0.0009489944737833473,0.0009138925136602286,0.0010389847564951208,3.7959778951333893,3.6555700546409144,4.155939025980484,3.3422270356789654,3.7959778951333893,1.135763027050688,0.2536939214382608,0.11943392758363376,0.3912546325254948
7647a4c2669caf75d1e2c7e56780810f1e30a8e1,1.0,0.004023741592940358,0.0038605581302932966,0.0041830087375345935,16.094966371761434,15.442232521173187,16.732034950138374,11.267365737713252,16.094966371761434,1.4284586784903601,0.07011119117171241,0.0538901612844908,0.08393748590715974
7655697f99a0ff5c4a3e4c14fef9424f9fe28a4e,0.6525960437937889,0.0005397483745527764,0.0005156772383469689,0.0005801648565927563,2.158993498211106,2.0627089533878755,2.320659426371025,1.2953997050681758,2.158993498211106,1.6666620269899473,0.541964557723275,0.37511722882443943,0.6649942044082433
765f1479a2cd3f1b514a8bad12e500a66f6aaef6,1.0,0.002075156506786553,0.0019874676245517807,0.0022273538690755932,8.300626027146212,7.949870498207122,8.909415476302373,5.540741224486951,8.300626027146212,1.4981075077937454,0.05335299499871193,0.004983846840334397,0.09497399638537703
76646144345bd4bf754283c28cf5b9b03cbcb84b,1.0,0.003086273303129012,0.002882069344005325,0.0032034886276169003,12.345093212516048,11.528277376021299,12.813954510467601,7.199396051700537,12.345093212516048,1.7147401148461707,0.11003158892567776,0.08505810163229761,0.14077772138262734
7672c99b4ee788f519885fbf9fd552de7571ada0,1.0,0.0015619734580059235,0.0015031453463086085,0.0016187728901786796,6.247893832023694,6.0125813852344345,6.475091560714718,4.884367094266036,6.247893832023694,1.2791613962346031,0.19983176349345627,0.16455561251658762,0.24311683084033936
7678670a39bb457ca0ac2602a761132b2c09ea4a,1.0,0.0005669186810468316,0.0005520530092120534,0.0005858267201250265,2.2676747241873265,2.2082120368482134,2.343306880500106,2.0850802235508965,2.2676747241873265,1.0875719306020135,0.014528771881713058,0.007934571658322091,0.021585749739380388
767b2fefb5e82362068e8923745468ed88aff93e,1.0,0.0008006178824629406,0.000773385825442726,0.0008328624614923729,3.2024715298517625,3.093543301770904,3.331449845969492,2.309259274637946,3.2024715298517625,1.386796002087664,0.07419834481821486,0.05074360881631918,0.10233111790285807
767df9ee1f90c267f0bbff4ee869fc8fcfa8c45d,1.0,0.004206522354606247,0.0040627680344838685,0.004341173916772961,16.82608941842499,16.251072137935473,17.364695667091844,16.82608941842499,15.343820707680129,0.911906523620293,0.013536759119801116,0.0008171854941386378,0.030080474291434046
768e71195673312564f40f20df1d1798d15052f0,1.0,0.0013161075250358388,0.001169437595436938,0.00144085993688487,5.264430100143355,4.677750381747752,5.76343974753948,5.264430100143355,3.5267135963470952,0.6699136524295497,0.2182202787038354,0.10169917851259926,0.3162861275179343
769c764dd1ebde3b2eeeb7856ce86cbca4340ee6,1.0,0.0010145492725363732,0.0009487845714564897,0.001077730079028787,4.058197090145493,3.795138285825959,4.310920316115149,3.0729303450236025,4.058197090145493,1.320627750875467,0.14419612317774164,0.07462078543503099,0.1972199284318767
76a17791c4c727016a27510bd56bff2b47db4542,1.0,0.0016412574992126373,0.001564631434252391,0.001716197429574149,6.565029996850549,6.258525737009563,6.8647897182965965,3.9971895219584623,6.565029996850549,1.642411489569288,0.04949777294637433,0.040500240333113634,0.06751029277608953
76a82de609f6e9fb2d4c28666570f2669ce02c7b,1.0,0.0010706323276052497,0.0010394310194393253,0.0010961044518112,4.282529310420999,4.157724077757301,4.3844178072448,4.092365183155147,4.282529310420999,1.0464680249085785,0.09850133082312969,0.07522770405466693,0.11920128575406551
76a85921047337156b5c05a4009019931bfefe45,1.0,0.00220861974889649,0.002048284804141506,0.0023529109287383177,8.834478995585961,8.193139216566024,9.411643714953271,8.834478995585961,5.63935116605597,0.6383343227001391,0.3407223939580129,0.15607332996303552,0.4599682117469412
76a912b0268b995ff76ebf54850a0ac683ae7a2e,1.0,0.0012087136697093578,0.001159434428333079,0.0012631194002657477,4.834854678837431,4.637737713332316,5.052477601062991,3.899997528705384,4.834854678837431,1.2397071134663964,0.16424921916361218,0.06805504131978204,0.2274407778086158
76c7af499c6803ddf5d6d8bcb77127945be61f6c,1.0,0.0007904157697452935,0.0007624320598404117,0.0010107880191722008,3.161663078981174,3.0497282393616465,4.043152076688803,2.7441257230749967,3.161663078981174,1.1521567880054329,0.32832208841021093,0.12144576378423028,0.5002774926843753
76d5283d37c2cec35020b784040ec2d8689bde11,1.0,0.0006961467545207665,0.000591759932919534,0.000940657196649962,2.7845870180830663,2.367039731678136,3.762628786599848,2.7845870180830663,2.4651276323,0.8852758474745082,0.6602068178476662,0.4906652920857976,0.7421571276796265
76ef68c2b3509a9f872adeba54621bdc34c9004b,1.0,0.0019509915721637311,0.0018781623783118533,0.002019075802062391,7.803966288654925,7.512649513247413,8.076303208249563,7.1199879805609685,7.803966288654925,1.0960645312831085,0.17149767680066103,0.1309470442066062,0.211657738536718
76f60a11c0bfaaf9b0562006c6fd4976f98c71be,1.0,0.0024049324265806677,0.0023336750479513065,0.002500514104714077,9.619729706322671,9.334700191805226,10.002056418856307,7.233253560379839,9.619729706322671,1.3299312164327766,0.08293764162465742,0.054468510230918844,0.1270151229111955
76f9e3cdf20f7571370fdae1c3542ac351caa558,1.0,0.000710023453399405,0.0006342341001611383,0.0007945475155938041,2.84009381359762,2.5369364006445534,3.1781900623752164,2.84009381359762,1.8235319989927439,0.6420675226508905,0.3670754850027092,0.22592093460465215,0.44772534059413166
7708ddd7380ba6fb1977d4b86427fae744de5dad,1.0,0.002189848757882853,0.002064641728695896,0.002377379863834597,8.759395031531412,8.258566914783584,9.509519455338388,8.759395031531412,8.312959526989136,0.9490335230988863,0.09453903374903566,0.03674821452422754,0.12415401346571306
770d9784143af1e10de759c53f37d437803000b5,1.0,0.001392031637667258,0.0013179000560680839,0.0014869753061481296,5.568126550669032,5.271600224272335,5.947901224592519,3.5919103765449574,5.568126550669032,1.5501852682708046,0.1802024468451324,0.13741226000768722,0.2128550992928149
771c91f01d271f0ed06015d82365a8c2b78a9834,1.0,0.0005774149398273118,0.0005506709316890907,0.00061699936060624,2.3096597593092474,2.202683726756363,2.4679974424249598,0.9557090448353514,2.3096597593092474,2.416697604559297,0.0459571980498919,0.028948272177022148,0.06298881953843928
77195dde06fde482fb8c003f01ddfe2d48db11c0,1.0,0.0013411343561359696,0.0012808075040282125,0.0013852672354893723,5.364537424543879,5.12323001611285,5.541068941957489,4.60483748607897,5.364537424543879,1.1649786644505005,0.10582001767554135,0.0832872152183781,0.12691807934047056
7730c947aea74c50b93190b6b977fdfd6d6d30c5,1.0,0.0007508543134109771,0.0006401739420764654,0.0007988835823374356,3.0034172536439083,2.5606957683058615,3.195534329349742,2.2770518849796817,3.0034172536439083,1.3189937714883067,0.0787411170757923,0.0337425726780772,0.11065154307444032
773fc81ff1aa73e82b2fe09f279d11885dded00f,1.0,0.0005283484831373751,0.000514471598079712,0.0005518490939370348,2.1133939325495006,2.057886392318848,2.207396375748139,1.9028309924157487,2.1133939325495006,1.1106577205085517,0.24124650614702567,0.18026744457496557,0.30306481932706597
77491d56851badcad2da3a2725f765e211fcd6ba,1.0,0.0012375644674529433,0.0011511498385573492,0.0013170288151087616,4.950257869811773,4.604599354229396,5.268115260435046,4.950257869811773,4.49817072168775,0.9086740206240581,0.1290948742615099,0.08590755208439035,0.15849008737050843
7741d88f900c97664e3747df8ac24ca32d69e34f,1.0,0.0022089236067773144,0.0021014033792852486,0.0022602582841142653,8.835694427109258,8.405613517140994,9.041033136457061,4.595981819873916,8.835694427109258,1.9224824582425464,0.07457506594674268,0.05613493151460864,0.08691658753247825
7749ca2ca7b92612846dd1d91b42ee618faccaa3,1.0,0.0004636265305496371,0.0004401463542948783,0.0006165776649193679,1.8545061221985486,1.7605854171795132,2.4663106596774718,1.5417828038721524,1.8545061221985486,1.202832278023207,0.4234993693571878,0.07715913387573398,0.626228604657572
774cced276505ed08f0873d20136d47cab420aa2,1.0,0.004236844545414259,0.004063920049165441,0.004379835701469457,16.947378181657037,16.255680196661764,17.519342805877827,16.947378181657037,15.447183613424649,0.9114792534779144,0.059935558568530854,0.04259129933020017,0.08341980688487217
775025a03ab6fdc0143f7fb85bf26eb58b83be91,1.0,0.0026966162616962113,0.0026295280798786717,0.002799963015085383,10.786465046784846,10.518112319514687,11.199852060341533,7.736014843951112,10.786465046784846,1.3943180389860446,0.0801084390858825,0.05897627925745357,0.09916187981937641
775770c8795285180a5bffd5352d68260c175365,1.0,0.003945999800926167,0.0037996112390248134,0.004180714301896455,15.783999203704667,15.198444956099253,16.72285720758582,12.349397976261299,15.783999203704669,1.2781189199704757,0.0,0.0,0.09893397225790736
77623e33bf8237706ecde769272c258ba8f18b09,1.0,0.001184639369744312,0.0010816841922147084,0.001281167150056103,4.738557478977247,4.326736768858834,5.124668600224411,4.738557478977247,3.3497502555771432,0.7069135006673256,0.2996519024983055,0.19056252523050796,0.35539399030395097
776660c57b678d7f87e1521392b7223a1d5cb3b9,1.0,0.0018903145821168924,0.0018465793570530693,0.0019599177736016157,7.561258328467569,7.386317428212277,7.839671094406463,6.240908547290887,7.561258328467569,1.211563712426107,0.05621835577080793,0.04228113164355899,0.06694520149364337
776cf739980a1064f84f45c41149a64f973f7425,1.0,0.0018637110563274478,0.0017895037592280776,0.0019499685277932543,7.454844225309791,7.15801503691231,7.799874111173017,5.533195695372913,7.454844225309791,1.3472945176227618,0.06636348873612172,0.04540960771508383,0.08438559323753492
776de046bbfc40188a6c7f1105125e0791e12c10,1.0,0.002247197424737159,0.0020508731152625837,0.0025044807072174317,8.988789698948636,8.203492461050335,10.017922828869727,8.988789698948636,8.337439321867167,0.9275374773583085,0.17862942331470882,0.08031332966391772,0.24394628152942688
7772653db20f2ebb19ddc30d76e82f4fea36138b,1.0,0.006524818540893494,0.006395052155797752,0.006735607650539857,26.099274163573977,25.58020862319101,26.942430602159426,26.089347174811337,26.099274163573977,1.0003804996995949,0.09281402320039195,0.06854130442045916,0.1144773239664301
777399a0c5a687e5c2f7acfcaaa5e6dbc13dec81,1.0,0.0024478978666574,0.002354713966187553,0.002561264049397064,9.7915914666296,9.418855864750213,10.245056197588255,8.793975038253555,9.7915914666296,1.113443172630857,0.05983287669672304,0.04160054788727186,0.08981676497395313
777abb6a593d8008a52c0b5037ff18ae9b56f3d8,1.0,0.0020423657841657293,0.0018579449121216146,0.0022808002564722756,8.169463136662918,7.431779648486458,9.123201025889102,1.7128536616625099,8.169463136662918,4.769504435500678,0.021306101578069107,0.004543174387848745,0.043729735267529025
777d0ee71ccb626fb617c5e69fd4a3e3716d3c2f,1.0,0.0005920586779691128,0.0005768293332632896,0.0006184193782420523,2.3682347118764513,2.3073173330531587,2.473677512968209,1.3774375656539808,2.3682347118764513,1.719304577519678,0.11903970704418758,0.01502846488299214,0.22110084328432997
7795aa3a504f64c668c35728f2910447f3194fd2,1.0,0.001262789946357284,0.0011681458620340752,0.0013466694129759909,5.051159785429136,4.672583448136301,5.386677651903963,2.072714777964787,5.051159785429136,2.436977744901739,0.2648511063083509,0.20716890271673427,0.3114543826665367
779ae3dea9b69216f863ad9dfbd127837bcec0e8,1.0,0.0008655822829971475,0.0008132767175995438,0.000901810794219016,3.46232913198859,3.2531068703981756,3.607243176876064,2.340698472447931,3.46232913198859,1.4791863081653758,0.3010851718188713,0.2598362584528137,0.3293460583280825
779f6125c9be6e60fc463907349befd655cc1b18,1.0,0.0019354289478178157,0.0018366129357490328,0.0020096296596004474,7.741715791271263,7.346451742996131,8.03851863840179,6.032551561756671,7.741715791271263,1.2833236006385473,0.1209136248595054,0.07850681413673131,0.17043678203869173
77a1b1461f225c37dcf4514e1473ba3736e0716f,1.0,0.0032379813064305416,0.0030844893834351757,0.003423186353472102,12.951925225722166,12.337957533740703,13.692745413888407,12.421534274806339,12.951925225722166,1.042699310663384,0.06524894099976565,0.006417038915918751,0.11402966513036616
77a2a1a22e5813f04834fb4e176eb32b6678f00f,1.0,0.0008055850760720168,0.0007693893478318088,0.0008539260475509611,3.222340304288067,3.077557391327235,3.4157041902038445,2.033941602052484,3.222340304288067,1.584283590559508,0.07423982860511119,0.054281711546954804,0.08615980653505295
77a2fb9d2bc6c1c5745cd4e12fa0f861ec374110,1.0,0.003118528696400644,0.0030224835285412883,0.0032142236930618002,12.474114785602575,12.089934114165153,12.8568947722472,11.021479712944597,12.474114785602575,1.1318003671459718,0.08596515253842299,0.054577810795222004,0.10921326611109046
77af97f127fbc7584cf26798d0513163702d4500,1.0,0.0006537713644918426,0.0006096004067022955,0.0006973637782348048,2.6150854579673704,2.438401626809182,2.789455112939219,1.8818015620593396,2.6150854579673704,1.3896712122534138,0.349177109199053,0.213476195335617,0.4370100570881246
77c41558af16e2e4987bd2c80ad1b41fcf19cf78,1.0,0.0034254911085074315,0.003306261677715338,0.003588060020994469,13.701964434029726,13.225046710861351,14.352240083977875,13.701964434029726,12.778040675286064,0.9325699783274114,0.042585449101747753,0.0033685504172233094,0.07051263067992629
77c8c9dc3f7c8521e8ebc96531c640022246c5ee,1.0,0.0016315391217132345,0.0015841105244340122,0.0017191682464514455,6.526156486852938,6.3364420977360485,6.876672985805782,6.526156486852938,6.501286222872386,0.9961891407246127,0.09163673135744797,0.06064023306601315,0.11610210789794569
77ca328945b07b17309b453d1a73c0f5658452ff,1.0,0.0019550483490724767,0.0018964246404098318,0.0020564571031029574,7.820193396289906,7.585698561639327,8.225828412411829,5.195502011408559,7.820193396289906,1.505185327446301,0.16841043831118455,0.14504149573170103,0.19154241572583838
77cf90dac737630cbed205620c5a70983b3d639b,1.0,0.0029170320175670272,0.002821344212752693,0.00307849152291212,11.668128070268109,11.285376851010772,12.31396609164848,8.343486733466861,11.668128070268109,1.398471459595622,0.013351361167224398,0.006925487048789818,0.019197934486143566
77e6baf285ebfa0c130e4b28601658478b47e151,1.0,0.0021107559329050568,0.0020105426481654086,0.00220218427861442,8.443023731620228,8.042170592661634,8.80873711445768,4.7545862430736,8.443023731620228,1.7757641359266287,0.10535068496108298,0.0706785404659377,0.1346593925746165
77e72ca752d4772610ed871bcac56b67f18d68f1,1.0,0.0008974542966650709,0.0008668238573099591,0.000957082190597177,3.5898171866602837,3.4672954292398366,3.828328762388708,2.559390493911115,3.5898171866602837,1.402606282706993,0.3480871156389417,0.15900859383054414,0.4680976831280764
77f15497ec00ba14322ba00fee9df023753fd79c,0.07158110736178801,0.0007617116540872498,0.0006769699396733599,0.0008377848892793827,3.0468466163489993,2.7078797586934393,3.351139557117531,0.0,3.0468466163489993,,0.43651276793438226,0.0,0.6172764034328341
77f982ffd30f542a1b35bf1361cee3c9f7e35266,1.0,0.0012440281830996018,0.0011900774557801071,0.0012965941977835847,4.976112732398407,4.760309823120428,5.186376791134339,3.839929338042363,4.976112732398407,1.29588653705156,0.19094601627507704,0.1313535106976806,0.24158377470350395
78008be37d9c6a3e0785e899b8eaace745bebd6a,1.0,0.00220481775690311,0.00214678174589771,0.0023141594085456766,8.81927102761244,8.587126983590839,9.256637634182706,8.81927102761244,8.619181023165734,0.9773121833062799,0.05558241284209517,0.0207451162621721,0.07925912173017127
7803e2dd0f242f66e19e4cc2e8f8f8793025e983,1.0,0.0007087613942287335,0.0006730636384116021,0.0007435148093338334,2.8350455769149336,2.6922545536464084,2.9740592373353336,2.5965384765440005,2.8350455769149336,1.091855792827837,0.16833257332703613,0.1257919958017147,0.2162009415510642
780f05511d8b38e96e8606770e27c01e9586570d,1.0,0.0021910255076901565,0.0021423157904417174,0.0022498229972038202,8.764102030760625,8.56926316176687,8.999291988815282,6.7805700284261645,8.764102030760625,1.2925317479236857,0.1762083996747066,0.07696100387769028,0.23688245751890022
7812c25b585d907bb63c29feb573ed3652cdaba3,1.0,0.0011350263599926825,0.00110397799381479,0.0012663828729060692,4.54010543997073,4.41591197525916,5.065531491624276,4.512629180942677,4.54010543997073,1.0060887473635298,0.13542825895084235,0.08068429781627216,0.19151202317561425
78147fdb8c25efa66d30eab2faadbfbaf6ae74f8,1.0,0.0008103360185035047,0.0007925577036755124,0.000833581106668302,3.2413440740140187,3.17023081470205,3.334324426673208,3.041697685941771,3.2413440740140187,1.0656364993125322,0.09755088918687212,0.07032722576708972,0.1253321047148341
78178fae1364190aea404bbc65b0ee8f2a919471,1.0,0.0008663335120717689,0.0008478779797911254,0.0008839047454247078,3.4653340482870756,3.391511919164502,3.535618981698831,3.1402832334428448,3.4653340482870756,1.1035100310005674,0.06512621143997896,0.04640693635186077,0.08069823902018344
781a32d27637b78f71951edc04f97f351b869940,1.0,0.0018132253628568291,0.0017139191061219833,0.0019123646886784866,7.2529014514273165,6.855676424487934,7.6494587547139465,3.0738579962749357,7.2529014514273165,2.3595434337619916,0.03199465154127702,0.0,0.07443425590814559
7828d966c1113b325d4c088ea78c4eefc9bed1aa,1.0,0.0022953192995064067,0.002212163499097448,0.002361547177716335,9.181277198025628,8.84865399638979,9.44618871086534,7.706861109678971,9.181277198025628,1.1913121395810484,0.21608425650447605,0.1707166909441205,0.25652718840302924
7830acc56953c3a6e72874e263ee8a7a033a1963,1.0,0.0027034751757090245,0.0025192316399264185,0.0028470708241824954,10.813900702836097,10.076926559705674,11.388283296729982,9.774584228494152,10.813900702836097,1.10632845858673,0.09699282920056045,0.06832708930006334,0.12494695883063295
783a9d415503d9bf8000751f59e4a7182a23d8f0,1.0,0.002015403322035173,0.0018444639566321422,0.0022847256090452904,8.061613288140693,7.3778558265285685,9.138902436181162,8.061613288140693,6.593728166882576,0.8179167036680488,0.28063523178014865,0.16327533452744503,0.3429749323114194
823b497e8dfcf45832d8b62e48c99182d2f38967,1.0,0.007188048821834211,0.006658162938459905,0.007885747262293994,28.752195287336843,26.63265175383962,31.542989049175976,25.590704485413216,28.752195287336843,1.1235405927853876,0.23150378225715565,0.19608122817041845,0.2819192687065672
7837092abf99d897400490c1485e744e8140c17d,1.0,0.002558938254372099,0.0025066446620470605,0.002785553517575828,10.235753017488395,10.026578648188242,11.142214070303313,10.200338306636395,10.235753017488395,1.0034719153215692,0.06112561394870954,0.023699154893578774,0.0964015520922562
823c3be4b365f1c028a0152a39218c2b35619b67,1.0,0.0007883615368545002,0.0007418163627867467,0.0008157672693318709,3.1534461474180007,2.9672654511469867,3.2630690773274837,2.4998225474112403,3.1534461474180007,1.2614679992720437,0.2604980623848548,0.20894182643110268,0.30013347500188997
824127df8136cf0724e797a9e9c39bc2c8973a6d,1.0,0.001616372307646226,0.001553185030641143,0.0017548093782148466,6.465489230584904,6.212740122564572,7.0192375128593865,6.465489230584904,5.548271800210308,0.8581364228346848,0.10276510608312242,0.04271944293181869,0.1488419744231317
824a25b79c47aee9fd6c5642c885b6e41d846772,1.0,0.00178473971133806,0.0017072993234372314,0.0018650684176346906,7.13895884535224,6.829197293748925,7.460273670538762,6.495881177074148,7.13895884535224,1.0989977573093086,0.09375429065499981,0.061148070254831856,0.11924597458444809
825e862386825a49b5b986da5c019fd937bbfbdb,1.0,0.0012044662427346195,0.0011597265137028093,0.0012877998698860513,4.817864970938478,4.638906054811237,5.151199479544205,2.348459569239211,4.817864970938478,2.051500070107333,0.13580506953817334,0.047131285465860984,0.1926010733377909
825f96543716b5dd64e3f0185c3740ac2c6914fc,1.0,0.0014099013492026677,0.0013438912127420025,0.001504226959927085,5.639605396810671,5.37556485096801,6.01690783970834,3.0110376540682027,5.639605396810671,1.8729773734948214,0.12754469340440108,0.08004019040914534,0.17385417730325045
8265e6b09ded2fb9508adefca99dd14418cb388a,1.0,0.00279313963964822,0.002705620982214301,0.002951645407782149,11.172558558592879,10.822483928857205,11.806581631128596,10.903609934788086,11.172558558592879,1.0246660166140673,0.04080525248984204,0.010428577926972047,0.06340037380245267
82675354ff1297f57c919557e94db527ab5351d5,1.0,0.000666148582862145,0.0006395383083730392,0.000697171526951079,2.6645943314485803,2.5581532334921566,2.788686107804316,1.9823434790575079,2.6645943314485803,1.3441637938120814,0.26259659593347456,0.22131104619424669,0.30079977484247644
826886113e55c4ecf3ec3dc8cb0fc20a5f05eaee,1.0,0.0013738618066249006,0.0013107444085129658,0.001424010791488366,5.495447226499603,5.242977634051863,5.696043165953464,3.896908577248,5.495447226499603,1.4102068646374282,0.02560208341137439,0.018462484352953498,0.031939713344116154
827ddca8996a75451fb4c0a23ab5c02cf0a0a184,1.0,0.0032649492955190446,0.0031431822602886587,0.0034669289841116196,13.059797182076178,12.572729041154634,13.867715936446478,9.222240257026066,13.059797182076178,1.4161198166710554,0.026252891785472694,0.01593898305066554,0.03350988572312614
828da34798fe547853305b831d278a469776d7fa,1.0,0.0008792494642677267,0.00085398089795669,0.0009091862377638744,3.516997857070907,3.41592359182676,3.6367449510554977,2.9972166478997866,3.516997857070907,1.1734213005707619,0.09234396898704278,0.06294317058919491,0.11263967141063434
828de1845e65d6e66dbef4620079e68e52927307,1.0,0.0009514969223390028,0.0009256247612354912,0.0010078145292598867,3.8059876893560114,3.702499044941965,4.031258117039546,3.2813687579162583,3.8059876893560114,1.159878078370228,0.3147388755869274,0.24978536988609004,0.3769258481817378
829c48719375c5e783e88afe00a7eda8bf5d334a,1.0,0.0018910173129203032,0.0018038847068897253,0.0019680029608222125,7.564069251681213,7.215538827558901,7.87201184328885,5.290123845320929,7.564069251681213,1.4298472914526508,0.08729296721012468,0.06413669068982394,0.10648055843943274
82932919ea2aca7354a424cded2a98f7fad24a5d,1.0,0.002458229718335319,0.00229860037719496,0.0027137236714460207,9.832918873341276,9.19440150877984,10.854894685784082,9.832918873341276,8.684884691689955,0.8832458401783587,0.26539259890578176,0.1913226822526976,0.31224610205971626
829e6935736d660b894c629e6da626b2a26fc433,1.0,0.0021037657839425403,0.001989539852277777,0.0022580191379663506,8.415063135770161,7.958159409111107,9.032076551865403,8.415063135770161,7.925057591876166,0.9417704257248987,0.1328026776212601,0.0942848298911172,0.16609521196577914
82a085223fb04b15a88d813ee95e6b52232df032,1.0,0.001777182750884223,0.0017307383335800558,0.0018306298570067837,7.108731003536892,6.922953334320224,7.322519428027135,6.386443929625771,7.108731003536892,1.1130969099345784,0.04072577241262874,0.011829438510769614,0.06935678813039069
82a900a9038e89d4abe24e530ea5dfe1ff437938,1.0,0.0007196926058700352,0.0006901806525910366,0.0007391915714150228,2.878770423480141,2.7607226103641467,2.956766285660091,2.417144310684251,2.878770423480141,1.1909799554604217,0.38966135244097305,0.27173737447130886,0.5093628961770444
82ad32e3a7e19d99dc2d53ae7d03d9b22b335244,1.0,0.0009528259108267661,0.0008995974855455518,0.0010186870489435507,3.8113036433070646,3.5983899421822074,4.074748195774203,3.019381430197701,3.8113036433070646,1.262279619656239,0.23277079352751953,0.16653551198292127,0.28091010127669536
82b8811eb6c95c6e9908829ba2e3fe04382b9e36,1.0,0.002116097181188949,0.0020058129716309502,0.002252701291198463,8.464388724755796,8.0232518865238,9.010805164793853,4.262403875317511,8.464388724755796,1.9858251288130868,0.07986806667309872,0.04579660014328743,0.11685348295940855
82cad19503bfc8198a2aaa94626f291654c589cf,1.0,0.000830596134778617,0.0007845905640215196,0.0009145451201076853,3.322384539114468,3.1383622560860784,3.658180480430741,3.322384539114468,3.1301320972848767,0.9421341992276326,0.2473642302336268,0.1980174293152769,0.2889369308589456
82cdbaae5112dcd3e0f00aa6f852d215c33f7bd9,1.0,0.0013710629733232455,0.0012464233286689475,0.001573745574629147,5.484251893292982,4.98569331467579,6.294982298516588,5.484251893292982,5.094151568521875,0.9288689993892906,0.15139176479886196,0.06775929824327684,0.2071191007938294
82dd6a867e2496bd396060249f5752be9b97c90e,1.0,0.0019434003888016646,0.0018799234486712132,0.002029170160492642,7.773601555206659,7.519693794684852,8.116680641970568,7.442914445420502,7.773601555206659,1.0444297878487132,0.04970913771597262,0.02243280002269751,0.0699660450451719
82dec067e4a514e75d9d1538c5abd21fb233425e,1.0,0.0006048499585408411,0.0005869609268806162,0.0006400449696196245,2.4193998341633645,2.3478437075224647,2.560179878478498,1.9011610995981179,2.4193998341633645,1.2725906471970188,0.30304703579137593,0.2498219775464516,0.3738186309545789
82e6fa1785f449820c9495869303452640dd3a9b,1.0,0.0007941202089613316,0.0007529773980233328,0.0009013369915606835,3.1764808358453265,3.011909592093331,3.605347966242734,3.1764808358453265,3.0793486411159683,0.9694214447531809,0.31837641364890307,0.1269073723535387,0.43870702247202714
82ed68916408c03b5afdff8b6e7a4be0baffe61a,1.0,0.0007998488414678239,0.0007768965865536912,0.0008310352904992994,3.199395365871296,3.107586346214765,3.3241411619971974,2.242679895293539,3.199395365871296,1.4265947505863446,0.10494907051648875,0.08260903846074535,0.13202174687839838
82edf1e009dc303e0e77a09d605e537a43c75aeb,1.0,0.004093204179319167,0.003956034519613088,0.00421184206958402,16.372816717276667,15.824138078452354,16.84736827833608,13.724970882413471,16.372816717276667,1.1929217815868753,0.11226948030192459,0.06580488201436197,0.15032407547281562
82ef17b4257d5c50c65156ab651dc8cfe5350db8,1.0,0.0017139580148359593,0.0016412561192866559,0.0017887160619802082,6.855832059343837,6.565024477146624,7.154864247920833,4.990481371681563,6.855832059343837,1.3737817153766345,0.019547795201845887,0.012832057566309688,0.025295064567050704
82f31b77876ef121375543f9d24514900535db44,1.0,0.001910496012735589,0.0018011797424780077,0.002040973692512576,7.641984050942356,7.20471896991203,8.163894770050305,7.641984050942356,6.941185489772449,0.908296254415306,0.17005658208974841,0.1324110175329691,0.20809671857131382
82fe19616c87b07f7f188665ec0e42461ded64c6,1.0,0.0004044542553789992,0.0003397770312238332,0.000505669876972468,1.6178170215159968,1.3591081248953327,2.022679507889872,1.6178170215159968,1.357095537527558,0.8388436513394287,0.41934587766654435,0.2983064117857827,0.4853490249434067
830403e9b9a9f31f47411011d4c2cdcf1efea711,1.0,0.0044055330630227785,0.004199456158474748,0.004593948744667367,17.622132252091113,16.79782463389899,18.375794978669468,12.768636894934682,17.622132252091113,1.3801106881723462,0.02259251781935643,0.015276932211946294,0.03509156617544445
8316ee0be3e8d020d996b914bee1fc53c351a567,1.0,0.002670464492669441,0.00255401739664963,0.002805157875057969,10.681857970677763,10.21606958659852,11.220631500231876,9.367909763170678,10.681857970677763,1.1402605533918342,0.07807493350646086,0.03756771621640337,0.11452079402649472
8323c1497371b081ca1470024407354d02339c37,1.0,0.0021066395346851807,0.002021270765379491,0.002209655455021898,8.426558138740722,8.085083061517965,8.83862182008759,6.388317898026212,8.426558138740722,1.3190574221962656,0.08267000967603433,0.04959357081768921,0.10779205540630098
83247921beba2cbe30043a04da01307131ac2041,1.0,0.0011662039780530823,0.0011237908676029781,0.0012247199473669737,4.66481591221233,4.495163470411913,4.898879789467895,4.058951161641092,4.66481591221233,1.1492663317304557,0.05400888736737079,0.03586151114879651,0.08059339289008152
83255bedf0d741398c30ad63887ca3db6b5d692b,1.0,0.002556258588544932,0.0024375572111020377,0.0027032407356213494,10.225034354179728,9.75022884440815,10.812962942485397,8.292145122686494,10.225034354179728,1.2330988185680736,0.07989252673620818,0.052741141028337074,0.1115081117856826
83263c8c2a14d71e4f40e8831f4bcec88972c8d5,1.0,0.0021957295275336,0.0020957284924319848,0.0022759701800398827,8.7829181101344,8.38291396972794,9.10388072015953,5.27366935172396,8.7829181101344,1.6654282861444978,0.016533505623703267,0.010557207898232798,0.02316377597614646
8326694829c1f9e478dcbf5551b0e40f93906d2b,1.0,0.001150459136063924,0.0011392167763791857,0.0012129008224027607,4.601836544255696,4.556867105516743,4.851603289611043,4.5057678633055875,4.601836544255696,1.0213212672877536,0.03275281868384722,0.010577281670827544,0.05437609285686322
833120ced7448e9136ccd40969d32c2470ef6c40,1.0,0.0008934083062123331,0.000868711188351145,0.0009142733573281275,3.5736332248493325,3.47484475340458,3.65709342931251,2.8913240647315552,3.5736332248493325,1.2359850175359455,0.09720276082421977,0.07496265034972764,0.12685653844368164
83348900a62766132c7ec9c1b1afe211344364aa,1.0,0.0019384466636574635,0.0018497524895878692,0.002015855084893102,7.753786654629854,7.399009958351477,8.063420339572408,4.017358908960325,7.753786654629854,1.9300706833377004,0.23319381041520104,0.20809374791800908,0.2555505696303079
833db4d2dd4286764c5ed35a3cc70189e217f2e6,1.0,0.0025996083666455236,0.002518327028373979,0.0027120946377342417,10.398433466582095,10.073308113495916,10.848378550936967,9.766333899361957,10.398433466582095,1.0647222974079795,0.13944767619976062,0.11664963803345318,0.16692714956669388
8341180ec8a00e78d030a84f18adbc86fe2d0985,0.15070377667745027,4.142760759305331e-05,3.10787559066362e-05,6.166576299195247e-05,0.16571043037221325,0.12431502362654478,0.24666305196780988,0.16571043037221325,0.07040539232052194,0.4248700106709016,0.0,0.0,0.5366222973302033
8341cb5f41f28fe582988e5ce6b1aebc2a38bca7,1.0,0.0012326428327080845,0.001127449424859586,0.0013766483748914138,4.930571330832338,4.509797699438344,5.506593499565655,4.930571330832338,4.482853262287614,0.9091954991615254,0.13115400468167762,0.06487937217529426,0.17138913910385797
834135092f4805d20155ba1b667366c69175593c,1.0,0.0025567884621696263,0.002465760348754185,0.0026215769505928905,10.227153848678505,9.86304139501674,10.486307802371561,8.018811633607793,10.227153848678505,1.2753951976893043,0.10984048293896383,0.07750946689333855,0.12863269875007743
86317da34582b1f238e9a9d6e685bbe0e4a6ccd7,1.0,0.0025253464310679226,0.0024562653736889565,0.002628207395522389,10.10138572427169,9.825061494755825,10.512829582089557,9.12336975152042,10.10138572427169,1.1071989845186625,0.05451858219514346,0.031209619532833854,0.07796057249613114
8631d9615624a07e3b7695e8b0a02395884b80d2,1.0,0.0023713024535152384,0.0023068886929382857,0.002432574651013963,9.485209814060953,9.227554771753143,9.730298604055852,4.727506886205194,9.485209814060953,2.006387307808832,0.05490052135273604,0.0015736417308701424,0.10917129745337298
8633c00349432543855583186fb8a9b1d24c7200,1.0,0.004043083763347766,0.003912606935310442,0.004322716832607522,16.172335053391066,15.650427741241767,17.29086733043009,16.172335053391066,15.892629910835925,0.982704715080925,0.04854445891352745,0.024388042673669164,0.06907452731034144
863a584d6d7c3c9cca2f70dc778dbd289b709df3,1.0,0.0010091648749539575,0.0008963936798898388,0.0011198324274995577,4.03665949981583,3.585574719559355,4.479329709998231,4.03665949981583,2.3235668789808916,0.5756162686218401,0.11641901490128116,0.0002762840937241193,0.21742803768004632
863e03cbfd8162cb60aed51899656e254b5cf96e,1.0,0.0010299546419113314,0.0010038297018940118,0.0010720688263391016,4.119818567645326,4.0153188075760475,4.288275305356406,2.6693727502450164,4.119818567645326,1.5433657840656296,0.03593955763253825,0.021297861905654657,0.05549025294521291
863fb6106327252177a0ac574d38b5a65759a633,1.0,0.0005255280839691281,0.000504111087772468,0.0006974997121480782,2.1021123358765124,2.016444351089872,2.789998848592313,2.1021123358765124,2.0681968038692857,0.9838659754626838,0.22894381917961118,0.01277448769621468,0.375607615288146
8647664b640ab3220c2e600d863cc30530aa9b36,1.0,0.0009768398224094998,0.000950152855048442,0.0010217487445757568,3.9073592896379994,3.800611420193768,4.086994978303027,3.6773468692023257,3.907359289637999,1.0625484700293086,0.10352593479358788,0.06782753104676312,0.13832515117593222
86610607d7a3df2ef951b2424962a6345a1d2bf6,1.0,0.0004801458660404319,0.00046350993316918496,0.0005021486110559986,1.9205834641617274,1.85403973267674,2.008594444223994,1.7267898484624526,1.9205834641617274,1.1122276783546243,0.17747693201908413,0.12388006446335634,0.2159027486290748
8666011c52c53f964df20cd2f927db5b528a2e80,1.0,0.0008053723983577922,0.0007437034807579602,0.0008800331960660361,3.2214895934311687,2.974813923031841,3.5201327842641446,3.2214895934311687,2.9453031526748967,0.9142674738669234,0.22597416705896117,0.18120567511337599,0.2765084028308136
8672648fd56bb29f78625ae9c2cd7c7542c484d3,1.0,0.0006216988291879985,0.0005209370852289962,0.0007017676756070147,2.486795316751994,2.083748340915985,2.807070702428059,2.486795316751994,1.7226138008040357,0.6927042966503345,0.4630712718548583,0.36592753480351764,0.5316986754899768
86763c57a62d68fe040247eaae3a83372edaf6ee,1.0,0.0019565902580943994,0.001910871889988655,0.002011142951800074,7.826361032377598,7.64348755995462,8.044571807200297,5.98661520100049,7.826361032377597,1.3073098519961075,0.08911960100065998,0.06449773204278418,0.10987833303206627
86775acaf4032265eafd72170164455391748313,1.0,0.0006117144117703064,0.0005630294784468024,0.0006750347896659716,2.4468576470812256,2.2521179137872096,2.7001391586638865,2.4468576470812256,2.2883133753254645,0.9352049466609211,0.18074196286599,0.12565356079353027,0.2458791167513565
867777121a68747b76ed0bf8e75ebc6aa83ee454,1.0,0.0013598070166709734,0.001295864027074739,0.001382845161318745,5.439228066683894,5.183456108298956,5.53138064527498,3.11128404517984,5.439228066683894,1.7482261303369662,0.19115944097096374,0.10169257617919336,0.3005901856573701
867bba2444a6f3ff180ed32723eb1a948a4e41ac,1.0,0.002234710634936701,0.002155230547883773,0.0024027333838488067,8.938842539746803,8.620922191535092,9.610933535395226,7.337069250867708,8.938842539746803,1.218312412505806,0.09887130646427662,0.07254253082956034,0.12056269061417128
867c189777f12acd374754b03f6942a348d793ed,1.0,0.004295256910641556,0.004123340042325758,0.0044859826933553735,17.181027642566225,16.49336016930303,17.943930773421492,16.27892633672894,17.181027642566225,1.0554152827512917,0.017012822053497162,0.009297950994824432,0.022010389034189344
86816d4ea766304bc373c32dc6e03c1c9664b1cf,1.0,0.000579606146286907,0.0004815654831203258,0.0006881680199707276,2.3184245851476284,1.9262619324813033,2.7526720798829105,2.3184245851476284,1.6989454513302404,0.7328016887907778,0.45517370813696467,0.35570957980163237,0.5278266108398337
86818655bcf886351dbf8e79da2e62663ed0a8d3,1.0,0.00038564353381343006,0.00037758292489367874,0.0004031822072579985,1.5425741352537203,1.510331699574715,1.612728829031994,1.5425741352537203,1.3996028784478178,0.9073164436389394,0.46089560708037136,0.4262331265426693,0.48471919379132117
868ed044836ba1f9259e3cfb8727b2c863c6ec0b,1.0,0.0025526681278051746,0.0024546943916214084,0.002670414225634093,10.210672511220698,9.818777566485634,10.681656902536371,8.825351899981433,10.210672511220698,1.15697058054333,0.010541049782212361,0.005294414191685882,0.018456244180681123
8690c375a1b268a07abb70c81e34f5c36f1092f4,1.0,0.0020514639010807186,0.001998550259986775,0.0021463633216109424,8.205855604322874,7.9942010399471,8.58545328644377,7.336795674397693,8.205855604322874,1.11845224652471,0.1112810693391036,0.09016691990498946,0.13223792589709876
869128629b1c2cc7291d65a9996664878155886f,1.0,0.0005283720930232559,0.0005076756169776545,0.0005932120620290915,2.1134883720930238,2.030702467910618,2.372848248116366,2.102907066138679,2.1134883720930238,1.0050317515808123,0.20734350413321292,0.07381536411192162,0.32534015970350255
869b5fe706774531be3a471a9736e1316a3abbce,1.0,0.0010959448131167195,0.0010744205628915857,0.0011663728013156273,4.383779252466878,4.297682251566343,4.6654912052625095,4.378376572643446,4.383779252466878,1.0012339459006767,0.07981394912438532,0.03407748155366132,0.11523230903873816
869d2e73bc4ccc37f613a58e606821586685a226,1.0,0.0019716742301495237,0.001872798182704394,0.002057684772015652,7.886696920598094,7.491192730817576,8.230739088062608,7.886696920598094,7.475343255435977,0.9478420853110554,0.10031875279672561,0.04200820487281863,0.13098051763658866
869f17fcb7655ada2f0f8856a4d426f722346eab,1.0,0.001084389722382133,0.0010537152139764418,0.0011312056398455914,4.337558889528531,4.214860855905767,4.524822559382366,3.9764281937513055,4.337558889528531,1.0908178591894904,0.1387235712709903,0.09117270855701584,0.1804025481987739
86a17cbc5e284545984d2ea1ea75f64d4c4702cd,1.0,0.0017213360556957952,0.0016798010358085099,0.0018978141350597065,6.88534422278318,6.719204143234039,7.591256540238826,6.88534422278318,6.842865732721872,0.9938305931138854,0.12038248686027544,0.08775031438436517,0.16253371886519094
86accd88db1dda08e2e71ded7d5875fd6dc1dd75,1.0,0.0006463984266164058,0.0006310019754688749,0.0006679446118417448,2.585593706465623,2.5240079018754997,2.6717784473669792,2.122895763022857,2.585593706465623,1.21795603510175,0.1574254604016159,0.10554310449322356,0.18914422302131956
86b1112853277830dee6c4d3443bd635460795b1,1.0,0.0026826706595026576,0.0025865189743223974,0.0027478018368776074,10.73068263801063,10.34607589728959,10.99120734751043,9.570745840814705,10.73068263801063,1.1211960714962614,0.1323367478817322,0.09496711526997488,0.1780365295739583
86ba36eb4b2287540919a4237eb75498c3ead3dc,1.0,0.012231338321780558,0.011693524158339111,0.012855566977924763,48.925353287122235,46.77409663335644,51.42226791169905,42.00270631844284,48.925353287122235,1.164814307825678,4.2748058970947366e-05,1.1319538933143534e-05,7.96318644416199e-05
86be037de51aa6bb050df3b8643081bb30b53174,1.0,0.0009067403427981126,0.0008211466609865102,0.001003252794466989,3.62696137119245,3.284586643946041,4.013011177867956,3.62696137119245,2.804125347001681,0.7731335021303957,0.20937744803545438,0.09364501004979497,0.3105121139588786
86bef5693274db9a79dc56b889de64acdf90b2dd,0.999567243512611,0.001449978940578171,0.001338208711147993,0.001565093037570159,5.799915762312684,5.352834844591972,6.260372150280636,2.0843460593723577,5.799915762312684,2.782606917039086,0.1351969852391467,0.06709310568092783,0.18881571289689728
86bf6f11a739f6a5623d6b1d1d8e64fa4cc89577,1.0,0.0036237317564867134,0.003405574748302464,0.003967801379759116,14.494927025946854,13.622298993209856,15.871205519036462,2.1825612151130476,14.494927025946854,6.641246497728164,0.014653201913347532,0.009336256715898935,0.021105973048174218
86c3db78488e98bf5eb3e1af2c70e3ed74dacd71,1.0,0.0009240001121287974,0.0009055873885659737,0.0009619306184915278,3.6960004485151896,3.6223495542638946,3.8477224739661113,3.068716475850575,3.6960004485151896,1.204412488935051,0.07620320855614972,0.039382919888793756,0.1048386848171036
86c796ec3533bad72f19b6d84e9ccf3a78a3b526,1.0,0.0046046653756262905,0.004467671587088972,0.004744340608368517,18.418661502505163,17.87068634835589,18.977362433474067,18.418661502505163,17.667564327814176,0.9592208600723332,0.04910738626884229,0.030018229345395175,0.0683187535469981
86cb003d9ef4ca60b0b1f1942fa5cd6d34d347f3,1.0,0.0010944878752951446,0.0010646081532588348,0.001252751942086328,4.377951501180578,4.258432613035339,5.011007768345312,4.050448442369388,4.377951501180578,1.0808559998901286,0.0321045732856912,0.0,0.15347123378345445
86dbc8367417d1bd29d0c8acf6bb7d5a23e530f7,1.0,0.002363784990962128,0.0022794281001822826,0.0024637562073694897,9.455139963848513,9.11771240072913,9.855024829477959,8.851644142857573,9.455139963848513,1.0681789519835028,0.015909531480252034,0.0,0.05106164504264517
86dc76fc5ff770bcaaf9823376e15eccffa2622b,1.0,0.000996390015389784,0.0009611082927530539,0.0010746183374969465,3.9855600615591364,3.8444331710122155,4.298473349987786,3.774100259560114,3.9855600615591364,1.056029195690649,0.26285317680376946,0.19885774029090514,0.31530713991973064
86e4c39e678a255113d1f2a6e4ec5e8f22948448,1.0,0.001510269905912793,0.0014506317679091189,0.0016112128311902547,6.041079623651172,5.802527071636476,6.444851324761019,6.041079623651172,5.808302333897783,0.9614676011151958,0.10877037659600948,0.05518529165456939,0.14456832389260524
86e500e8e9e879c4e16cdf5a67370ecf505b3481,1.0,0.003609746610260787,0.003473782040489237,0.0037405333233426603,14.438986441043147,13.895128161956947,14.962133293370641,10.608319269936617,14.438986441043147,1.3611002905957428,0.0753823636421279,0.03839989410155697,0.11165455684410652
86e7108a20744372303e8fe7fd66f049266c54f3,1.0,0.0014740322139249235,0.0014254725521203918,0.001522467896780696,5.896128855699694,5.701890208481568,6.089871587122784,4.673740180844586,5.896128855699694,1.2615439942222488,0.050313764441195584,0.0,0.2514339194826207
86e82c7f1ec87ebd9a3fb7d7dbf31f71a0b599d7,1.0,0.0011811191643610317,0.0011560712804145506,0.0012577365098201923,4.724476657444127,4.624285121658202,5.030946039280769,4.724476657444127,4.70204205709364,0.9952514104784203,0.03489531073797495,0.01411103062061988,0.05400625915911427
86eda6fc761dc8bafa3ee93cd535092f0f25800f,1.0,0.0018766595883737242,0.0017906524537422222,0.0019491589726991956,7.506638353494897,7.162609814968889,7.796635890796782,6.497913919480114,7.506638353494897,1.1552381959063394,0.21247712654341291,0.14548278770402417,0.2752802958928845
86edce82b15f9eee7afb0437482af9bcaf605adc,1.0,0.001118394074251915,0.0010270997944562797,0.0012225613799236596,4.47357629700766,4.1083991778251185,4.890245519694639,4.47357629700766,3.933722828290794,0.8793239607698277,0.044653353022605605,0.0,0.11649852627520507
86ef1adccb0ccab9ac2bfe1573cf2b4e60a27e99,1.0,0.002750791407859312,0.0026504123981556053,0.0028356694290278214,11.003165631437248,10.60164959262242,11.342677716111286,9.524982768660848,11.003165631437248,1.1551900826151544,0.12153188528934013,0.08155502284285908,0.1548061306448027
86f4084b18a7843e2c75e321fd3f0cea4b9b3ef3,1.0,0.002901380354041254,0.002756925067654935,0.003072112007204949,11.605521416165017,11.02770027061974,12.288448028819795,9.271309477979406,11.605521416165017,1.251767233499181,0.1476469274448594,0.09119899521291341,0.20860381694232358
86f41bec64147723bab81edac6188fb83420e190,1.0,0.002745756079874006,0.0026275668962180347,0.0028478082399430405,10.983024319496025,10.510267584872139,11.391232959772163,9.170796687397102,10.983024319496025,1.1976085277944677,0.030915184165452504,0.023024737715200336,0.039068114941761364
8704c7b06f1f2ade11f9dc2f56cf9a926eee08f2,1.0,0.001121794728831544,0.0010828200633741624,0.0011905414146375806,4.487178915326176,4.33128025349665,4.762165658550322,3.4950504050975577,4.487178915326176,1.2838667244345292,0.31956909524785815,0.2200853563788876,0.4097723180956004
870aa0570d4323b91d41e9a5105479803e15eb71,1.0,0.0015491997651220248,0.001483213509644979,0.001621658601069775,6.196799060488099,5.932854038579916,6.4866344042790995,5.4240229818765435,6.196799060488099,1.1424728621529918,0.05630824068225862,0.009644191722363167,0.08572576950238311
870fa7501babc4db47df4f5c80b19fbddde47bd5,1.0,0.0009050361437286224,0.0008603751234426483,0.0009592888866326226,3.6201445749144896,3.4415004937705933,3.8371555465304903,3.1285712834523562,3.6201445749144896,1.1571238904039565,0.17064019635415328,0.1080390565297744,0.2174173820715275
870fb2eeaa8fff7f4c7b6948699715b72a5a5a8d,0.9564387314686978,0.00038753466163874675,0.0002815363631711661,0.0005085026283615097,1.5501386465549871,1.1261454526846644,2.034010513446039,1.5501386465549871,1.113684585607619,0.7184419200712534,0.6852305251905243,0.05735764389069198,0.7914606151910948
871fd9357e13ff31cc4fd1a0c502e6a181710eb5,1.0,0.002980237324178768,0.0028783382733800138,0.0030988290910001675,11.920949296715072,11.513353093520054,12.39531636400067,10.933299521702912,11.920949296715072,1.0903341002459181,0.06861068365945731,0.042137962349981004,0.0899102230660215
872201b0647c237ef07b0bf4eb4a932451662e63,1.0,0.0008915919283837706,0.0007879170834670367,0.0009923225711198453,3.5663677135350826,3.151668333868147,3.9692902844793814,3.5663677135350826,3.027260107739606,0.8488356644354269,0.08044142019944114,0.0,0.18254482168971747
8724e49f1f027ad8f8df87c751ffd0958002e645,1.0,0.0013423049667220413,0.001299122848191624,0.001401938137278577,5.369219866888165,5.196491392766496,5.607752549114308,4.135196292535627,5.369219866888165,1.2984195881051772,0.09191695783939055,0.07766869046025099,0.11215256534708626
874be6b21c89eb0f0c243f451c4e11876e350394,1.0,0.0020698787992182318,0.001997207180391461,0.002161782491075124,8.279515196872927,7.988828721565843,8.647129964300495,7.25836704302682,8.279515196872927,1.1406856594317771,0.08335003417248626,0.07067297522157191,0.10175881300658257
8757ccea62d24edfdf88b1ca599464411e20680d,1.0,0.0011113723201354514,0.001084623068522897,0.001152383020356627,4.445489280541805,4.338492274091588,4.609532081426508,3.7308874021831664,4.445489280541805,1.1915367046297034,0.07853059238535459,0.061596516285738916,0.08916465293051112
875cdc310a7a3b83b7b8710cb35d7706688338ac,1.0,0.001206640461692333,0.0010948006372354243,0.0013452862048078653,4.826561846769332,4.379202548941697,5.381144819231461,4.826561846769332,4.379836710485022,0.9074444396515242,0.12325257406012476,0.0274314561876767,0.19744271542509695
87668d67304694e7d872cbdc6d64339f04494160,1.0,0.0023597527262479183,0.002308667885837314,0.002453267570838899,9.439010904991672,9.234671543349256,9.813070283355597,7.611331994240801,9.439010904991672,1.240126026841794,0.136435317725336,0.07827343904393666,0.192725345544596
875d113c3749303a89e57e1003dab338e99b40e9,1.0,0.0008686954952943758,0.0008497388845222479,0.000900334528078613,3.474781981177503,3.3989555380889915,3.601338112314452,3.3595552233891004,3.474781981177503,1.0342982181052414,0.14443108444984712,0.08897624002862532,0.19997450037721637
8768876e4524e599a750b9d648100d9ae574b486,1.0,0.0006508906857944777,0.0005656338716393448,0.0007135137776301219,2.603562743177911,2.262535486557379,2.8540551105204877,2.603562743177911,2.0958331528862044,0.8049866124324812,0.3561173653993662,0.25695206275073773,0.4377191409543968
8771baadf90c1179322a0e1af4c430d4f0cafa8a,1.0,0.0017063574839747682,0.0016309358365436538,0.0017779554353954384,6.825429935899073,6.523743346174616,7.111821741581753,5.029292281706443,6.825429935899073,1.3571352694544925,0.12354138354374698,0.09268099324283664,0.14464297273601934
877204920c40851b7b34a6b862de88402b6b647c,1.0,0.000894639292543623,0.0008536834208256208,0.0009363388190678318,3.5785571701744923,3.414733683302483,3.745355276271327,2.28814685030234,3.5785571701744923,1.5639543282380004,0.31052266224201275,0.23463007649372022,0.35781990061976454
877c6047955b41abb1de205152f6ecf79c5127aa,1.0,0.001099638057993926,0.0010411710064303227,0.0011521872152991674,4.398552231975704,4.16468402572129,4.60874886119667,3.37206520628448,4.398552231975704,1.3044090083958555,0.08534963153402,0.05493069167143472,0.11213903208147316
8786048fa5810f289ad2b1b66891328ebb92c6be,0.0,4.1748526357590405e-06,2.6219703495142913e-06,5.278152227074344e-06,0.016699410543036163,0.010487881398057165,0.021112608908297376,0.016699410543036163,0.0,0.0,1.0,1.0,1.0
878585b801dfe95b65bbb717572f1b9de69e0541,1.0,0.0011965593766774826,0.0011438579920926041,0.0012409470755631786,4.786237506709931,4.575431968370417,4.9637883022527145,4.786237506709931,4.5832738274116895,0.9575943151559649,0.059634711076595626,0.016773711248583484,0.09190891418443074
878a23bfcf910d6ead81232c3687c4b96f1772de,1.0,0.0011660757740132705,0.0011358717304505556,0.0012082147923488597,4.664303096053082,4.543486921802223,4.832859169395439,3.8940243313916287,4.664303096053082,1.1978104652433372,0.13494005098653628,0.057551982963048365,0.1903473592165903
878f1e1ec1548f583908153a5576c0413ba86dea,1.0,0.0028437753605653035,0.0026940992617785512,0.0030144906522066657,11.375101442261213,10.776397047114205,12.057962608826664,8.919800703280966,11.375101442261213,1.2752640805166324,0.08291312168888285,0.06085218327125623,0.09853524938168022
87900f94610577db483b9dcc23f69551c4c0322b,1.0,0.002458848324828465,0.002329782298748666,0.002582235696898738,9.835393299313859,9.319129194994664,10.328942787594952,7.895199752146233,9.835393299313859,1.2457434400744836,0.008287480932665063,0.0027412454429677252,0.01513257265497331
87933c0388838b67dec2c12b069213d391de74fb,1.0,0.001213573443160764,0.001146300505146437,0.0013286677263108066,4.854293772643056,4.585202020585748,5.314670905243227,1.7186707545532072,4.854293772643056,2.824446601993294,0.047350120534406785,0.026448397972518425,0.06730186808359585
8795c576ad8d7125a1dc08ed98b54211c89d1925,1.0,0.0016725186991964148,0.0015882436370600645,0.0018021802610673377,6.690074796785659,6.352974548240258,7.208721044269351,3.124897245474001,6.690074796785659,2.140894330677703,0.0,0.0,0.04379213924527255
8795d4e4e6a5b1bf1925d2bef52a836a33342f61,1.0,0.00163540350655819,0.0015584500031760769,0.001762852504039658,6.54161402623276,6.233800012704307,7.0514100161586315,2.745353585612894,6.54161402623276,2.3827947192355405,0.051719368649648455,0.03842761191135078,0.07188100052433177
87968a292ed5f81e1e6ab2eb4163be78081ce507,1.0,0.0013380278238422389,0.0012891090482673596,0.0013942941125886757,5.352111295368956,5.156436193069438,5.5771764503547026,4.004208519030506,5.352111295368956,1.3366215245615636,0.1018502124281372,0.08063669079443647,0.13620846130230205
87a7129d1c636f28077e72cd473c1f774000b17a,0.24891623365882568,0.00018912832490116093,5.762119659323859e-05,0.0003016672767114317,0.7565132996046438,0.23048478637295436,1.2066691068457267,0.7565132996046438,0.22055111306080855,0.29153633277309104,0.0,0.0,0.9728322093927776
87ad99d4148ebf1486085a5f1d8fc70fe7d24971,1.0,0.00046502880785078045,0.0004506933478703182,0.0004928303893120127,1.8601152314031217,1.802773391481273,1.971321557248051,1.3864588651780996,1.8601152314031217,1.3416303058974475,0.006787217761900137,0.003144405474663497,0.010267712443163731
87b27fa864aec117016c9fec0551efb5baf44603,1.0,0.0018589802143771392,0.0017806429335320273,0.0019353073417191107,7.435920857508557,7.122571734128109,7.741229366876443,6.042100803885762,7.435920857508557,1.230684673901238,0.0026792061166529273,0.0004253838854217174,0.005051303885640808
87b7124703a63434206c736b4d9a4b0368331169,1.0,0.0008148829745801054,0.000791929327798759,0.0008544338140873474,3.2595318983204216,3.167717311195036,3.4177352563493897,3.0248459312648888,3.2595318983204216,1.0775860894698182,0.07214519564257567,0.022004889220835353,0.10711402273605876
87b7d35166183eb4bd3a60283e1b20d95c67f7ba,1.0,0.0007005347541275448,0.0006794765427130948,0.0007412152973464713,2.802139016510179,2.717906170852379,2.964861189385885,1.9963794172496765,2.802139016510179,1.4036104521507047,0.0,0.0,0.13347171954000353
87b82bba6b0ac127eb843bba12978851e6764441,1.0,0.0006792804627612233,0.0006106533438411772,0.000770374206918622,2.7171218510448933,2.442613375364709,3.081496827674488,2.7171218510448933,2.4227123962600365,0.8916465764420396,0.1769086229597136,0.1121654014093336,0.24967847044056066
87ba21d7db8e6d464844241195c175c8709d17fd,1.0,0.0017121576759622798,0.0016519881587490105,0.0019534328731054752,6.848630703849119,6.6079526349960425,7.813731492421901,6.81869701505025,6.848630703849119,1.004389942643411,0.14809137227777,0.06554314176148263,0.2197679635442982
87bc2bbf39b4bbc3ff5fce007390ae4658897611,1.0,0.0030222646232225796,0.0029050789215160845,0.0032005839487780838,12.089058492890318,11.620315686064338,12.802335795112334,8.258764992693287,12.089058492890318,1.4637852637271769,0.033078663470126016,0.0,0.056261035191780634
87bcdb39e9b40ba7b5109c4d09731ace941b98ad,1.0,0.0015458250926548168,0.0014685553022707211,0.0016191443826939797,6.183300370619267,5.874221209082885,6.476577530775919,6.183300370619267,5.031381609690959,0.8137048676461206,0.19731685398503804,0.10200195902907852,0.2443437103297733
87cb769bab40b4ac6a9b3be1c1c16a1b95619a80,1.0,0.00194810644911981,0.001898493751835112,0.002004020188654561,7.79242579647924,7.593975007340448,8.016080754618244,6.969667782658725,7.79242579647924,1.1180483832913277,0.13298670333889967,0.09734571058438181,0.1670124919846371
87e14c834e4ea23fc906348e3f64131f16b04bd3,1.0,0.0021426744595214185,0.0020134627951105422,0.00223196828463914,8.570697838085675,8.05385118044217,8.92787313855656,8.570697838085675,7.772612296121804,0.9068820815946385,0.08609396339005854,0.0357868094906812,0.12094514167047704
87f9bf1b1969aadc160e890091012e50888c77c2,0.8390256313320066,0.001149474027825499,0.0011168568007063706,0.0012033587275736735,4.597896111301996,4.4674272028254824,4.813434910294694,2.969115928000122,4.597896111301996,1.5485741287302832,0.37935418429575024,0.2936161671725852,0.43970876290036476
87fa838de87bb0650405e80e9f9bc5c8eb7ecbbe,1.0,0.0013254512949805177,0.001282677767771533,0.0013891936547728444,5.301805179922071,5.130711071086132,5.556774619091377,5.107836029023373,5.301805179922071,1.0379748194336194,0.15485621512592374,0.11667151738045775,0.1863004131736559
87fc2c683a6d5d5f990f41c8db8881379191e827,1.0,0.0028603627725970267,0.0027955987460993644,0.0029658569630969475,11.441451090388107,11.182394984397458,11.86342785238779,11.441451090388107,11.078605490497912,0.9682867499040381,0.10242494750256706,0.08310692150174896,0.13055246035494938
88019051791ecd7ea04f666514eba6ab596371cc,1.0,0.004108710338609302,0.004022257320226212,0.00428765704863075,16.434841354437207,16.08902928090485,17.150628194522998,13.659486638049742,16.434841354437207,1.2031814803827592,0.04684553160576417,0.031860439276970354,0.057750849970020945
88124f63c1d7c54bf4af19013d184ff4ce2b0501,1.0,0.00260418422074726,0.0025457467604742515,0.0027026089390394937,10.41673688298904,10.182987041897006,10.810435756157975,10.41673688298904,10.37750945662974,0.9962341924539382,0.04371871218298501,0.029294667367021417,0.055452688543727896
8812a4e9adc3f2dacf254f5a19dca9ff45c3f9d8,1.0,0.0013663806896606848,0.0013015985661435148,0.0014133927422629814,5.46552275864274,5.206394264574059,5.653570969051926,3.366340573244401,5.46552275864274,1.6235798606007341,0.04530623801187545,0.03251961495765402,0.060915908880898546
8815f3c9d7db35cdfd86d60f2d462c41879d2094,1.0,0.002359688443437637,0.002255930934895293,0.0024494625318517626,9.438753773750548,9.023723739581172,9.79785012740705,9.438753773750548,8.751359109890073,0.9271731543869551,0.09836478582473336,0.07402172994820541,0.13170038643475557
88213b07b0a1fc60e2b869619b5743a3c9443a7e,1.0,0.001246208500959451,0.0012058265517820297,0.0012951167407512809,4.984834003837804,4.823306207128119,5.180466963005124,4.734443918675772,4.984834003837804,1.0528869048747898,0.062319602788451105,0.02418261529887984,0.09295335944055945
8823f97781c9e43b9625439e066157bf59d72527,1.0,0.003073880837481548,0.0029234575571091457,0.003208393104118249,12.295523349926192,11.693830228436582,12.833572416472997,10.817006540721158,12.295523349926192,1.1366844702958332,0.06627955625003648,0.05333293890780991,0.08388901010469205
88252b78b3db1e96a65a1a41412ae65fbe4c3510,1.0,0.00130954756747548,0.0012679954583819273,0.0013512951784104968,5.23819026990192,5.071981833527709,5.405180713641988,5.049988048803525,5.23819026990192,1.0372678547512573,0.1252684560169634,0.0895813748182194,0.15873966950389876
8826edc3daebe6d4caef9dbb0da2f715b3e501ab,1.0,0.02484756721365143,0.02378154671741913,0.026163632165387286,99.39026885460572,95.12618686967653,104.65452866154915,60.92058781115144,99.39026885460572,1.631472584649166,0.0,0.0,0.0
882a8ceb79add48b8e14c66eef563a1deecb546b,1.0,0.004181152271352196,0.004015835535720549,0.004499520450791443,16.724609085408787,16.063342142882195,17.99808180316577,16.437165692283333,16.724609085408787,1.0174874061931733,0.09199432896621586,0.06423212288527383,0.12445862760354608
882daf3f58b417cf345562ddfd1cd4d79e723780,1.0,0.0004616879422518356,0.00045181027472649006,0.0005213630551117464,1.8467517690073423,1.8072410989059602,2.0854522204469856,1.674728571901337,1.8467517690073423,1.1027170611358863,0.22759072219353121,0.06724313448180018,0.3300983754976774
88321596163bd320edc84b39d78ec42e981c12d1,1.0,0.0023803821665498606,0.0023062987578507162,0.0024918758588992258,9.521528666199442,9.225195031402865,9.967503435596903,7.981936687868858,9.521528666199442,1.1928845139388908,0.09226458336917757,0.037785265773244564,0.1288645703766342
8837982c6d3359734eea75b7cb93faf5830d6e75,1.0,0.002278759600587454,0.0021909914930621196,0.0023457987273150095,9.115038402349816,8.763965972248478,9.383194909260038,7.997468599056359,9.115038402349816,1.1397404427977775,0.05581518878465199,0.0390268846585394,0.0726175060341942
9427a60b71dbd37626bd972f1ebd029ddfa7a66a,1.0,0.0008072057778275988,0.0007877572201096306,0.0008278142499515379,3.2288231113103953,3.1510288804385227,3.311256999806152,2.8439988342218845,3.2288231113103953,1.1353109827113548,0.07125458675097178,0.03387088488336148,0.10081573639184693
942b5417e91778012d864dc34079f4351a7f3e68,1.0,0.0020655888155275914,0.0019813663659236126,0.0023037646645972577,8.262355262110365,7.925465463694451,9.215058658389031,8.262355262110365,8.137807293465642,0.9849258516859136,0.037466204921726295,0.0,0.14646144283942952
94394506676bf4076bdd2d73023134c7650dee29,1.0,0.0031509406684791003,0.002904223526965354,0.003403508252443321,12.603762673916401,11.616894107861416,13.614033009773284,12.603762673916401,11.485359544248654,0.9112643455289512,0.07682570702079702,0.02638515372554289,0.11680981372127142
943cb510b71c6f2d076b283deb6d09a780b225b0,1.0,0.0005747008345646513,0.0005528697505987169,0.0006002148319681397,2.298803338258605,2.2114790023948676,2.400859327872559,1.3720601828722234,2.298803338258605,1.6754391439640566,0.19329463441672587,0.0,0.340818944083606
944868edcf5341f3d98123640265be6d22e2776e,1.0,0.0014146981961884121,0.001397906113858961,0.0015225138861678822,5.658792784753649,5.591624455435844,6.090055544671529,5.572550052992124,5.658792784753649,1.0154763494165866,0.14937521093306108,0.10546319740363254,0.18463537212720274
944c9bc803a59dc28032a5e9978027557c3c0dfa,1.0,0.002067493512042091,0.0019614610868330367,0.0022212684225202967,8.269974048168365,7.845844347332147,8.885073690081187,6.654007720587047,8.269974048168365,1.242856094467944,0.027547675047030082,0.007852433153794231,0.04379415879913444
94547594da8543f25452b787ae4e4e6a85ad016a,1.0,0.0009638319616843726,0.000855850493635004,0.0010881632991096518,3.8553278467374903,3.423401974540016,4.352653196438608,3.8553278467374903,3.084948968200733,0.8001781147643052,0.16033335655934147,0.0,0.2511654389416014
945f7178a2eb9700c8c572d3a498f4e7cc24faec,1.0,0.0031547530202727008,0.003042773670819293,0.0032407133963280282,12.619012081090803,12.171094683277172,12.962853585312113,10.40233448799793,12.619012081090803,1.2130942429942477,0.03302585803389886,0.0256758323406717,0.04199427494207472
94625f783691266c976dfd749670128ccacd72aa,1.0,0.0007709439375863563,0.0007555512323985089,0.0008241241247741921,3.083775750345425,3.0222049295940354,3.2964964990967687,2.9550860636157594,3.083775750345425,1.0435485410439127,0.18667854463615902,0.11556255258646961,0.2527577827140188
94690da58078e7fa81009993edfbfa9710cecc86,1.0,0.0021886941051104856,0.0020316943447321292,0.0023708353658685407,8.754776420441942,8.126777378928518,9.483341463474163,8.754776420441942,8.002615712454329,0.914085674851575,0.12761230870495308,0.09146755854742519,0.16351391127718856
946e36a0745e2a671f61545a42713a808dd42830,1.0,0.0016195996302839559,0.0015651722873731948,0.001690686040940321,6.478398521135824,6.260689149492779,6.762744163761284,4.839171274401029,6.478398521135824,1.3387413161849062,0.10944004582903523,0.08067050437355322,0.13803294385759046
947ade75df802a8148b5816b75422653963652dd,1.0,0.0005851898113969289,0.0005565840392789568,0.0006068017176257165,2.3407592455877153,2.226336157115827,2.4272068705028658,2.0594010432518925,2.3407592455877153,1.1366213750632779,0.14833875673044192,0.09545269849083285,0.1952085931280184
9480aaafcaaad705d52bfb87ff2eca634e413a96,1.0,0.0006511184429270107,0.000560289492044605,0.0007574599361528212,2.604473771708043,2.24115796817842,3.029839744611285,2.604473771708043,2.1163958348791767,0.8126001720075763,0.4207306347031029,0.2883570058760382,0.494168034189998
9488c3d32582df514e6a3edb9522cafa134955e0,1.0,0.0039216497022055265,0.0038010412164430404,0.004126486429489417,15.686598808822106,15.204164865772162,16.505945717957665,12.013718192498047,15.686598808822106,1.3057238864332266,0.03787372865093072,0.011806436680512632,0.06674275330269605
9488fb09b7dabc509ccd246cc00711b930168885,1.0,0.0007606791395024271,0.0007163049987417533,0.000795193386024856,3.042716558009708,2.8652199949670134,3.180773544099424,2.3841964644841562,3.042716558009708,1.276202109740159,0.2873482709975464,0.23439759537441635,0.3398633378757134
94999cead5750563b0c805a284ed94073bef3f00,1.0,0.00048614056425833535,0.00045287342719170374,0.0005277325940691186,1.9445622570333414,1.811493708766815,2.1109303762764746,1.4177273353322848,1.9445622570333414,1.3716052505805554,0.5354041003720417,0.45559381139319066,0.6139572848733874
949c4e9217dca13760f9b0843450e9912f4647b6,1.0,0.004372044989075344,0.004145361556272896,0.004580079127287732,17.488179956301373,16.581446225091582,18.320316509150928,14.161125520430915,17.488179956301373,1.2349427968186824,0.013146088664897491,0.009262979809848746,0.02009615662367977
949e3cd396f9d8db9611b3a1f737a6a2881f58d0,1.0,0.0017889932306516718,0.0015858110943753544,0.00197391110149968,7.155972922606687,6.343244377501418,7.895644405998719,7.155972922606687,5.7277845731519434,0.8004201015150709,0.1832505904537656,0.10825596653265711,0.24639230015090904
94b6061c779375b7e1c544e0a024dbc79e94424d,1.0,0.0006709309474540386,0.0006525128048327548,0.0007024133980757599,2.683723789816155,2.610051219331019,2.8096535923030395,2.6499695157093006,2.683723789816155,1.0127376084542692,0.20885388252409529,0.13450283260068238,0.2636711924580729
94c5136d8cce0205f72fa7b66ccd89f29c50f847,1.0,0.0020272603211145285,0.0018962221113726747,0.0022137642024410084,8.109041284458113,7.584888445490699,8.855056809764033,5.7325938408191535,8.109041284458113,1.4145501163395486,0.08149163432333136,0.06266096902817668,0.10308720777726266
94c58f7d2d11d945f711ae94cce83284b09194fc,1.0,0.0026407032545584836,0.0025452919099459882,0.003016512421745537,10.562813018233934,10.181167639783952,12.066049686982149,10.562813018233934,10.269114155003066,0.9721950144602699,0.07592629794369807,0.022078289841981947,0.12668257812593975
94c8be3bbc03ecb85e69c3489d062779861ed442,1.0,0.0018420138819594397,0.0017675427308628028,0.001954903989910105,7.368055527837758,7.070170923451211,7.819615959640419,5.793549868811735,7.368055527837758,1.2717687246470455,0.18519894302285334,0.1314953132134902,0.22206209398666765
94c90382f0b23957144370657f8b071e6af53184,1.0,0.0010131800134366357,0.0009716570437241087,0.0010595391162399601,4.052720053746543,3.8866281748964346,4.23815646495984,3.029913728913621,4.052720053746543,1.3375694545598995,0.17985642176552458,0.12741627991100415,0.2171549611882941
94df14e68d79006d75b892469c18ec157323d4ff,1.0,0.0007203511931147224,0.0006614136879543344,0.0007882209587212047,2.8814047724588896,2.6456547518173372,3.1528838348848187,2.8814047724588896,2.3475940069180163,0.8147394039729663,0.28492188422811104,0.15399935738502687,0.3656607120563251
94e260a8207b350b37d87ce72e619f06d3c997af,1.0,0.0013969214927968489,0.00125785918985731,0.001523479988294895,5.587685971187396,5.031436759429241,6.09391995317958,5.587685971187396,4.576376215736881,0.8190109894032557,0.1537440915498798,0.0803701918110809,0.20275059654829078
94e4047aeb14df1cca1df4bf9d2ec90ab2bd0563,1.0,0.0019603149482150394,0.0018101884005352772,0.0021281759920786163,7.841259792860157,7.240753602141108,8.512703968314465,7.841259792860157,7.284888527189213,0.929045678836257,0.09639764224939416,0.04233287645322347,0.1474890031415802
94e655b466a195d8679cf5afe03adbaafa96cbcf,1.0,0.0022903880712597654,0.0021918606361244404,0.0024103753973459415,9.161552285039061,8.767442544497762,9.641501589383767,5.616858729901663,9.161552285039061,1.6310811301461121,0.10279046596504554,0.06977468173515186,0.12713785270410388
94ecd1d0238604e53be30120447b2041c109e5f5,1.0,0.004958694531665893,0.0048431620865891315,0.005260117480497865,19.834778126663572,19.372648346356527,21.040469921991463,19.834778126663572,19.723036325738974,0.994366370008728,0.07303394274588036,0.044007319543528385,0.09618654308211487
94eff2e8a7baa5186e806bee9c24044ac1e20aca,1.0,0.0023448085604248063,0.002247286904650539,0.002395397647016525,9.379234241699224,8.989147618602157,9.581590588066101,7.656946142184299,9.379234241699224,1.224931463214342,0.15219045458462205,0.1317340757486549,0.17841589137078637
94fe5547a08112cc60580f54d0fa6482c1d1c1be,1.0,0.0005377912894990323,0.0005113644430332902,0.0005777515499864751,2.1511651579961293,2.045457772133161,2.3110061999459006,1.770437643074509,2.1511651579961293,1.215047119231184,0.2833904680879458,0.2275575881777061,0.3424499411640257
94fdecae694d4e7d3c484051488ba2d4cd3308e9,1.0,0.0029077233766751165,0.0028548802496561063,0.0030931453146253603,11.630893506700467,11.419520998624424,12.372581258501441,11.068274205665121,11.630893506700467,1.050831709675875,0.08982667408292412,0.04911655057833659,0.12870426293610898
950ac8e47542d05420fe42207cfe6fe6953bd947,1.0,0.013766001228771809,0.013400671015920075,0.014242184853485306,55.06400491508723,53.6026840636803,56.96873941394123,48.77416150613919,55.06400491508723,1.1289585144002188,3.0375820699446535e-06,6.122438605733115e-07,6.308706118839029e-06
950dd48ce8e92209e6ee23a051a7bb8ce31d39ce,1.0,0.0023706415424150514,0.0023482998899287616,0.002503984316201008,9.482566169660206,9.393199559715047,10.015937264804032,9.23898521702098,9.482566169660206,1.0263644704388613,0.025674385620380217,0.0,0.047868362301993525
9517181aaaf4040ae6651479926e9c192e7fc507,1.0,0.0004985801115807332,0.00045511713104166564,0.0005901865719672328,1.994320446322933,1.8204685241666625,2.360746287868931,1.994320446322933,1.8647171013374821,0.9350137811481553,0.5938102326291484,0.3505719327749308,0.7226618961462308
950f31079fbd37d6b523c84706d35957cf0c410b,1.0,0.001257257060549041,0.0011921347828630245,0.0013068223433825431,5.029028242196164,4.768539131452098,5.227289373530173,5.029028242196164,4.80857544482114,0.9561639372940263,0.122393698321997,0.07353728565522381,0.1524340993891452
95236daa99891d35b14830353d96c6b113051fee,1.0,0.00095842331125828,0.0009238616615751896,0.0010003925382371295,3.8336932450331203,3.6954466463007583,4.001570152948518,1.624231159766569,3.8336932450331203,2.360312583575906,0.08344550329479285,0.05263153836472344,0.12511324086918232
951f28d0b0a85e9c40d6d163172cac4e5b60a85c,1.0,0.021914888504761,0.020894787189321747,0.02246919938608165,87.65955401904401,83.57914875728699,89.8767975443266,76.48295764549553,87.65955401904401,1.1461318536523244,4.2850409221408046e-05,1.2769400239720661e-05,8.600548234835771e-05
952abb434e1a9fd754c8786ecdbaab810750fee3,1.0,0.0007898677347012856,0.0006495704031781789,0.0010659721361891267,3.1594709388051423,2.5982816127127157,4.263888544756507,3.1594709388051423,2.6340086446376016,0.8336866189482149,0.20022422602793466,0.0,0.3422304143105717
952b2b2fa8f57d7801dcdde837942e8a9cac8f53,1.0,0.0024068913366228463,0.002308296156407287,0.002460962908250775,9.627565346491386,9.233184625629148,9.8438516330031,9.15432988989907,9.627565346491386,1.051695259214384,0.07569567032292783,0.052424673874186214,0.09733108684458154
952b367ed04fbade97ab213e29c872181afaacef,1.0,0.002656382385621554,0.002487469740621646,0.0028025461115127118,10.625529542486216,9.949878962486585,11.210184446050848,8.03826907270961,10.625529542486216,1.3218678606518044,0.030981714019859604,0.022074862148717258,0.04374719127138411
952e4cc672f0d4372c8736cb0a28aa115ef267ac,1.0,0.001448681663282859,0.0013881626785005625,0.001512943300821758,5.794726653131436,5.55265071400225,6.051773203287032,3.7533654756796677,5.794726653131436,1.5438748746102626,0.21299528378203464,0.1530735850279494,0.2711348963819248
9532a836ac4685f496ceb77b4be341b3c1d26c3f,1.0,0.0011030183775148695,0.0009813554098020252,0.0012282284515099952,4.412073510059478,3.9254216392081007,4.912913806039981,4.412073510059478,2.3590785873173927,0.5346870540435739,0.3718628821979862,0.28676049385165864,0.45821509205211347
953759eeb6325b8343b9a4b8bf1e67f93c44cc59,1.0,0.0008815773356853584,0.0008326458541568151,0.0009111381147726668,3.526309342741434,3.33058341662726,3.6445524590906673,1.9478263720069289,3.526309342741434,1.8103817637031612,0.0,0.0,0.16310218901245985
9548422c64703df6fb46f8f926968eedaad54a26,1.0,0.0005616545002116652,0.0005393643831114892,0.000670427382374885,2.246618000846661,2.157457532445957,2.6817095294995403,2.193237647155993,2.246618000846661,1.024338609069513,0.07972932481022776,0.0,0.3909142807258691
955054bcb23fe19b8c4488a0b18e3d0f4d5f5984,1.0,0.0013475639366653225,0.0013041624003392392,0.0014057260378278914,5.39025574666129,5.2166496013569565,5.622904151311565,3.923343953672241,5.39025574666129,1.3738932426803983,0.05581981268747881,0.036742816340230924,0.06988286592848894
9556463c9d7de7efb3a718fc2d4ce6d08441a504,1.0,0.001639735552141194,0.0015754907829025767,0.001700921826867783,6.558942208564775,6.301963131610306,6.803687307471132,6.129703072041238,6.558942208564775,1.0700260895966365,0.12860998540579224,0.07659707206718837,0.16860532926322513
95594b89f5d373672e8579bdd9764fc3dd3df1bd,1.0,0.0017012942324355056,0.0016433749504250594,0.0017587274779877217,6.805176929742022,6.573499801700238,7.034909911950887,5.115481909936018,6.805176929742022,1.3303100371685486,0.027139859079096735,0.009036707163043979,0.0470177577344907
956e83e7120521263da66cdb22d7aec55c3c08de,1.0,0.0023648941788403815,0.002173825758556883,0.0026273885935542973,9.459576715361527,8.695303034227532,10.509554374217188,9.459576715361527,8.278954536433126,0.8751929167178091,0.10201420171262172,0.055373295998788416,0.14857740854729698
955ac77d8137a603a54c0c182274a9e5ac388382,1.0,0.002386194075468405,0.002285185790874142,0.0024977573947003056,9.54477630187362,9.140743163496568,9.991029578801223,7.855659273672608,9.54477630187362,1.2150191307127978,0.12111750318793114,0.09043100024846494,0.15094057069899144
aabf119b82c1498d698ca83a66c39244b9d7a9a7,1.0,0.0013151604639024235,0.0011377274304798044,0.0014989410319274448,5.260641855609694,4.550909721919218,5.995764127709779,5.260641855609694,3.704102786915776,0.7041161304234957,0.34804049722028285,0.0,0.5217220606430112
aac064ff58b5bdd72b50a4645400ab5e26603de8,1.0,0.003711244413184662,0.0034830551009958645,0.003854510679297689,14.844977652738649,13.932220403983457,15.418042717190756,8.924373821685567,14.844977652738649,1.6634195238064158,0.06469109896082892,0.04380968128408016,0.07938437084754299
aac0d260bf7fef138735bf309fa02736e2097e0b,1.0,0.0010612869042825055,0.0009937961441379404,0.0011278496800901639,4.245147617130022,3.975184576551762,4.511398720360655,4.245147617130022,3.9571993061248905,0.9321700122174309,0.17333263459829326,0.1424992360239784,0.20440711540348613
aac456af21cdf3a59312ed24d456949d44198dc4,1.0,0.003826364429286843,0.003690465963556633,0.004016254676727901,15.305457717147373,14.761863854226531,16.0650187069116,12.054680816547746,15.305457717147373,1.269669263754973,0.10682742294702982,0.06590559123230694,0.16457497154813328
aada26275b39c8f6610095775d7ec9470a9e606d,1.0,0.00044636929788511995,0.0004344705968757199,0.0004603754038558919,1.78547719154048,1.7378823875028797,1.8415016154235675,1.3684415540584978,1.78547719154048,1.3047522462652101,0.16619737612598584,0.0,0.30316403168081796
aadc3b9f4c972fbee0f844f60dbb6220c908af2a,1.0,0.0011349565662430445,0.001087202100427469,0.001205574893304573,4.539826264972178,4.348808401709876,4.822299573218292,3.3697418704903734,4.539826264972178,1.347232648508929,0.13115315928621718,0.07209004456320249,0.16966162061698295
aade7381d0f29e1f0d6f0b4ce253df88c54373b7,1.0,0.0023517692831890448,0.002241556145932679,0.002535578330869345,9.407077132756179,8.966224583730716,10.14231332347738,7.311790113251663,9.407077132756179,1.286562796121169,0.15048818258040972,0.09634344033396736,0.19191765769915492
aae02a1e3691e3467a20b440f49cb06400433e6d,1.0,0.001214694216972486,0.0011778830800031267,0.0012572695316789523,4.858776867889945,4.711532320012507,5.029078126715809,3.938138194544233,4.858776867889945,1.2337751058663036,0.1518885749602684,0.12673612024364192,0.18018279685159055
aae7255148fba6ce59c3d46a46ef8db3363ff5ed,1.0,0.0005279967021224663,0.0005130284826062889,0.0005423131572954061,2.111986808489865,2.052113930425156,2.1692526291816243,1.5217427288969014,2.111986808489865,1.3878737636688605,0.19538005171387,0.14948016003811265,0.2276446640034793
aaf06fd75ace2c05e66430731410d3921ce3a190,1.0,0.00104346854743871,0.0010086260560412514,0.0011083765288636789,4.17387418975484,4.034504224165006,4.4335061154547155,3.418212221963618,4.17387418975484,1.2210693540136972,0.12098026858862272,0.049859784815926476,0.16548659500627833
aaf91539899b4b68426bc11498f85e8ca314edea,1.0,0.00402560614933029,0.003908632254616106,0.004196964390647878,16.102424597321157,15.634529018464425,16.787857562591512,15.214974419498715,16.102424597321157,1.0583274183284286,0.09822308249828705,0.07096845663902433,0.12435984142880234
aaffc0c3221c0104ac96bed7ce340e093eb02302,1.0,0.0007869469457831619,0.0007668812213196803,0.0008261565748010438,3.1477877831326477,3.067524885278721,3.304626299204175,2.345818125465579,3.1477877831326477,1.3418720526374568,0.2732525713564978,0.2091216650998252,0.3505151297944968
ab0fe7ee08074ff75c19d7f40677b5539a7bee21,1.0,0.0009464783271015113,0.0009311855543638985,0.0010544950831817283,3.785913308406045,3.724742217455594,4.217980332726913,3.6737177496862716,3.785913308406045,1.0305400595158283,0.23480886363566478,0.15270452799562578,0.3068745939793851
ab1095fe161453607aa2eb35428a69dd7874ba89,1.0,0.0019560148216722123,0.0018810746466303612,0.0021081922479664556,7.82405928668885,7.524298586521445,8.432768991865823,6.45849118862963,7.82405928668885,1.2114376342981383,0.05066995721557349,0.028920481133075,0.06429029515389173
ab10ecb8fdbad2bc8bfc81eb639752dc89639e5c,1.0,0.0009548086901624084,0.0008787838518792543,0.0010223365772362185,3.8192347606496333,3.515135407517017,4.089346308944874,2.2784322015102605,3.8192347606496333,1.6762556103789485,0.035357997451047854,0.023521937670946978,0.04499102823016406
ab20ad090d4d83e2324d890328cfe16fcad8c2b5,1.0,0.0021021174118413468,0.002035971380435518,0.0021650393365880718,8.408469647365386,8.143885521742071,8.660157346352287,7.096887830848274,8.408469647365386,1.1848108421294214,0.13688271043342182,0.09815051824766272,0.15440510462350907
ab2666223987cd54ca0ef0cf914ba30d5471e847,1.0,0.000539722240505496,0.0005191659110173368,0.0005603132611968157,2.158888962021984,2.076663644069347,2.2412530447872627,1.629785899899759,2.158888962021984,1.3246457477358025,0.11010242953310323,0.0,0.17876202072202027
ab3815183efcc1df292f1b516532f3ef3db5f13d,1.0,0.0011339691994941437,0.0010830742871221972,0.0011802136847663034,4.535876797976575,4.332297148488789,4.720854739065214,2.8150084689036903,4.535876797976575,1.6113190592790931,0.16386531794302764,0.12041366611022962,0.20562489552212837
ab3b6b79789555f5297b6b55bce51b191ceed2f3,1.0,0.000586359542672223,0.000565681201326592,0.0007119604160638656,2.345438170688892,2.2627248053063678,2.8478416642554625,2.2616087317050297,2.345438170688892,1.0370662872886343,0.23229417593494261,0.04284784958387924,0.3646038042437592
ab48724151c5aecbf8c3952dddd88bbe07b43723,1.0,0.0006487242520103354,0.0006201518674089264,0.0006771658361260786,2.5948970080413414,2.4806074696357054,2.7086633445043145,2.1065244753387287,2.5948970080413414,1.2318380528781099,0.1445574608115698,0.06466056424223249,0.20216936964114018
ab40c4d4cf85db7a508f8559e761311e8a60ee6e,1.0,0.0030549919176251833,0.0029544196050469785,0.0032185944622323847,12.219967670500733,11.817678420187914,12.874377848929539,9.903465004409856,12.219967670500733,1.2339083002827167,0.004452356850140297,0.0017171879959590641,0.009091271077803454
ab4bf8fd50fafd75df382873d243fe0c5477688d,1.0,0.0007118693680508708,0.0006927133625256607,0.0007778330254682272,2.847477472203483,2.770853450102643,3.1113321018729088,2.847477472203483,2.809136152146069,0.9865349873943888,0.31228527354086705,0.2494468021905027,0.3964328080083368
ab4fb7dd5a5a551bc875c25b5ea3b9e75ebdcde1,1.0,0.003102579467160854,0.002919610477520642,0.003263349505239099,12.410317868643416,11.678441910082567,13.053398020956395,10.839472098480524,12.410317868643416,1.1449190288873101,0.011470666022980577,0.006856332908965947,0.0147808545864913
ab5a72037262c3ac86d6a077b4147739518ae6b3,1.0,0.002107560918122234,0.0020408743668276783,0.0022297082508207534,8.430243672488936,8.163497467310712,8.918833003283014,8.13776953928344,8.430243672488936,1.0359403312902433,0.08288863096026529,0.06010532747160472,0.09889133994436936
ab595119ddf007e7f84b859a8ab29b2ffaea4038,1.0,0.0034627353542391864,0.0032661784830445573,0.0037492739790416754,13.850941416956745,13.064713932178229,14.997095916166701,13.850941416956745,12.815054214959565,0.925211783747131,0.15631612673429393,0.1161827489143598,0.2173158154974141
ab634ae647792b8a2554c781382a42785c73b532,1.0,0.0011540717326851792,0.0010376277405327616,0.0013185551444007948,4.616286930740717,4.1505109621310465,5.274220577603179,4.616286930740717,4.152237199943987,0.8994755443587061,0.06760881158469034,0.0,0.16050357403309914
ab71ba77b3323467289d65907aec006a10a93330,1.0,0.000580182707361644,0.0004342391277550866,0.0007330937201554371,2.320730829446576,1.7369565110203464,2.9323748806217482,2.320730829446576,1.5198880576102725,0.6549178553260826,0.17864663501738876,0.0,0.32976166049112166
ab67ee13a44b00bdbe7a3883f4322e458e4e4783,1.0,0.004211222350951741,0.0040838105540038075,0.004363839211646378,16.844889403806967,16.33524221601523,17.455356846585513,13.541333294343865,16.844889403806967,1.2439609185930738,0.024215201288608563,0.014544883906175261,0.03464718897843301
ab7616f85aaded355b5bdfabc5a26cfc73380e2d,1.0,0.0038737880111535286,0.0033819267131230467,0.004320754457215593,15.495152044614114,13.527706852492187,17.283017828862373,1.7758917537470518,15.495152044614114,8.725279574005588,0.015492509842879773,0.0,0.04160165764756151
ab7815cab036330114e92c8bd21453a411c8e0d3,1.0,0.0017877637591428726,0.001700711742810724,0.0018622093949005737,7.15105503657149,6.8028469712428965,7.448837579602295,5.063133661282334,7.15105503657149,1.4123772973357276,0.13078512709261836,0.11365995565029748,0.143793222945063
ab7c207f05d98d5ffabaaa3e7d3f923e63915052,1.0,0.0014187023526328801,0.001368059880316493,0.001527992168866232,5.6748094105315205,5.472239521265972,6.111968675464928,5.301015259756126,5.6748094105315205,1.0705136907665855,0.0,0.0,0.073299159666154
ab7e387034cc94474a1e8d28102d6a99e5b9ab21,1.0,0.0026640928966356284,0.0025354084529093926,0.0028183209514653826,10.656371586542514,10.14163381163757,11.27328380586153,7.124421033500836,10.656371586542514,1.495752642415931,0.1261110068514012,0.1057108250137946,0.14157888221361709
ab939af6165d7eb1bf70aaf77e80c44991e84aea,1.0,0.003124361102924079,0.0029186196805788224,0.0032904976942591405,12.497444411696316,11.674478722315289,13.161990777036563,10.41055988210188,12.497444411696316,1.2004584338621658,0.18976224590310736,0.15823513636102174,0.22787216286358158
ab95b325d672355355727f869d3aaf2a940872b2,1.0,0.0014657650386847953,0.0014410804562572002,0.0015256905163793467,5.863060154739181,5.764321825028801,6.102762065517387,5.863060154739181,5.840679364233584,0.9961827458844156,0.016338460477307217,0.003424012331827291,0.03028077402976178
aba12942fc9782af11fef08ff94e793bc96fab05,1.0,0.004634159596119794,0.004455413253157694,0.004781437708571179,18.536638384479176,17.821653012630776,19.125750834284716,14.482217122276829,18.536638384479176,1.279958602192599,0.06869603577984718,0.04458850974496252,0.09449846929957921
aba56ea847f4fe1c38413f71e5b66a63f3c5cb3d,1.0,0.0016093161282470997,0.0015577826151391325,0.0016727260869610413,6.437264512988399,6.23113046055653,6.690904347844165,6.437264512988399,6.2049856610345735,0.9639165282885053,0.0542007794424488,0.03540294474191407,0.07189522414098796
abaca7f54b289cfecc97a9dbfb33139e0e535ba8,1.0,0.001610607103945088,0.0015223515792113528,0.001686212201543103,6.442428415780352,6.089406316845412,6.744848806172413,5.001569595860423,6.442428415780352,1.2880813297314635,0.17042434137123583,0.11025488073275815,0.21971997516409283
abad8f5a46d6be1549dfe4575b2d2b2c894a4452,1.0,0.0030263091709123884,0.002866634234527401,0.00330471975289159,12.105236683649554,11.466536938109604,13.21887901156636,12.105236683649554,11.404699310989212,0.9421293948257491,0.07714974766181591,0.040659136522489196,0.09552489404606326
abb5d0805d64e1773c5261d3b0b412694a89f94a,1.0,0.0014110893247377893,0.0013506561738131282,0.0014940527918021178,5.6443572989511575,5.402624695252513,5.976211167208471,4.830382869155066,5.6443572989511575,1.1685113689421625,0.19059267591667975,0.1378342656553396,0.22962840088009995
abb7c03925de70264259ef424874722f44438c19,1.0,0.0023110447492861947,0.0022383218629737937,0.0023904051442901982,9.244178997144779,8.953287451895175,9.561620577160793,8.671565047324192,9.244178997144779,1.0660335183667082,0.12894887471696967,0.09972691542708206,0.16639878263286464
abbbe9c48ecc5c1303e836e1e5ccb622d8061e1c,1.0,0.0012152750435472732,0.0011733101205048271,0.001268044870239047,4.861100174189093,4.693240482019308,5.072179480956188,4.091355544394764,4.861100174189093,1.1881392661776593,0.13317156104668623,0.08919466078619287,0.18253678630840667
abc933adf06ea39dcd60a6a494aa58415da4de70,1.0,0.001462085442103002,0.001366924297992915,0.0016016883951048787,5.848341768412007,5.467697191971659,6.406753580419514,5.848341768412007,5.257476642851542,0.8989687762859827,0.23941894576819672,0.14048529143852173,0.29337252846807005
abce36270b8344b75452e3e9ea8835af23d6d830,1.0,0.0005098082281603998,0.00040603103155857065,0.0006234748583830578,2.0392329126415993,1.6241241262342825,2.4938994335322313,2.0392329126415993,1.6375464160568378,0.8030207858579423,0.5156158845012212,0.4427483134829221,0.5930391902102439
abcc8cec73096a04c6b0902296fc41cf5ab33d48,1.0,0.001325125806871925,0.0012904800576138485,0.0013637468240877263,5.300503227487701,5.161920230455394,5.454987296350906,5.0231698678737455,5.300503227487701,1.0552108264121571,0.09799900761689309,0.05374093527791221,0.13655204992388414
abd48acdb12d7a66392245f5510450bb9370d685,1.0,0.0018307976375620866,0.001710612086672598,0.0019165263046958924,7.323190550248346,6.842448346690392,7.66610521878357,3.2588398302456323,7.323190550248346,2.2471771954795234,0.06091925624672436,0.05039020624152745,0.0747531554605573
abdc8f011aaf16dd1e4409bc6f08fc751dc6fe9d,1.0,0.0007034319781144028,0.0006831346457306178,0.0007220974586092404,2.813727912457611,2.732538582922471,2.888389834436962,2.33209830624147,2.813727912457611,1.206521999920475,0.1752711391344984,0.13797558184764147,0.2074681271204304
abdf528a863aaa589e3c2095fff7859cc4343783,0.5353266257661842,0.000514031914332842,0.0003784494111140383,0.0006179021926014306,2.056127657331368,1.5137976444561532,2.4716087704057226,1.0781804998083082,2.056127657331368,1.9070347290615355,0.670172493290614,0.586039568653804,0.7739458216118219
abeaf1554f847fed83af3cc5a824cbe42e9ccf3a,1.0,0.0013682572860558165,0.0013066945959006927,0.0014644818103773155,5.473029144223266,5.22677838360277,5.857927241509262,5.473029144223266,5.22887490114361,0.9553895591187636,0.061736368079312966,0.04617910205516296,0.079561756747268
abfd577361654b6cd2b1feb2b18939221a409c8b,1.0,0.001182351925805131,0.001000436309568044,0.0014121613015270693,4.729407703220524,4.001745238272177,5.648645206108277,4.729407703220524,1.9833618252671206,0.4193679102599965,0.5563929734716548,0.19916562169576543,0.6830340283133968
ac07548c6d0328bc0b53bb995b0c44bf737c7c72,1.0,0.0018224697353701957,0.0017390486558930469,0.0018940973583152047,7.289878941480783,6.956194623572188,7.576389433260819,6.493508183619031,7.289878941480783,1.1226410647900207,0.14822652631851105,0.11632286983428601,0.18188403238912204
ac0da1a415185ce4e605c4356f7a5de5dfcccf18,1.0,0.0017531882096398226,0.0016911782054151385,0.0018352128329492748,7.01275283855929,6.764712821660554,7.340851331797099,6.061381408841905,7.01275283855929,1.156956206109979,0.05092422005264595,0.0335455913201666,0.0747861854284889
ac196c929eed4a15b2cbd737ce4159860f5cc16f,1.0,0.0020989695269995555,0.0020598664170145783,0.002331037836104843,8.395878107998222,8.239465668058314,9.324151344419372,8.235364727665209,8.395878107998222,1.01949074335394,0.07858302775868439,0.03274646258434538,0.11152395383962009
ac1a8820490fcf6211d1445102a6e9a6920c9241,1.0,0.0017080649427793488,0.0016425229143129454,0.0018241306971613698,6.832259771117395,6.570091657251782,7.296522788645479,6.832259771117395,6.627635119907732,0.9700502237817873,0.06877380550359692,0.021965397612671154,0.10688613792103199
ac2016953a07b5b3939e7df8ef31ec7bf8269286,1.0,0.0018035822121738056,0.0017110216261483665,0.0018943624717521657,7.214328848695223,6.8440865045934665,7.577449887008663,7.214328848695223,6.829039703656768,0.946593903172554,0.06228156158284444,0.03809481538834467,0.09764030042017251
ac22ec66ebde3bec986279938ae1b52efd022e0a,1.0,0.003225305095947242,0.003136388005654709,0.0033593674524627893,12.901220383788967,12.545552022618836,13.437469809851157,11.103515654761633,12.901220383788967,1.1619041018108895,0.04673939478772081,0.014308097896371833,0.08445199734249496
ac2615c22b225f7a997b2dbec1c273007b868d2c,1.0,0.00047879391616241837,0.0004464144392500515,0.0005265852795340364,1.9151756646496736,1.785657757000206,2.1063411181361458,1.9151756646496736,1.8266075542995859,0.9537545761546168,0.26622493111091744,0.1943771228834129,0.3599491699278479
ac413cdf76f4823fdc917c0dfe364f0badcc1b07,1.0,0.0007534796590589779,0.000687704003919294,0.0007977340704475938,3.0139186362359114,2.750816015677176,3.190936281790375,2.5128494301679156,3.0139186362359114,1.1994027974985007,0.39367693469905346,0.34983198140677485,0.4323742484264394
ac421746a9737b3e5bf413417aa55930b91cafa5,1.0,0.0020748260315001103,0.0019912223178305283,0.0021868961145948386,8.299304126000441,7.9648892713221136,8.747584458379354,6.4956939849492015,8.299304126000441,1.2776624245585277,0.14641903948346918,0.10671141159035477,0.18267259090557514
ac45cbab03efc7b5e0e7d7920e4ddc639c165fd9,1.0,0.0028485959713061442,0.002726146847569972,0.0029866566342995984,11.394383885224578,10.904587390279888,11.946626537198394,9.531247754446985,11.394383885224578,1.1954766237094518,0.10219195026545969,0.07298203516141802,0.13276906016283596
ac47b44870858ac8d4884b441bf765a87109be97,1.0,0.0014564020961960638,0.0013751262181038023,0.0015340598041896632,5.825608384784255,5.50050487241521,6.136239216758653,5.825608384784255,5.249445367466885,0.901098223694158,0.23343529337981875,0.19051032563999654,0.28295549308891554
ac651223b24827f03640e2ed0551e50012116daf,1.0,0.002078702788214356,0.0020086479436262354,0.00216582210551076,8.314811152857425,8.03459177450494,8.66328842204304,6.273816942723269,8.314811152857425,1.3253193755519783,0.06248884910532866,0.050568497108252355,0.07213167198221206
ac6b39e47cb3030ad8c518dc3bc36d801c1dfdaa,1.0,0.0022605787017069686,0.0021494405486740713,0.0023870115538207814,9.042314806827875,8.597762194696285,9.548046215283126,6.991009432396787,9.042314806827875,1.2934204844475259,0.033652387473452006,0.025601943078155918,0.04087613893800515
ac77c52e3d1c8fe182fe515894e930703bf8b006,1.0,0.004014238664423005,0.0038966387687848045,0.004168544653257795,16.05695465769202,15.586555075139218,16.67417861303118,12.33548822120157,16.05695465769202,1.3016878107908363,0.059110241021019146,0.032709301320672186,0.08223554505670691
ac96121bb62ce1585a05e153dd3a26b674ad1e59,1.0,0.001991991023797399,0.001890037002598542,0.0021209526275512655,7.967964095189597,7.560148010394168,8.483810510205062,4.169273555663581,7.967964095189597,1.9111156868960633,0.09458037572387087,0.06903778956350332,0.10888815056307755
ac9636142bb942e36f3d86e5f3c02cf4de942a49,1.0,0.0024366279739968513,0.002387523641074571,0.002481096523153244,9.746511895987405,9.550094564298284,9.924386092612977,6.519237363048411,9.746511895987405,1.4950386606923471,0.011615426196394073,0.0,0.029356041806452453
ac9816d84d1f1f00ce7ff9d33d66b7a5dd3656a2,1.0,0.0014465358814172756,0.0013833425816074383,0.0015233716292741273,5.786143525669103,5.533370326429753,6.093486517096509,4.554806395810328,5.786143525669103,1.2703379733091187,0.14618920414077557,0.10895839700198418,0.18386974591937524
ac9c825b0059bd687e4fd13d77d43e7c27de22a6,1.0,0.0019248046330509235,0.00182055815259541,0.0020300688761281595,7.699218532203695,7.28223261038164,8.120275504512637,4.472855796432467,7.699218532203695,1.721320534935323,0.04425799276934826,0.03186123702807719,0.05717690319187567
aca72f7b2ae892abea60e594f9cfd922507f817f,1.0,0.001712605587953598,0.0016562530749642662,0.0017811432309877973,6.850422351814392,6.625012299857065,7.124572923951189,3.4641541560234472,6.850422351814392,1.9775166009581084,0.03063313405177734,0.0,0.07611531469783388
aca9a8f295104a3cc1be8678c2bd7e622343aa38,1.0,0.002389092045465041,0.002322357135558546,0.0025152022869749393,9.556368181860163,9.289428542234184,10.060809147899757,7.949269546645167,9.556368181860163,1.2021693472318147,0.06646344260933651,0.04629412028264449,0.08756484010489116
acac2ce8936041ae8b41f040a1ccc3b458197fb1,1.0,0.0008345674420600703,0.0008008391523997036,0.0008755843336110985,3.3382697682402815,3.2033566095988144,3.5023373344443938,3.049807728540744,3.3382697682402815,1.0945836804727225,0.18195588809070248,0.14544827158312623,0.21729947064448948
acaea7525d72bd1761f27a538a6dfbf97c34329b,1.0,0.000381975816932587,0.00032197979785267804,0.00046894929873964286,1.5279032677303481,1.2879191914107122,1.8757971949585714,1.5279032677303481,1.334307171541924,0.8732929627959988,0.6842962330845019,0.6116846748967887,0.7605749320835363
acb02baf56ab8f9826225c9ce600ffd590947b5f,1.0,0.0006212258851534488,0.0005977055283119055,0.0006439178246555095,2.484903540613795,2.390822113247622,2.575671298622038,1.784557048928756,2.484903540613795,1.3924483625252815,0.17816131736619065,0.1358173410517234,0.2175940701083961
acb1dae52d6000b7efc1df04318d0ba4a77d1a27,1.0,0.0018877429646940288,0.0018308805180238625,0.0019499933154907866,7.550971858776116,7.32352207209545,7.799973261963147,4.845987826715135,7.550971858776116,1.5581904306793444,0.06853826495285333,0.0,0.14909783215780587
acb3d33f07e77120a5a19b72dc7c94551a2123c6,1.0,0.0023535506627999176,0.002199426900058846,0.00250441539454363,9.41420265119967,8.797707600235384,10.017661578174518,9.41420265119967,8.743041614806195,0.9287076068722668,0.03912098852703724,0.0023578112492477466,0.08588907177582732
acb762c1f22890986ab8e7c9768c9eca2c857f43,1.0,0.0024703335630758823,0.002376350117195754,0.0026087931855851266,9.88133425230353,9.505400468783016,10.435172742340507,8.512548070838834,9.88133425230353,1.1607962939033147,0.09103756552488391,0.05972445156936473,0.11358348833603277
acc64aedcc6b9c2d2a0dad2efb751be7bb3b244b,1.0,0.0010681082144065098,0.0010109763466283894,0.0011944347989977784,4.272432857626039,4.043905386513558,4.7777391959911135,4.272432857626039,4.079988507074628,0.9549567291132711,0.22113081246360303,0.14607394350276934,0.2805112653523898
acc71d123e7ff6b64fd28673301ebf960bb84dfb,1.0,0.0004697184969207864,0.00045147248423971475,0.0005423965817834769,1.8788739876831457,1.805889936958859,2.1695863271339073,1.8788739876831457,1.8471642066992215,0.9831229868571304,0.22938531718683355,0.02722277357255426,0.35230585015426985
acd0a569815eecfbc1b84dd3d29804c09acea0ad,1.0,0.001287226319744572,0.0012554546701509723,0.0015250415499396916,5.148905278978288,5.021818680603889,6.100166199758767,5.148905278978288,5.068400114262623,0.9843646056095948,0.21103224049878735,0.12620316274492888,0.3132663005599649
ace4f659988fb5bdffd28ad12342b1689f00692c,1.0,0.0021688445657023652,0.0020520578064309775,0.0022592641067570394,8.675378262809462,8.20823122572391,9.037056427028158,8.675378262809462,7.838618508627373,0.9035477498693977,0.1665554804000849,0.12318485532764288,0.19218103914907675
ace759ebba48a66c308ac0b25a4fb7cdd928c8ee,1.0,0.0007560030462700386,0.0007242442501568612,0.0008344689313631394,3.0240121850801542,2.896977000627445,3.3378757254525575,3.0240121850801542,2.976272107093896,0.9842130007869022,0.20183117702920592,0.1331755647869787,0.26093619211525726
aceb7d3798a87b31fe058e84e144e359a06f8e2a,1.0,0.0008148634377840605,0.0007944695463039784,0.0008704313353760456,3.259453751136242,3.1778781852159135,3.4817253415041822,3.259453751136242,3.2330139161260765,0.9918882619515775,0.16015357165856636,0.11013039736322837,0.19681168812789732
acf27beb2f84cadf79b0bc38188f5ac8db9aa150,1.0,0.0010116794617601064,0.0009687896391800816,0.0010391385608107988,4.0467178470404255,3.8751585567203266,4.156554243243195,2.3315466291066196,4.0467178470404255,1.7356366784699517,0.2742803921789622,0.21614921162507722,0.3308288748593514
acf48922b0184f96f761b2f439c2b5345b47e830,1.0,0.0036654199133596375,0.0035101083140724187,0.0037573287606270044,14.66167965343855,14.040433256289674,15.029315042508017,14.179856752458159,14.66167965343855,1.033979391286648,0.07719348590286246,0.055808656510281114,0.09192093373804223
ad038a94faa175231fea388a91286d0f0fdb3a36,1.0,0.0006909177218836055,0.0006715430606035336,0.0007191500923673917,2.763670887534422,2.6861722424141345,2.8766003694695668,1.4945921254402463,2.763670887534422,1.8491137752517974,0.2713845680536208,0.2173851919334423,0.34455675658563584
ad0bc18b776fae3ff49e518663f997246aa990e3,1.0,0.0011820800016386955,0.001131532510783526,0.0012699621092153541,4.728320006554783,4.526130043134104,5.0798484368614165,4.728320006554783,4.4860376775602955,0.9487593207188567,0.17202502346231593,0.10765143128105532,0.21871352675479788
ad0e9e418f51ca4db95c5748d16d40d0afe5ecf0,1.0,0.0017195964680408007,0.0016790625680569511,0.0018578856475266808,6.878385872163203,6.716250272227804,7.431542590106723,6.878385872163203,6.769110297622843,0.9841131950763918,0.020392141182513493,0.0,0.03662157762554839
ad1a2cb65e6f049560792f3658e68ced745eb094,1.0,0.002225885226238831,0.0021575189568879306,0.0023259155837379152,8.903540904955324,8.630075827551723,9.30366233495166,8.250886132188267,8.903540904955324,1.0791011731722884,0.09313484138661937,0.039038361408606045,0.14217915409236564
ad1c636fa3833f65b620cd19b24d42906fc1d1fc,1.0,0.005312056513454478,0.005185621048405677,0.005456306591907191,21.24822605381791,20.74248419362271,21.825226367628765,18.41768539910419,21.24822605381791,1.1536860139250393,0.046566313780098664,0.03407736094887246,0.05692706122189459
ad203325b784f0ba9f27b551d353638dabfad988,1.0,0.0006182174995114517,0.000592173605446161,0.0006560677201428129,2.472869998045807,2.3686944217846437,2.6242708805712516,1.4175179160051925,2.472869998045807,1.7445070500518096,0.15115656764515872,0.12507880694035453,0.18112732705736154
ad261c75e471a85f7562123d585bdc1271f6ae97,1.0,0.002738211310097173,0.002555741767046136,0.002902555953743091,10.952845240388692,10.222967068184545,11.610223814972363,10.952845240388692,9.562914877431085,0.873098694224928,0.15845504693681034,0.1140670687948003,0.20169995676459787
ad2a04027e56439f80300a98493b02bf0b9acb81,1.0,0.002233933196022526,0.002168613978479247,0.0023397818808015116,8.935732784090103,8.674455913916988,9.359127523206046,7.861775618953345,8.935732784090103,1.1366049118150405,0.18749064419664258,0.0876516012807229,0.26328424692066266
ad2ab6e4d80e2f50bc0d6095c7787f79d6c32f95,1.0,0.001862814423519223,0.0018295532146687904,0.0019771560750437654,7.451257694076892,7.318212858675161,7.908624300175061,7.340915922850881,7.451257694076892,1.0150310632059603,0.26154337638504904,0.1840698190654838,0.3332624422787213
ad3480535c202c00f5f5984f58a0df1fc9f98be5,1.0,0.0016244801986785963,0.0015512734115016413,0.0017023709904331857,6.4979207947143856,6.205093646006565,6.8094839617327425,6.044831022400608,6.4979207947143856,1.0749549111686898,0.030838093053226774,0.012069770816614362,0.04207104389308721
ad36f7d78cfba9feaa3a9454afe2089afacf3096,1.0,0.002429734910100645,0.002295366229935537,0.002566356382335845,9.71893964040258,9.181464919742147,10.26542552934338,9.71893964040258,9.316507567110518,0.9585930062144731,0.05806261311828453,0.03480055206824527,0.0927266238246662
ad37d9dbe0d2e645a70583511fc53f94933cf658,1.0,0.002742431709969446,0.0027074327795702383,0.002853505510508715,10.969726839877785,10.829731118280954,11.41402204203486,10.762729269937479,10.969726839877785,1.0192328139776305,0.13393135527544392,0.107109789577126,0.15670684212753833
ad3a7d67fa85d1efd0e46e0b66ce5bdba74ab871,1.0,0.0018309936209990646,0.0017087405332047063,0.001982944180045275,7.323974483996259,6.834962132818825,7.931776720181101,7.323974483996259,6.910245205354366,0.9435102785316989,0.29037237404995364,0.22623545628921493,0.340363139193276
ad3e0b66eb1011379c315d35eccba52ff99f407b,1.0,0.0006296037998683674,0.0006165051231857768,0.0006560593869185882,2.5184151994734694,2.4660204927431075,2.6242375476743525,2.4593007783705216,2.5184151994734694,1.0240370846961289,0.06888041658917612,0.0356399663641475,0.09189694370960977
ad40cf274a2061839c988481d3d4d10d785b07bd,1.0,0.0020804793219238553,0.0019921087373036338,0.0021485969413196086,8.32191728769542,7.968434949214535,8.594387765278434,7.123678156181312,8.32191728769542,1.1682051189348552,0.06155877684622325,0.0380583656648548,0.07686210320802536
ad519a27a4ca971721a49b70ca928ceaf70599c3,1.0,0.0037724153064194713,0.0036755575219803304,0.003895622933591317,15.089661225677885,14.702230087921322,15.582491734365268,13.786786272732098,15.089661225677885,1.0945017154231693,0.006869250721609353,0.0,0.01629924966200956
ad54576e80370f7bc024f9a7a676fabd6a6334ba,1.0,0.0009892657289019616,0.0009715134397321059,0.0010297316551304747,3.9570629156078465,3.8860537589284236,4.118926620521899,2.7864339758893384,3.9570629156078465,1.4201172358102911,0.0,0.0,0.0877082747955161
ad5627a226ed895eeb2e865f09f361d2b1b9dfeb,1.0,0.0011571414836632921,0.0010783054556815566,0.0012942941551183293,4.628565934653168,4.313221822726226,5.177176620473317,4.628565934653168,4.306634574841564,0.9304468458791163,0.29131451998753377,0.23034532913489042,0.32940825510443766
ad5869c6d3e7ec276b117458ae09de14e77163ff,1.0,0.0017745508727837038,0.001717063560408313,0.0018246840330844373,7.098203491134815,6.868254241633252,7.2987361323377495,6.058900476897583,7.098203491134815,1.1715332704671524,0.2032461180906919,0.10410514558115253,0.2763150739123542
ad5b180e17f7567788abeaeeeecafbea8ab9040a,1.0,0.0014186338653210328,0.001367410851440516,0.001452666691875671,5.674535461284131,5.469643405762064,5.810666767502684,4.33264491766824,5.674535461284131,1.309716251646598,0.0651244600792626,0.051169078112834686,0.0927853005051952
ad5efeb1018791fbad4e4761183c09569b193956,1.0,0.001159098438618803,0.0011229509959275346,0.0012217376987058797,4.636393754475212,4.491803983710138,4.886950794823519,4.02674506072472,4.636393754475212,1.1513998737334439,0.173996738941456,0.1449531739017127,0.19554099650962273
ad635b2edc61319a67173e7d7d4d9460add7c02a,1.0,0.0007599455260679041,0.0006787549491978287,0.0008583164141132743,3.0397821042716164,2.7150197967913146,3.4332656564530972,3.0397821042716164,2.187562848493084,0.7196446236784664,0.4725708888121923,0.358129968539865,0.5405078666057068
ad6984f8f71cd9b3404b015ff38b1e0abc43bf93,1.0,0.0007308024002580383,0.0006925852616529351,0.0007997074849092398,2.9232096010321533,2.7703410466117404,3.1988299396369593,2.9232096010321533,2.773457033515018,0.9487711837480763,0.15546480354392017,0.08401620737850779,0.1977287486340909
ad8f0063bc5a097cfc06ae8b55f1e6e58af62284,1.0,0.0026251426291641735,0.002402388747028574,0.002844316508811929,10.500570516656694,9.609554988114295,11.377266035247716,5.078624619962533,10.500570516656694,2.0676012311250838,0.12048557867834972,0.050259894566861,0.17469292690389102
ad91c2215215ed3f056d25c4f2dc303f133b7561,1.0,0.003984750820333656,0.0038851856040866923,0.0040766462565810825,15.939003281334623,15.540742416346768,16.30658502632433,14.519470220089545,15.939003281334621,1.0977675521026222,0.03500426723067641,0.00898065680866091,0.05653242989070661
ad99100ff55ab8dc8aa73b636b25e02a02e44236,1.0,0.0032709415065506867,0.003145490153327135,0.003381789658953957,13.083766026202747,12.58196061330854,13.527158635815828,8.21549853589859,13.083766026202747,1.5925711591368057,0.04780189474067024,0.021844434340642805,0.0650061767079621
ad9ac84c7f8c895ac0c4d8fecc4815da8109e106,1.0,0.005763916397010562,0.005583285361443535,0.006011019080364833,23.055665588042245,22.33314144577414,24.044076321459332,20.166727695173993,23.055665588042245,1.1432526851423492,0.0026152836580035704,0.0007238727141155301,0.004553065908333245
ad9e3e9345f21a7deb7f8a62e1a91a175c74fc25,1.0,0.0017460979987470552,0.0015768631667730337,0.002026423685447192,6.98439199498822,6.307452667092135,8.105694741788767,2.4011210603439226,6.98439199498822,2.90880460395771,0.13676272248921986,0.008531155711204715,0.2472498706229228
b4c869b64367f1b042439c09a6760b9821a47035,1.0,0.0016533628588391977,0.001523851599179595,0.0018445558634336563,6.613451435356791,6.09540639671838,7.378223453734625,5.643121341649592,6.613451435356791,1.1719491811288172,0.06097354825092255,0.028373428683519275,0.09214674508556481
b4d429edeebf7174931a57d4c0015a957788650e,1.0,0.0025708630054086224,0.0024919123635216847,0.002635321326283642,10.28345202163449,9.96764945408674,10.541285305134569,7.909340136365248,10.28345202163449,1.3001656072867123,0.09499484397473838,0.07279295825153359,0.11315257525567832
b4daf1b9521ef0d7dcc1019b90c2f190c0721ec6,1.0,0.003507388569253634,0.003350478499935978,0.003583175306114049,14.029554277014537,13.401913999743913,14.332701224456196,12.798482026158819,14.029554277014537,1.0961889268070641,0.023078814164791624,0.008657180369036151,0.037551678849986156
b4e5ef278c57c76912dae449bbc80c3bf6f68ae3,1.0,0.002941804411744841,0.0028919630757007356,0.003138592367714537,11.767217646979365,11.567852302802942,12.554369470858148,11.589260151556434,11.767217646979365,1.0153553801619537,0.08126591463288738,0.02935760533108861,0.12768355652749014
b4ef67828ad0c63b70e820926246c887fb8a9076,1.0,0.005319483186697525,0.0051681543069907005,0.005450889332648231,21.2779327467901,20.672617227962803,21.803557330592923,18.808138428811887,21.2779327467901,1.131315192480441,0.016663018977906736,0.009588084385151715,0.019967044218940067
b4f2dbf856a5ec4dc40ea72f80269f90398e9442,1.0,0.0019438537500120338,0.0018766815536867148,0.00203629497325119,7.7754150000481355,7.506726214746859,8.145179893004759,7.7754150000481355,7.397907742507774,0.9514486033815528,0.051147953586408314,0.027096928946005207,0.07207060630615902
b5006bffff4edce45df3ceaa80582a6015655d7e,1.0,0.0020624241328498338,0.0019697103898297227,0.0022059794793584456,8.249696531399335,7.878841559318891,8.823917917433782,8.141695406006118,8.249696531399335,1.0132651886379274,0.21244335653018293,0.17994343669550394,0.2516750516115267
b500a66d95a32bcfedfb54f3a87324548a219609,1.0,0.002901966494518302,0.002781413899234432,0.003058346010152848,11.607865978073209,11.125655596937728,12.233384040611393,11.607865978073209,10.483675909582646,0.9031527353422143,0.08714216827631815,0.04366508218426422,0.11564056658545427
b5170960cab7a7ff96aeadb43a52d7316a032689,1.0,0.00269104995160458,0.0025346283850020625,0.00286460493399342,10.76419980641832,10.13851354000825,11.458419735973681,5.587987025379835,10.76419980641832,1.9263108087991023,0.04689752077554075,0.03132519378036316,0.06482379165971504
b5187f02e93c75b2c54a014d4fbe547533108337,1.0,0.0009698567046143287,0.0008283272922084223,0.0010883393889891426,3.879426818457315,3.313309168833689,4.3533575559565705,3.879426818457315,3.4198975112513685,0.8815471128313017,0.23431028384036381,0.151919753197503,0.2865981975146618
b519d98d3fa07852664f597126f11e6115f83251,1.0,0.000896924003952855,0.0008545702751013658,0.0009464405295037123,3.58769601581142,3.418281100405463,3.785762118014849,2.9867429142981186,3.58769601581142,1.2012068392751254,0.3250114936389146,0.28988067412877766,0.3773940443558521
b51f8af46399962ae04762464a3dc854a2f9c42f,1.0,0.0016024089909038898,0.0015208042513046981,0.0016922646786554684,6.4096359636155595,6.083217005218793,6.769058714621874,5.522876587433292,6.4096359636155595,1.1605611427566556,0.12606953395181605,0.09046571714220232,0.15421044140120874
b523276b91e012734899b0772de02b3e2762eab7,1.0,0.0004416550732340206,0.00041649104096474197,0.0004685252861283718,1.7666202929360826,1.665964163858968,1.8741011445134872,1.2590816643716674,1.7666202929360826,1.4031022315122805,0.12500834319347104,0.006189370495801988,0.23608857340660483
b535ff76548f7903d65525f936f2df5ad1aa86ab,1.0,0.0019643060285769744,0.0018875446417632217,0.002037186371550934,7.857224114307898,7.550178567052886,8.148745486203737,6.975632162330412,7.857224114307898,1.1263816570974357,0.10099618781670144,0.03904081173890363,0.1753412026807616
b537d1c94fe8aa30e4874fd7e46a8c68cef74d2c,1.0,0.0007848069347563753,0.0007740285977446272,0.0008116532194053764,3.1392277390255012,3.0961143909785087,3.2466128776215055,2.9258616351393023,3.1392277390255012,1.0729241948162187,0.10440208116174969,0.05154462846282426,0.14188505599112838
b54e2025b92eb3e222da8e4bbd847fbeb59614bf,1.0,0.0021701770568426718,0.002095166247295376,0.002248660513831003,8.680708227370687,8.380664989181504,8.994642055324011,6.562550056507346,8.680708227370687,1.3227644974323662,0.04757903132371393,0.013032053725552321,0.08075431968574355
b53f8aed40e1893b014d5a897be577dee4b6317f,1.0,0.0018911067605791613,0.0018247821437711114,0.0020104735284396107,7.5644270423166455,7.2991285750844455,8.041894113758442,6.852927155561155,7.5644270423166455,1.1038242302310346,0.0,0.0,0.035383581519183915
b55506fbab85c00721f927809b952182ff38f481,1.0,0.0025317088767675034,0.0024297972804480303,0.0026767969603859426,10.126835507070014,9.719189121792121,10.707187841543771,8.367108242756187,10.126835507070014,1.210314867844253,0.040279555324758395,0.028895049906793036,0.04988751149159174
b55605ce0736a812742e3849040e86d0b44d9cc0,1.0,0.0009843246407392752,0.0009589353316178061,0.001039553916283801,3.9372985629571007,3.8357413264712243,4.158215665135204,3.0516174938725125,3.937298562957101,1.2902333175317646,0.34204633409319846,0.23672306279217148,0.42470908926832407
b56058927e1404c984ca069e78345db544a1cd2d,1.0,0.0008157130834370498,0.0007924175428225369,0.0008409297358975543,3.2628523337481994,3.169670171290148,3.363718943590217,2.902744652564908,3.2628523337481994,1.1240576503569113,0.1762904395845399,0.13772649534420206,0.20143306937806976
b565cfe3a68a647c6606c55221f2c8db43e44228,1.0,0.001117575425591912,0.0010541672509423005,0.0011685161902383891,4.470301702367648,4.216669003769202,4.674064760953557,3.4318531803764096,4.470301702367648,1.3025911854065213,0.06826899321658231,0.04808370856358213,0.0978513401799074
b56af496474910477ea29abd37034a3a57ebef1c,1.0,0.0005072041234388423,0.0004742479945523326,0.0005468785483706184,2.028816493755369,1.8969919782093303,2.187514193482474,1.0105822699902842,2.028816493755369,2.0075718266607567,0.3212383663798636,0.27594836329445366,0.3581338943243545
b56e2a63475019e0ff63189de9b6fb7ab362484c,1.0,0.0009369460727858324,0.0009043045164479885,0.0009722491215577941,3.7477842911433297,3.617218065791954,3.8889964862311763,2.6485077295979083,3.7477842911433297,1.4150550701667433,0.1532344963906761,0.11887661837701331,0.19289408128040686
b57e58c38b90d9d34b059c1e48f6a19299566983,1.0,0.0026374860615146407,0.002558345566297683,0.002742336440566487,10.549944246058562,10.233382265190732,10.969345762265949,9.049240175974305,10.549944246058562,1.1658375776199001,0.049196224564937156,0.02762741028907212,0.06766322068334879
b57f897cc7196b7f01a1818e59949a3569cadc9e,1.0,0.0017442975102027905,0.0016887595440396555,0.0018270521716575669,6.977190040811162,6.755038176158622,7.308208686630268,5.458101674257806,6.977190040811162,1.2783180778250933,0.102193779173469,0.05574687366568995,0.1374442304449063
b582b56aaa59504317386341e6185e443a17e0ea,1.0,0.0013352474449598436,0.00129427416080659,0.001409987861564238,5.340989779839375,5.17709664322636,5.639951446256952,5.05953282527627,5.340989779839375,1.055629040127383,0.18628261888640046,0.10357336400177394,0.2566751352132401
b584feb03d264c89f5a0a404d7f9337c9c3f97c3,1.0,0.0012229206804097613,0.0011636721635007441,0.0013323186528723045,4.891682721639045,4.654688654002976,5.329274611489218,4.891682721639045,4.485446771493924,0.9169537410208396,0.1760936062467071,0.06799140818926597,0.24627975223620444
b590613170b7d21da8d17049a5548e0b8870cbe1,1.0,0.0005974893626329284,0.0005262876880126529,0.0007225436774460685,2.3899574505317136,2.1051507520506116,2.890174709784274,2.3899574505317136,1.3472125065107603,0.5636972767908629,0.44713076305765614,0.07438981715265741,0.5975652432816657
b586bb5e31bd56ab2668a6bfac6c435faf76915c,1.0,0.0012667922879534593,0.0011882385975009368,0.0013111310862904905,5.067169151813838,4.752954390003747,5.244524345161962,4.787834799817675,5.067169151813838,1.0583425209254922,0.13013403662745743,0.08157308394199952,0.17574763953216802
b5910f3d0222798d3cb0b3eb95b5793e00abb513,1.0,0.0018863575346143519,0.0018015267204382894,0.001949956951335393,7.545430138457408,7.206106881753158,7.799827805341572,4.0930729215973605,7.545430138457408,1.8434634034110324,0.05915770016131955,0.03330467186212261,0.0784766871168911
b59fc615a1649e6dfa843c1cf42113d0166fa764,1.0,0.0008025492401029684,0.0007866804421207714,0.0008396585248965445,3.2101969604118734,3.1467217684830855,3.358634099586178,2.538996116031793,3.2101969604118734,1.2643567826441195,0.03059647676934171,0.019828809819302764,0.04010155486104748
b5ab3519b588f3a2901cda9b868e3af493579522,1.0,0.0014388619046569607,0.0014187539695231836,0.0015544746399252004,5.7554476186278425,5.675015878092734,6.217898559700802,5.7554476186278425,5.738934568019374,0.9971308833469316,0.2517938991757085,0.19362478964662505,0.302229685036123
b5bd08fb667489d582e7feb90215f7cb144e6ddd,1.0,0.0019241008217900106,0.0018782869112936992,0.001998222479902548,7.6964032871600425,7.513147645174797,7.9928899196101915,7.362039942721724,7.6964032871600425,1.0454172141199638,0.07603102947947295,0.06260807625391887,0.09480035895584232
b5beb41ecfc721040dc56f874f063cb3e02c2e57,1.0,0.00205249253504732,0.001983701743187156,0.0021316154144773555,8.20997014018928,7.934806972748624,8.526461657909422,7.174530576814949,8.20997014018928,1.1443215764834056,0.03940112748750202,0.027088632248847125,0.049682182661593494
b5c0153813569f7d3ea460612f998c9d3e9a773b,1.0,0.001082141944147855,0.0010564370016148037,0.0011641239303381214,4.32856777659142,4.225748006459215,4.656495721352486,4.236610651117048,4.32856777659142,1.021705352001163,0.17966101694915254,0.11705635526186074,0.23284164380953376
b5de043029fbcc3275889081b9e65583d63ccdf5,1.0,0.0014161717023072676,0.0013456950336837512,0.0014918967552870806,5.66468680922907,5.382780134735005,5.967587021148322,3.896824089234623,5.66468680922907,1.4536675712096807,0.08471768017371921,0.06912498734067783,0.10324895922471293
b5e2cce9676c95ddbccc82fd308f6ff5d3515784,1.0,0.0027480271388658317,0.0026658979953832025,0.00283250348444757,10.992108555463327,10.663591981532809,11.33001393779028,8.102066065647055,10.992108555463327,1.3567043845853244,0.09053053005575222,0.062432569640733626,0.11828807533297096
b5e428d3b871b561f7da5adde06471cf0e37ab7e,1.0,0.002890847385818501,0.002761439096353219,0.0029899286230816303,11.563389543274004,11.045756385412876,11.95971449232652,8.80904422757666,11.563389543274004,1.3126724357989807,0.014008827480330067,0.00042000133600096504,0.033477759822426394
b5f30bff8ea62c2ee00ed0705ed063d6946b1da9,1.0,0.0031294982644221297,0.0030353035145696907,0.003213066105393743,12.51799305768852,12.141214058278763,12.852264421574972,12.51799305768852,11.301713676897679,0.902837509560384,0.03357945992932967,0.005257753779014805,0.050558475618252115
b602ddf56d0531b79305dbde842acb04827c11b4,1.0,0.0010749877244888707,0.0010073629879329255,0.0011922721098607267,4.299950897955483,4.029451951731702,4.769088439442907,4.299950897955483,4.124218492770085,0.9591315321137843,0.23854306864064606,0.17914438515623515,0.29766891796323525
b61874f77bde7979a014c71d5f7fdf34d0eb5448,1.0,0.002628346466947665,0.002522164736417737,0.0027386654609550835,10.51338586779066,10.088658945670948,10.954661843820334,9.458804682313362,10.51338586779066,1.1114920141494429,0.10196130700283954,0.07048474156493868,0.13107583488239213
b61b3059cf58aab3e73bce783dfbbace801e7c86,1.0,0.0028196379027976195,0.002725419727404263,0.0028997808669231277,11.278551611190478,10.901678909617052,11.599123467692511,10.256861942661283,11.278551611190478,1.099610355900345,0.0329647790250335,0.006151054361794102,0.046596862742945624
b61bc1a0837be8cc3e5594eca43fa9940e6fd489,1.0,0.0034176602576573675,0.0033042834451752967,0.0035301388439344062,13.67064103062947,13.217133780701186,14.120555375737625,7.706029858974724,13.67064103062947,1.7740186945562042,0.03804055857340303,0.0,0.0881183943433031
b61c3524fa88acbf4eeee4a1ae294652c052f41c,1.0,0.0022415668771473807,0.0021500243420321296,0.0023702014427154122,8.966267508589523,8.600097368128518,9.480805770861648,8.048827687365899,8.966267508589523,1.113984279060131,0.04438422951599824,0.029008769009782907,0.05875628437365716
b62140aa9f9c8abec26355bdb85d19d9e582407e,1.0,0.0006067245355110646,0.0005683508158312374,0.0006612468577253209,2.4268981420442586,2.27340326332495,2.6449874309012835,2.4268981420442586,2.081678084500459,0.8577525560042628,0.2744934005040426,0.1509899954626686,0.3499522806646172
b6236bcacaee116e5428d3b58fbb91090ca2c8d5,1.0,0.001504644529029875,0.0014603182834830775,0.0015662185703962375,6.0185781161195,5.84127313393231,6.26487428158495,5.569390589901595,6.0185781161195,1.0806529042930426,0.1200398069459584,0.08813816786561543,0.1683318078723638
b6235d6fdf9ff96ad5c55b3dde13011077743dd9,1.0,0.0016983541297573993,0.0016251884396544483,0.0017645463868206286,6.793416519029597,6.500753758617793,7.058185547282514,4.247968710607203,6.793416519029597,1.5992152913147397,0.09793061758519608,0.03606502885616276,0.14365753974967108
b6267f803032477a923a992be2bbf890aa77afea,1.0,0.0009589122214242466,0.0009087968908667528,0.0009958996158959624,3.8356488856969864,3.635187563467011,3.9835984635838497,2.3828609312231865,3.8356488856969864,1.6096822250252114,0.2768228686660555,0.22811623288961314,0.3191438184249985
b62eba88ef4be5fb9012570671b818e305b755af,1.0,0.0011146018264854027,0.001073262176557764,0.0011620438183324601,4.458407305941611,4.2930487062310565,4.648175273329841,2.7973914703320544,4.458407305941611,1.5937731108518722,0.049300238073545326,0.03078424172255777,0.07200681679525996
b651f10171dcb3966cd0ae828a8569b55c6aa8f2,1.0,0.0025595095350881203,0.0023913748627974137,0.0027280186036708607,10.238038140352481,9.565499451189655,10.912074414683444,8.320026006214434,10.238038140352481,1.2305295840067612,0.11285543598804408,0.08984352599754789,0.14204496579914241
b66090b85f661dee7c9a9504dd30d0a98b08b8f2,1.0,0.0012536021687969948,0.0011979020903315734,0.0013125755137798208,5.014408675187979,4.791608361326293,5.250302055119283,2.10290339324304,5.014408675187979,2.384516897590286,0.03397123710292838,0.01824309579579383,0.05060117236914247
b66e331c0b7df9ddf19aed6c3ec65705c9e15337,1.0,0.0016783083112476877,0.0016148692695907053,0.0017600124289511604,6.713233244990751,6.459477078362822,7.040049715804642,4.718620398078269,6.713233244990751,1.4227110211545773,0.05442185297403894,0.03587085569688064,0.06518224653572759
b67d3448b238f8ff99dda74d1bc00d94326f4cbf,1.0,0.003668672740012589,0.003548953849689108,0.0038715355844030973,14.674690960050356,14.195815398756432,15.486142337612389,12.947228701029525,14.674690960050356,1.1334233216165763,0.036860437260901165,0.0012455778927266193,0.061051349103924596
b68732a6e28edae4ffc910a39830e86fecf05448,1.0,0.0015859951178120407,0.0015212139945118797,0.0017688321654838804,6.3439804712481624,6.084855978047519,7.075328661935521,6.3439804712481624,6.200695552230835,0.9774140352942895,0.23488073844471521,0.10369474493866883,0.3329353483923811
b68d7206844dd89374f0377793628333b885048b,1.0,0.001297034763854712,0.0012440633292189315,0.0013354296603472165,5.188139055418848,4.976253316875726,5.341718641388866,3.224646940886473,5.188139055418848,1.6089014241021375,0.05693771421817751,0.035325258993271665,0.08232080553665674
b6959f459e87aa446f27944603253eddb40cc49e,1.0,0.001400687889714823,0.0012944044068957236,0.0015382635525652245,5.602751558859292,5.177617627582895,6.153054210260898,5.602751558859292,4.5609609069233885,0.8140573179104145,0.20661536393010047,0.12028022700377276,0.2530692945125021
b69ffe108c8115c93652baea4be347daa717caf7,1.0,0.0024150583237520892,0.0022978732306990998,0.0025367041111492425,9.660233295008357,9.1914929227964,10.14681644459697,6.305964608080625,9.660233295008357,1.5319199988261092,0.11547946590072673,0.07510701416544245,0.17272583145176287
b6a8b4db83be11aa503f888b7e94671056417ab9,1.0,0.0011976372981170377,0.001156438617253476,0.0012609703757759684,4.79054919246815,4.625754469013904,5.043881503103874,3.552252275452269,4.79054919246815,1.3485948691125047,0.2733691880303051,0.21862212022376276,0.3193962341649936
b6abfd91bd7a0f67bb9a8775096d08161ea9e721,1.0,0.0008567853247722391,0.0008197575659316256,0.0008878148206612886,3.4271412990889565,3.2790302637265025,3.5512592826451543,2.487741805418525,3.4271412990889565,1.377611330735503,0.09436985690150805,0.0670835501881829,0.12484421770076863
b6c6f4bfd5510c49beac2014a549a9c77c5841bc,1.0,0.0012987642589947133,0.0011755962735564521,0.0014448022525090699,5.195057035978853,4.702385094225808,5.779209010036279,5.195057035978853,4.0691717630323545,0.7832775915357474,0.3353717850092645,0.22605694310544389,0.41555670643054327
b6cc744e90349c87ed9fe545759bb4933e08c319,1.0,0.0039295429740934164,0.003751335177347988,0.004142759253437481,15.718171896373665,15.005340709391952,16.571037013749926,11.233091751461139,15.718171896373665,1.3992738815054309,0.09340829149968236,0.04305417948976721,0.1223349691067874
b6d373d4f7b3094ded229844183baaaac04f7361,1.0,0.002483161118122357,0.002401556345507937,0.002555718526705008,9.932644472489429,9.606225382031747,10.222874106820031,7.632439401416441,9.932644472489429,1.3013722022668286,0.042614803262260345,0.03071193080070619,0.061007566522089496
b6d42692bc4ef6e5f4ba457692167e9f44e2e806,1.0,0.0014921076325907162,0.0014577661856565373,0.001552673598532397,5.968430530362865,5.8310647426261495,6.210694394129588,5.218467286729828,5.968430530362865,1.143713317038537,0.2640845731650065,0.23381856895658182,0.2936792348991412
b6d47a7013b15d20fc84bf14446d3858b5c42215,1.0,0.0007377774559803346,0.000680589828986454,0.0007926320567398225,2.951109823921338,2.722359315945816,3.17052822695929,2.951109823921338,2.6782984984502716,0.9075563629453262,0.30911310701204797,0.24898824740521575,0.37782957910030995
b6e63214c56070a0bd4d3838eb7d18f2b8ef4bf0,1.0,0.0026134506174331214,0.002492517844349648,0.002719889606905701,10.453802469732485,9.970071377398591,10.879558427622804,4.92629627353627,10.453802469732485,2.1220409592272405,0.04557618195048583,0.02865946890630537,0.06431535627828602
b6f0f0324c3d33b6fffeed8b24f62b413fa81e21,1.0,0.0060568909375194255,0.005785417891678662,0.006260176396840266,24.227563750077703,23.141671566714646,25.040705587361064,21.811075835195656,24.227563750077703,1.110791779971837,0.06721134576846,0.03871726314385723,0.09068928065660412
b6ee76bb749664fb9ee288f4a4ad49a18e679906,1.0,0.0027766454085074613,0.0026489369137755532,0.002892254777827224,11.106581634029846,10.595747655102214,11.569019111308895,10.3013788318189,11.106581634029846,1.0781645656719114,0.022625812434682778,0.013327733126452523,0.03373381629150868
b6f1a268e0c661aaae32f6c02f3dac93282b217e,1.0,0.0006623357559781365,0.0005855793137839281,0.0007392311075240428,2.649343023912546,2.3423172551357125,2.956924430096171,2.649343023912546,2.2076566065479275,0.8332845488945645,0.45166142691677075,0.37843280456270106,0.4954625546913747
b6fe4ef96dfbc2f174e8320ce3fc86cce8c0a964,1.0,0.004895361963213551,0.004680636740502359,0.005065462820953009,19.581447852854204,18.72254696200944,20.26185128381204,14.805375189086337,19.581447852854204,1.3225904512901847,0.012117834557236886,0.006547859452190014,0.01951275580029714
b70b6b372d721b6d7e4f777a002ff68df37419b3,1.0,0.0010570239471735406,0.001003384382222927,0.0011440293933329194,4.228095788694162,4.013537528891709,4.576117573331677,4.228095788694162,4.037583795076755,0.954941419698477,0.14112289224158067,0.1002109543395195,0.17597158940083618
b729b3d26391d706b0ee46953671496a123ff4e1,1.0,0.0030113247042693903,0.002873038107276392,0.0031664872329728276,12.045298817077562,11.492152429105568,12.665948931891311,6.789615982395851,12.045298817077562,1.7740765970135381,0.04401579862350536,0.03369329340855791,0.05526823498538458
b73aaabfb8e2c1db28bff635299f05f826def409,1.0,0.0024032511056218116,0.002331556503301578,0.002521439517503961,9.613004422487247,9.326226013206313,10.085758070015844,7.391344339537547,9.613004422487247,1.3005759143253097,0.0,0.0,0.06416490742519466
b74053d6c402fbfc50ec5cdfd02722964187810e,0.7170629118371558,0.0007289586943870667,0.0007057286822042417,0.0007803820660469993,2.9158347775482665,2.822914728816967,3.1215282641879973,1.2934777997403455,2.9158347775482665,2.254259623268057,0.3184617261147609,0.11710061898204457,0.4807242360907488
b7450de1a0b38907d08178b79cc022761d42082f,1.0,0.0020919131016205327,0.0020049964603872303,0.0021769444704766413,8.367652406482131,8.019985841548921,8.707777881906566,6.7219358934119615,8.367652406482131,1.2448277608066902,0.05526270752541717,0.03537606260681392,0.10011122887431051
b74a1086691d0a5af3ddb5879929853b5fa9f053,1.0,0.0015735821473104891,0.0015036468717998562,0.0016347100819022568,6.294328589241957,6.014587487199425,6.5388403276090274,3.145139348909271,6.294328589241957,2.001287666768984,0.0683248841221768,0.04852963064944169,0.09106520924425401
b752449c51fefb605daff0648d37d5b8f169bbec,1.0,0.0015324316041684595,0.0014761243158349453,0.0016631546325509541,6.129726416673838,5.904497263339781,6.652618530203816,6.129726416673838,6.000502560040848,0.9789184952396113,0.152233293285049,0.09886016175966056,0.20685615073847688
b753d3e99e7290d7151bedb327587277acabf3cf,1.0,0.001905893076861708,0.0017865305122699924,0.0020035642817395186,7.623572307446832,7.1461220490799695,8.014257126958075,7.623572307446832,6.694543294197881,0.878137312039205,0.18352057810192132,0.11678012987197364,0.24014214870223444
b75b39781e8c05cb21ac2f953464d5c770674b49,1.0,0.0017294663926314987,0.0016708110225223383,0.0017878601803124033,6.917865570525995,6.683244090089353,7.151440721249613,6.332045193438327,6.917865570525995,1.0925167713102764,0.04463492335386304,0.012540437040204131,0.0707323616629752
b75d12746ed41e0a960383821c08ba52d477e530,1.0,0.003475642068856681,0.0032996970436613366,0.0036609263886709406,13.902568275426724,13.198788174645346,14.643705554683763,12.667470811893805,13.902568275426724,1.0975015045918444,0.007528166891361954,0.0,0.03417428300328934
b766167ad696331ab089db4aabdfc45bb40f28bb,1.0,0.00030460703034367216,0.00028528505645296056,0.00034056925523048755,1.2184281213746886,1.1411402258118422,1.3622770209219501,0.48570162792059374,1.2184281213746886,2.508593859549276,0.31167199070951784,0.15292936285749312,0.4629601458457077
b76e819401e09e9f7906e0def4ff9520b3b6acba,1.0,0.001984685313782045,0.0018890953531466648,0.0021333333303387887,7.93874125512818,7.556381412586659,8.533333321355155,7.93874125512818,6.167072399084034,0.7768325230527318,0.2831452347698459,0.2134168486085349,0.3477076807054389
b776f32483bb9a7025ec0b533c8c3d513cf77e1e,1.0,0.0008697933530316177,0.0008470808937399185,0.0009367118696906062,3.479173412126471,3.388323574959674,3.746847478762425,3.4351658358557393,3.479173412126471,1.0128109029879686,0.11287951011102199,0.08470826500717096,0.15230420884115767
b77c1b1f966212d9997c4ecccafc0c9c6bf76fd4,1.0,0.002007573549816577,0.00195775692137347,0.002075229544605632,8.030294199266308,7.831027685493879,8.300918178422528,6.815464357472237,8.030294199266308,1.1782460853840684,0.02927718020073565,0.016232231114200697,0.039384001161228935
b786317073210e45b26650433ec4ce7fe1004c15,1.0,0.0030815398692642265,0.0029638112785201638,0.003225988391122091,12.326159477056907,11.855245114080654,12.903953564488363,7.365660787554247,12.326159477056907,1.6734628205909796,0.04630782863075456,0.0349955877632423,0.060823987232682446
b78f6aa12c0aa44ed18d5ab0a951e6ab84b7a2c9,1.0,0.0014036759344629897,0.0013733016436016782,0.001442806846214275,5.614703737851959,5.493206574406713,5.7712273848571,4.511307007590977,5.614703737851959,1.244584713122903,0.05226847758905309,0.03366595163801359,0.06511481901452063
b79038e552113dbad37b9232af4edb9018a25410,1.0,0.0024966123009062683,0.0023687996963216765,0.0026650890409955974,9.986449203625073,9.475198785286706,10.660356163982389,5.716375217233511,9.986449203625073,1.7469898010750422,0.14025326410423686,0.10058710474207717,0.18372344395423928
b79f4ac1757de63a67df0dcbbd4649defdfea1b3,1.0,0.002516003427252453,0.002418607753906021,0.0026491724029497218,10.064013709009814,9.674431015624084,10.596689611798887,9.713039889934848,10.064013709009814,1.036134291946918,0.03128597945786272,0.0008936646215745589,0.0556065823032836
b79f79741688f00aa80de5a7f759a2a09b153cca,1.0,0.0011136312496776545,0.0010822599927819735,0.0011483336778417127,4.454524998710618,4.329039971127894,4.593334711366851,4.094294142915365,4.454524998710618,1.0879836287333153,0.11278342051849038,0.08937287227740279,0.13831341083639198
b7a57b09f5f90e961e01376e6ddc8195cba9d052,1.0,0.002148372996967566,0.0020855780504375017,0.0022015914600821028,8.593491987870264,8.342312201750007,8.80636584032841,5.479765187999654,8.593491987870264,1.568222668863527,0.020011064633380732,0.007091427247367067,0.033093076657795886
b7a769ed79ace4c0e1c77d07287aaaa9a58f740b,0.8697147257981536,0.0004887084207559858,0.0004444726858199814,0.0005364592191290015,1.9548336830239434,1.7778907432799256,2.145836876516006,1.4886035372782636,1.9548336830239434,1.313199676119356,0.5195628590604593,0.26773247063676225,0.6300978091722692
b7a92496ddc470112448e16dc681378be0bee822,1.0,0.0006597623718756111,0.0005949813965485118,0.0007246579953102367,2.639049487502444,2.379925586194047,2.8986319812409467,2.639049487502444,1.7537469626643896,0.6645373536833933,0.6105632993217173,0.5254049599212375,0.6494441398819537
b7abf620bd7fba568c00c7c7809a7dcf28cac8bd,1.0,0.002179647664254346,0.002100585676051183,0.002334155308837718,8.718590657017383,8.402342704204733,9.336621235350872,8.718590657017383,8.474421245038194,0.9719943943253416,0.11716533607850567,0.07235596832760055,0.15292685598314898
b7b5a238fba83cc8025f75eaf77a8a5990aa221b,1.0,0.004825282824122684,0.0046417936227527825,0.0049627987607255,19.301131296490738,18.56717449101113,19.851195042902,15.84107820660655,19.301131296490738,1.2184228273326223,0.04262619457603003,0.03057567086148372,0.05879904128552088
b7be83593040611d36a86185ae369c203d0e9f3b,1.0,0.002012362185112127,0.0019312563210501482,0.0020894949327062147,8.04944874044851,7.725025284200592,8.357979730824859,6.929738080679499,8.04944874044851,1.1615805167140194,0.017852159511149213,0.007542238866418141,0.024307159230637393
b7c3d9936db15c7f02e9032fbad86263aaf5c14d,1.0,0.0024037417728618154,0.002312658790101777,0.002490484073956723,9.614967091447262,9.250635160407107,9.961936295826892,9.614967091447262,8.386129152737759,0.8721953047761772,0.1551685730392246,0.11329177069151675,0.1904225048832681
b7d267ff8170075e1637ccbd350ee9e3acecb1c9,1.0,0.001307096632501625,0.0012728400398437359,0.001347206887567862,5.2283865300065,5.091360159374943,5.388827550271448,3.137821051877906,5.2283865300065,1.6662475149363423,0.041531520039443943,0.03087943811254808,0.0558023485528814
b7d31d0bd037457bd4a1e5ca3b8c59372b829513,1.0,0.0015890558488952694,0.0015256180346303841,0.0016566018374501153,6.356223395581078,6.102472138521536,6.626407349800461,4.269870838012506,6.356223395581078,1.4886219365220204,0.056636867464227955,0.03792414912296066,0.07585021973781118
b7dafa9797a064908d62104ce0ada9057a739c93,1.0,0.0020761850753344404,0.001990590025559043,0.0021710938369505052,8.304740301337763,7.962360102236173,8.684375347802021,6.032051616857863,8.304740301337763,1.3767687726889444,0.15214035049744445,0.13376122018665865,0.17990799142946343
b7e98146a8f161b076ea1b352883f87691e58e89,1.0,0.0021870514692951316,0.002109537643476766,0.0022725559158951977,8.748205877180526,8.438150573907064,9.09022366358079,6.38601445378214,8.748205877180526,1.36990073237297,0.10701919364596177,0.05443322152349734,0.14970962225940396
b7fd189270fa572b9148944d10fe05041d6894e4,0.0,0.0,0.0,0.0,0.0,0.0,0.0,0.0,0.0,,,,
b80160cdaee6d055e7bff337c98ee488ba00452d,1.0,0.003327753645865931,0.0029480505291968172,0.00390337160036156,13.311014583463725,11.79220211678727,15.61348640144624,6.536702841989752,13.311014583463725,2.036349961934616,0.44496151780919996,0.35887374861074767,0.5435784136707411
b7f0642bdf11a3e9322b134c42ce83c4eb79547f,1.0,0.0015633802962902266,0.0014611221797842992,0.001692882446226133,6.253521185160906,5.844488719137197,6.771529784904532,6.253521185160906,5.882942976624042,0.940740872611703,0.16901163954149076,0.09513365119121325,0.20765210417328686
b80733c574bca372e081145fa9f50cc5c92340a3,1.0,0.0018435543252595175,0.0017980722445824562,0.0019146497114821913,7.37421730103807,7.192288978329825,7.658598845928766,6.677423374475066,7.37421730103807,1.104350718456246,0.03005841547136988,0.0,0.06586061194546004
b81734f68f138eb61ad85ca10806a6305e1df0b3,1.0,0.0017921698578772034,0.0017074768534200353,0.0018650352076400609,7.168679431508814,6.829907413680141,7.460140830560244,4.8379668325450105,7.168679431508814,1.48175456336019,0.1953550901354182,0.14016471757036597,0.23250440791152185
b81c501af43d28bfa1a67c295d5231f48f87c1d5,1.0,0.0006935193962775294,0.0006654512831996299,0.0007558085215653915,2.774077585110118,2.66180513279852,3.0232340862615663,2.544031006162396,2.774077585110118,1.0904260122579015,0.21860111031183574,0.1269603527452907,0.28193810737283653
b81c725e7a13119bbdadee5cf08e3b1bf99b54f8,1.0,0.0022081836995975603,0.0021188965173860896,0.0022867428302295705,8.832734798390241,8.475586069544358,9.146971320918281,7.588691025374861,8.832734798390241,1.1639339075547521,0.021943593328262737,0.00583634653247921,0.03942137305980537
b81f09a07be26340302119d75f76705271e9082d,1.0,0.0052714716987332395,0.00503704410201877,0.005650199117551878,21.085886794932957,20.14817640807508,22.600796470207513,19.524739079571752,21.085886794932957,1.0799574175613234,0.024260759452001245,0.001722845048026037,0.05818238270881164
b83eb71d3d802681737e9839b69567f8bc6b0ab4,1.0,0.0007115487502543196,0.0006877099071428599,0.0007400977514452519,2.8461950010172785,2.7508396285714394,2.9603910057810077,2.4914640057401027,2.8461950010172785,1.1423785350540518,0.0780639628090783,0.04730457418908815,0.09911184122758374
b841d2b39ee5a5d47990f5a8ee2e5f98df398ca9,1.0,0.003944566839814156,0.003728500801296716,0.0041404594395783815,15.778267359256622,14.914003205186864,16.561837758313526,12.640604310128069,15.778267359256624,1.2482209688831536,0.0,0.0,0.0
b84230d9540440d6d59741a2904570783e5f8e99,1.0,0.002393784051637386,0.0023420775269621433,0.002520170918115461,9.575136206549544,9.368310107848574,10.080683672461843,9.575136206549544,9.510869167755068,0.993288133201644,0.07168839013524865,0.042552087695987444,0.10454846169217227
b84676d184c7113d8b8ed3a2a0842d50f7ca271a,1.0,0.002062286868848324,0.0019794090097109674,0.0021633148085020235,8.249147475393295,7.917636038843869,8.653259234008095,5.255094746401859,8.249147475393295,1.5697428635404624,0.0448773302596311,0.006470509440216039,0.08255631262010817
b84a3f2e7a3000877970fbb6f660cdadfe225853,1.0,0.0003896810436988582,0.0003000759762826736,0.0004523724630240335,1.5587241747954328,1.2003039051306943,1.809489852096134,1.5587241747954328,0.9767334464136616,0.6266236594051979,0.6025285891545661,0.37864832866590076,0.7332186050838309
b84d0cfe1b6bce415f8529a52a8027ef49586c3b,1.0,0.0025786286553329,0.002452564277935342,0.002654364748345975,10.314514621331599,9.810257111741366,10.617458993383899,6.576860643541536,10.314514621331599,1.5683036604189615,0.03497975445183324,0.02293892209651988,0.04935317925636793
b8516c21b2f76e8276365fc190e541ef3ec3e7f3,1.0,0.0014430182812406693,0.0014057087233484648,0.0015828677160254765,5.772073124962677,5.6228348933938594,6.331470864101906,5.7409362321054855,5.772073124962677,1.0054236611587954,0.17689220120888355,0.0936444512081133,0.25525186259444116
b86d8f7626e6ce6b7326d446b09557edf67bf487,1.0,0.0013212476958104756,0.0011947160235879582,0.0014669256549185536,5.284990783241903,4.778864094351833,5.867702619674215,5.284990783241903,4.777522960867172,0.9039794309606266,0.27970447619391564,0.11106834662374043,0.3490561749418355
b86f0616d7bef5a63123a729396c603845c39590,1.0,0.0021979712452320664,0.0021295856649378325,0.0022883481807835352,8.791884980928266,8.51834265975133,9.153392723134141,5.1007144948927525,8.791884980928266,1.723657536553244,0.013297283629502136,0.009926590113187294,0.01680252506388081
b87b643a8244f5a2443aa1b5a1c7f554b30646e0,1.0,0.0023016277088913966,0.002215500047450419,0.0023861167851645946,9.206510835565586,8.862000189801677,9.544467140658378,7.434447048609856,9.206510835565586,1.2383585188473543,0.0879005435491795,0.012832189246674331,0.15694370398714821
b882e342e81b8244284726957370a5459e8d3273,1.0,0.0006951676737057121,0.0006711218973295211,0.0007345491149355525,2.7806706948228483,2.6844875893180844,2.93819645974221,2.505345512317956,2.7806706948228483,1.1098950947688488,0.09786891757696133,0.0,0.16224452823592528
b88f056886443123683851f81ba4e95494758192,1.0,0.0013813631291315317,0.0013380224800394072,0.0015591687859564354,5.525452516526126,5.352089920157629,6.2366751438257415,5.225653101301034,5.525452516526126,1.057370707433766,0.007990458716268599,0.0,0.09893592935891814
b89146b58825ef2f10b003de4348306442c0878c,1.0,0.0015380031480728199,0.0014451248086637177,0.001603808130267405,6.152012592291279,5.7804992346548705,6.41523252106962,3.939907090316795,6.152012592291279,1.561461336845031,0.2432045345897302,0.20724820948455638,0.2788092995653419
b8951ff01dba1efa533f8bd7d6be64596327945a,1.0,0.002712778746162681,0.002625822544001766,0.0028168444680153944,10.851114984650724,10.503290176007063,11.267377872061578,9.34490777761154,10.851114984650724,1.1611794618934328,0.02621145240183114,0.01332288800002927,0.038096270673202565
b89d75619cd967943e581cffe9350611bd47f1f6,1.0,0.00587631316433528,0.005672292467939077,0.0061709358964269455,23.50525265734112,22.68916987175631,24.68374358570778,23.50525265734112,22.57694330170878,0.9605063017545394,0.19839207055590521,0.13961596271193052,0.24349809406686598
b89e52f984cca38a2f6ca7b35aafbe03fe3811f3,1.0,0.0013060344291840158,0.0012345799312737276,0.0014009790338095195,5.224137716736063,4.93831972509491,5.603916135238078,2.7403231580076803,5.224137716736063,1.906394762774698,0.07912667114518772,0.06510513789111079,0.09979979123441596
b8a3faddc44f54428a9e78103e72cb3d224bacd2,1.0,0.0006517772700428487,0.0005722394029888623,0.0007578395904930277,2.6071090801713948,2.2889576119554493,3.031358361972111,2.6071090801713948,1.6176094656309326,0.6204609841351896,0.502224077894576,0.36463049586665514,0.568687226538716
b8b782e5e68756ba2450cd905a27b4e5d86eb76d,0.9862249666473238,0.0009191063769823079,0.0008804651844853577,0.0009738284011917687,3.6764255079292316,3.521860737941431,3.8953136047670744,2.583604546221478,3.6764255079292316,1.4229830619031865,0.46298755103874456,0.39357410459168785,0.522898102483532
b8ba8b2c8e0117155b153e09104e777577c01400,1.0,0.0010171895978841612,0.000983724016632616,0.0010427876583650887,4.068758391536645,3.9348960665304635,4.171150633460354,3.562871157775636,4.068758391536645,1.1419886410029048,0.041702950993125536,0.016681050553180143,0.07279068051440057
b8bbd258cefb6420f17e108ac90eab60200a3669,1.0,0.001905922455028457,0.0018364854653171853,0.002011909283590257,7.623689820113828,7.3459418612687415,8.047637134361027,7.623689820113828,7.471784909385012,0.9800746207790301,0.11528983455055662,0.07768569304520423,0.16047896917227858
b8bbd7cd50df76a72732a153ee4f6d4a972c0ac3,1.0,0.006315950025005096,0.006005586456596636,0.006564495174512487,25.263800100020383,24.022345826386545,26.25798069804995,15.226569896091505,25.263800100020383,1.6591918122350935,0.03247397964867077,0.02034993983653936,0.0421630230643589
b8bf10fdc735f8a2dee869e7df8b266797353f14,0.6608488574259599,0.0010777727007941094,0.0008718674046832294,0.0012651365599859194,4.3110908031764374,3.4874696187329177,5.060546239943678,2.205336351012825,4.3110908031764374,1.954845029057142,0.3063839647101611,0.06997845048325699,0.5024152319085612
b8c14621717a7516efaad70632389adf558effaf,1.0,0.0004983616756291851,0.00046989569429827633,0.0005478862286003021,1.9934467025167404,1.8795827771931053,2.1915449144012085,1.5144035266467573,1.9934467025167404,1.3163246568308624,0.4760601650221635,0.2807013333891299,0.5614757929588474
b8c29dffd69612c3254e5bb9b2e883b97af40a91,1.0,0.0010674090392606248,0.001017380407602691,0.0011193619502540494,4.269636157042499,4.0695216304107635,4.477447801016198,4.269636157042499,3.760044060213233,0.8806474186357247,0.06184062280139268,0.0005353246266876667,0.09559077957957779
b8ca58247df14f6efb7d14f50d4eeae197c43df3,1.0,0.0006032639568657028,0.000585240438519115,0.000638860776979178,2.413055827462811,2.34096175407646,2.5554431079167124,1.9434603975460458,2.413055827462811,1.2416285047586824,0.4384998002777091,0.2512329205387772,0.5479788579231707
b8cf61998e5d5ad431c337d85f5d3b79f0b43b95,1.0,0.001636878488645647,0.001548475447945668,0.0017524892402828065,6.547513954582588,6.193901791782673,7.009956961131226,4.667779558602188,6.547513954582588,1.402704192085563,0.038886279699556145,0.03078008112820636,0.05018582039237184
b8e498212e66213352cf4955c463958690d4ec31,1.0,0.0010989606872302703,0.0009981245367123837,0.0012063809947476683,4.395842748921081,3.9924981468495346,4.825523978990673,4.395842748921081,3.8204254273530824,0.8690996574640371,0.21368013704250086,0.07634001587096666,0.26873161737420037
b8e562b55b40a68ee25dfe0500db07a1fcfb73e4,1.0,0.0010695422038912825,0.0010408330085653456,0.0011196078379580776,4.27816881556513,4.163332034261383,4.4784313518323104,3.738078623087422,4.27816881556513,1.1444833688467546,0.13286265786061557,0.11440066263520016,0.16318574316767842
b8ff38e1575fad7894be097bbcbdd5ec74bbe481,1.0,0.0003290901452595022,0.00023282459642114386,0.00043330982799029427,1.3163605810380088,0.9312983856845755,1.733239311961177,1.3163605810380088,0.4687313302382675,0.35608125690656284,0.502235545168174,0.0,0.705103064396455
b900012fb1dc1f250eb2f509e02190064c5fe5fb,1.0,0.0005855472538735428,0.0005542915932059946,0.0006669101188372595,2.342189015494171,2.217166372823978,2.667640475349038,2.342189015494171,2.2701233219314934,0.9692314782940467,0.30918468434774204,0.209915788301785,0.3887439670642138
b901010092cc5a4893d0d01c23948508f1aba563,1.0,0.0005074628468397055,0.0004836702621239937,0.0006317487029698837,2.029851387358822,1.9346810484959747,2.526994811879535,1.8477882720937737,2.029851387358822,1.0985302905179435,0.23721763268562682,0.0880158054427436,0.3210617861197886
b906c969ad09f1b88960528e25c6fd35cefc47c0,1.0,0.0017109586953208372,0.0016258513513763802,0.0018239396165482065,6.843834781283348,6.503405405505521,7.295758466192826,5.829160107375791,6.843834781283348,1.174068760373156,0.05813694446688984,0.0412505192229248,0.07249668548240604
b90cae1afcad0debb7a262c8a6de67cd924bca1d,1.0,0.0014979159109928604,0.0014478328407536655,0.0015601860763492618,5.9916636439714415,5.791331363014662,6.2407443053970475,5.9916636439714415,5.234700403352753,0.8736639294863768,0.06580528846153845,0.04261848343422181,0.0878077313998159
b912c88ee1f0c750d89aeaaef4b6071eb181410b,1.0,0.0010001418938795285,0.0009666128440541906,0.0010492731956943226,4.000567575518114,3.8664513762167627,4.197092782777291,1.7710300177199225,4.000567575518114,2.258893150026088,0.048333406772124755,0.02154044129999115,0.06276610884264489
b91c188039d6dd1fb4c1c1c4e005c92f922b0794,1.0,0.004380231319638023,0.004270896790646069,0.0045227942450554925,17.52092527855209,17.083587162584276,18.09117698022197,15.4440963108302,17.52092527855209,1.1344739715372993,0.037712004648185936,0.02626783475077494,0.05815451150558055
b92c421c0b43afafe72d2f9a81ba53728b138352,1.0,0.0005802598330504003,0.0005569065387133734,0.0006011265520698423,2.321039332201601,2.2276261548534935,2.4045062082793693,1.283638975563157,2.321039332201601,1.8081714379101934,0.4453970306742156,0.23989769259009489,0.5901869338301612
b92d248f18d3f740fa6ddd8eafe4ccfe77d32577,1.0,0.0017467990926505815,0.0016906867045534822,0.0018072804221222758,6.987196370602326,6.7627468182139285,7.229121688489103,4.933262745301504,6.987196370602326,1.4163438542285247,0.014127287943342158,0.0,0.058639718108514594
b933903d548ba6b32ed49bda34751cb983096573,1.0,0.0007367934358065064,0.0006835746839564604,0.0008103011662865495,2.9471737432260254,2.7342987358258415,3.241204665146198,2.9471737432260254,2.6173356329718307,0.8880832489050515,0.1915156688476784,0.08652607810173396,0.24547890215015927
b9349403f64a1bcf3f4a221e23420d31207ef919,1.0,0.0020729480622751944,0.00201243658330567,0.00215010778355674,8.291792249100778,8.04974633322268,8.60043113422696,8.291792249100778,8.108903826628236,0.9779434388877295,0.12384267678079701,0.08902621522902507,0.1449536609245399
b9385eceb5758e821beba1a50dfc9eee1a8ade8e,1.0,0.002382757022600785,0.0022999378737997454,0.002472306337197413,9.53102809040314,9.199751495198981,9.889225348789651,8.971648206994143,9.53102809040314,1.0623497344638317,0.10370869404444932,0.07584119905251521,0.13453346757693094
b9398cff54ac7a380a3568f7eea30fd949c06c15,1.0,0.00223628340500325,0.0021380697192238587,0.0023446374681329253,8.945133620013,8.552278876895434,9.378549872531702,8.945133620013,8.41246570216731,0.9404516533264581,0.08321295632003449,0.061556657732394125,0.11782926389145723
b93c16be7c7be4949ea99fb3915fae32eadae1e1,1.0,0.0009626832307050968,0.0009161503028461249,0.001016055437358296,3.8507329228203875,3.6646012113845,4.064221749433184,3.6395277664246968,3.8507329228203875,1.0580309232269351,0.07932110038832717,0.060398057156715444,0.0978728073193437
b94d9b91a9a232b7ce370a0e6e56538d64354ce1,0.0,0.00017444039898370964,0.00013332709709062239,0.0002121716049747122,0.6977615959348386,0.5333083883624895,0.8486864198988489,0.6977615959348386,0.0,0.0,1.0,1.0,1.0
b957955578a92793e285ad5a42afc09d0f090c21,1.0,0.0012107271126514528,0.0011741029284845698,0.0012458617762775217,4.842908450605811,4.6964117139382795,4.983447105110087,3.2249134215256614,4.842908450605811,1.5017173541095248,0.12131682512662545,0.09387473572504379,0.13872829932400413
b95aa0cc6b82d88e67ae5f2a22eb625157d3027d,1.0,0.004287727025423448,0.004178088692202806,0.004496214364825719,17.15090810169379,16.712354768811224,17.984857459302876,16.5595809955802,17.15090810169379,1.0357090620995435,0.007475700057082187,0.0,0.03753796297199928
b96894e372c0fed27ffb15d0d07b9f2da422bc59,1.0,0.00105619573347978,0.001019301249575718,0.0010993875978501076,4.22478293391912,4.0772049983028715,4.39755039140043,3.371895694096658,4.22478293391912,1.252939983083004,0.1719130912911638,0.13236833217975652,0.2103569783085198
b96b4a0688d6352f247042f6191df8f9c45f8a3d,1.0,0.0031178213646098595,0.0030280675322400686,0.0032083634113341457,12.471285458439437,12.112270128960274,12.833453645336583,11.603722660004191,12.471285458439437,1.0747659026206795,0.01771765530681579,0.004539618057783495,0.02744906592480594
b98a8d80559ae229f73dea967e2b8e57e31af653,1.0,0.0021988140763078237,0.002108831884618418,0.002448099672243273,8.795256305231295,8.435327538473672,9.79239868897309,8.795256305231295,8.73366587979025,0.9929973131761479,0.06602520045819014,0.0,0.13744528882208454
b98fc77eb1648fc9c628a15294bad20a8b4034b1,0.9298273262381734,0.0008931221771982786,0.000787241773247948,0.0011359526285547612,3.5724887087931143,3.1489670929917923,4.543810514219045,3.5724887087931143,3.2503255296806475,0.9098210784209021,0.25005103307494986,0.0,0.6008332295956419
b990a44cb3dcd1e07ed089ca180ade4356015b5d,1.0,0.002200485733412489,0.0021025900305823015,0.0022896481293873095,8.801942933649956,8.410360122329207,9.158592517549238,7.6867508119338055,8.801942933649956,1.145079780651247,0.18779827900153478,0.13624803546024425,0.2278961693029377
b9a41c46e7b83394150e683bd8fa2d7c69e260f8,1.0,0.0036288762154649853,0.0034766167203918795,0.0038406292205222675,14.515504861859942,13.906466881567518,15.36251688208907,12.567945487329728,14.515504861859942,1.1549624301357473,0.061892383159026926,0.03894439776235734,0.08129281918631272
b9a74708bc503915512c9f92cd1c30f95b312e19,1.0,0.0010551243854722207,0.0009991480724294228,0.0011138572404893372,4.220497541888883,3.996592289717691,4.455428961957349,3.661685400593541,4.220497541888883,1.1526106369500673,0.19618693074586407,0.12864920275923236,0.24997564937312
b9a74d4f5ba6946674af5affaa9f7f8f5b021dd3,1.0,0.0006321580035848701,0.0005021329195648971,0.0009792838488803489,2.5286320143394803,2.008531678259588,3.9171353955213957,2.5286320143394803,2.049905063945116,0.8106774937280009,0.0,0.0,0.0
b9b42af61233f25b30ba7b613fab165ed34c1888,1.0,0.0004449450644116222,0.00041343647362670615,0.000553327112431042,1.779780257646489,1.6537458945068246,2.2133084497241677,1.779780257646489,1.7073303783206546,0.959292795268086,0.41135741069223347,0.31478999901500154,0.4937096055919045
b9b6d7e4fa634d0c9bfd922816dd07ffc8bfeaf7,1.0,0.00324206228715266,0.0030759102738471818,0.0034109804835380938,12.96824914861064,12.303641095388727,13.643921934152376,9.182876445241828,12.96824914861064,1.4122208031373689,0.02817328244709369,0.014591194871889906,0.04014654835919168
b9b7beff02d03e04b55d8971c00a967acb69f48e,1.0,0.0008274563342700402,0.0007877903893411079,0.0008727804511685285,3.3098253370801607,3.1511615573644316,3.491121804674114,2.664140040407546,3.3098253370801607,1.24236162021492,0.22740758876907197,0.17821338031455403,0.27184635142800273
b9beeba08c1a56b4de2150338bf7ca5110c83736,1.0,0.001016891967628399,0.000987329745912088,0.0010482089279172356,4.067567870513597,3.9493189836483524,4.192835711668942,3.52495251400647,4.067567870513597,1.1539355081667153,0.05266350778550091,0.040725957272263844,0.07230033085675565
b9c3356c78b1dcf0490a8f52fdcf299b424dedba,1.0,0.0016539848008890435,0.0016187041682450395,0.001708905609840752,6.615939203556174,6.474816672980158,6.835622439363008,5.662434374905045,6.615939203556174,1.1683913252711415,0.036052630260562865,0.022931773413937193,0.05438916111046315
b9c59e2beb5ec197158c30fdc9f1ff29d7bddbbb,1.0,0.0011404604943916455,0.001110040137894315,0.0011717946779027802,4.561841977566582,4.44016055157726,4.6871787116111205,4.340626618377346,4.561841977566582,1.0509639226402598,0.21315988927252918,0.14111773639502526,0.25167616824719213
b9c3fbbd1704467a5bfe628ee590dea25eb6b00a,1.0,0.003082948667107292,0.0029932100583209015,0.0031711869126054074,12.331794668429168,11.972840233283605,12.68474765042163,10.402626323621122,12.331794668429168,1.1854501243044273,0.06428589785610404,0.05432349917223499,0.08178054713141543
b9c5ba888f3c4ba6b04c6e66dc40627d9ac05256,1.0,0.001063731215448104,0.0010114653461284616,0.0010960715488126701,4.254924861792416,4.045861384513847,4.384286195250681,1.2155503811602635,4.254924861792416,3.500410125108116,0.18560542659560414,0.062433149607287915,0.29048307096042425
b9c7e127266ae8b94d1a745baaa7eb2c818cbeeb,1.0,0.003127767601877541,0.0029500640497980824,0.0032976940122734547,12.511070407510164,11.80025619919233,13.190776049093818,12.511070407510164,11.124518514997392,0.8891739997178458,0.029240146226390862,0.0,0.07933273904012232
b9d6c342676547887dca022302a94d59fcae5add,1.0,0.0018286784113335551,0.0017926281045876286,0.001878449331158425,7.314713645334221,7.170512418350515,7.5137973246337,6.478564141649958,7.314713645334221,1.1290640156371614,0.1596697750636998,0.13365071989397223,0.20441487623539586
b9ce2a8584f52c8b251ce695d6a16bd68bcba9c6,1.0,0.0014552248588558087,0.0013854091386165245,0.0015485366599546245,5.820899435423235,5.541636554466098,6.194146639818498,4.343022870834278,5.820899435423235,1.3402875390119837,0.18882936763682293,0.15216272180882173,0.2495701884400232
b9d8948f4ae5ba35c11d2e94992b13310a3a6003,1.0,0.0017453279361765487,0.0016755863296357698,0.001836551202923829,6.981311744706194,6.702345318543079,7.3462048116953165,5.465625846122351,6.981311744706194,1.2773124142149546,0.25984604763461355,0.17494351024251548,0.34181124254586814
b9ec5e37feb9a29025062ae3bf4c546ad6ea1527,1.0,0.0008363986721011973,0.0008137206316392521,0.0008693625660150436,3.3455946884047894,3.254882526557008,3.4774502640601743,1.9577252834916399,3.3455946884047894,1.708919385480816,0.2399604088403487,0.19240757460233368,0.2817039167769444
ba15dfa0888d872b748e6b4cc495f58025609d92,1.0,0.000426878615162831,0.000412883197202828,0.00044371534947505904,1.707514460651324,1.651532788811312,1.7748613979002361,1.4696719091379868,1.707514460651324,1.1618337739426754,0.011269575260720394,0.00480766231259024,0.016624409028507082
b9ed0978577813e2ea582a4ca58cc7ac58dc3ff0,1.0,0.0027158028077435233,0.0026190395689254203,0.0028398911259848226,10.863211230974093,10.476158275701682,11.359564503939291,7.558662529498287,10.863211230974093,1.4371869611296364,0.022130708718042968,0.013331260525567719,0.03596649783256825
ba167d4b9bfd0cbd93176956f2dd0e6a62430e2f,1.0,0.0040289346852064555,0.003861038795776076,0.004203502527036646,16.115738740825822,15.444155183104304,16.814010108146583,14.655192668520671,16.115738740825822,1.099660653076394,0.08924488390923906,0.058431791551401865,0.1177635025296335
ba179c712a539e21f726126e4aa2aff6e6a7b6d2,1.0,0.00214551357649164,0.002076662793080331,0.0022415904153663875,8.58205430596656,8.306651172321324,8.96636166146555,6.863035932200304,8.58205430596656,1.2504749196635978,0.031074703400306113,0.021641463992562227,0.04673958798691137
ba180a56c68fa40bbce26402774815f17264fc69,1.0,0.000495271814663509,0.0004789446491703627,0.0005146014317002814,1.981087258654036,1.9157785966814507,2.0584057268011255,1.550946113163109,1.9810872586540358,1.277341128644158,0.19480065789188175,0.13597211173744891,0.24843858215456535
ba2777715d5458791ecfc4ff83126066b47d950a,1.0,0.001605528306741232,0.0015633024106602785,0.0016919752062235075,6.422113226964928,6.253209642641114,6.76790082489403,3.5975513979271616,6.422113226964928,1.785134530854854,0.1573417484676829,0.1285301066963397,0.18688501970053362
ba2889f13729f7b287d8046c7c4443dae8984f7c,1.0,0.0005552598951053343,0.0005418849238508634,0.0005704970651872787,2.221039580421337,2.1675396954034536,2.281988260749115,2.0362740736514837,2.221039580421337,1.0907370521290036,0.015968781340297302,0.009429040372561925,0.023398786744498325
ba34ce7b4baeb75dfce1ce707cfd0666875456a4,1.0,0.0027629458396345795,0.00265132763964656,0.002892604612078365,11.051783358538318,10.60531055858624,11.57041844831346,8.122812914458985,11.051783358538318,1.360585732421047,0.09978396006986122,0.06080198847999018,0.12852402657147252
ba3928ae1931b336bd401ae0788f372b168ac9cc,1.0,0.001023579469483349,0.0009854571050838961,0.0010595002967349262,4.094317877933396,3.9418284203355847,4.238001186939705,3.678389541751173,4.094317877933396,1.1130734881287783,0.039463436591250005,0.006647555374590741,0.06573730186683689
ba3b79cc7973aff6b27921ac5d1fcadabb8763d4,1.0,0.0029970718182710915,0.002898668127612976,0.0032587463631079255,11.988287273084365,11.594672510451904,13.034985452431702,11.988287273084365,11.872271894421269,0.9903226060553646,0.0777034518972092,0.033013768554717875,0.11334988997859984
ba3c33aae4d1fbc2e97c522911f5ff6e1c003d1a,1.0,0.0014292304459277063,0.001338763064113642,0.0015230949024130054,5.716921783710825,5.355052256454568,6.0923796096520215,3.275272314820833,5.716921783710825,1.745479836238764,0.12570474002923362,0.09899744840758454,0.14916789628828536
ba3e6b82852150df71fd76b70ca8d8c61c0517af,1.0,0.0016709941682865868,0.0015179612441384748,0.0018512814163035307,6.683976673146347,6.0718449765538995,7.405125665214123,4.274992740082275,6.683976673146347,1.563505970542937,0.082377542116393,0.002200810141291804,0.14208636054928156
ba40ee4d6cdfe420cd82b5724f2c07214d867e0d,0.897255526293188,0.002932779095724967,0.0026707121180920396,0.0032864278200225245,11.731116382899868,10.682848472368159,13.145711280090097,0.0,11.731116382899868,,0.16642409363903385,0.12582581513589214,0.20812963179830693
ba47e6952f14b49307debc409a3aaea33153c68e,1.0,0.0022033026006401633,0.0020506352214163864,0.0023903161116487124,8.813210402560653,8.202540885665545,9.56126444659485,1.5558577271695209,8.813210402560653,5.664534904868198,0.03766682934074563,0.01889948232090475,0.05334972344946964
ba602d42825acf6343da9539a81d87df2786f89b,1.0,0.001956912724835862,0.0018736941454531063,0.0020431250959332637,7.827650899343447,7.494776581812426,8.172500383733055,4.580546649798145,7.827650899343448,1.7088901167917143,0.06499451787173814,0.032684277846169396,0.08399658230928501
ba5d549716e6f6431669bb7087931c51aac1a671,1.0,0.0005532045804136045,0.0005378548213325716,0.0005692975940536845,2.212818321654418,2.1514192853302863,2.277190376214738,1.9443986168802927,2.212818321654418,1.1380476731694007,0.0630157378928591,0.05468657157977235,0.07735664985640299
ba670c39107d1c02fb965cd4e380eac9ab937b22,1.0,0.0013618315651212375,0.0012647920798080508,0.0014678645072682506,5.44732626048495,5.059168319232203,5.871458029073002,5.44732626048495,4.681186647753993,0.859354924582257,0.2693382014304659,0.20213412966304128,0.3239647688922893
ba7457cc17e09ae35808a15ac7c049f1acddcd78,1.0,0.0029602428641126916,0.0028272762637504075,0.00306036890623438,11.840971456450767,11.30910505500163,12.24147562493752,10.578559992072101,11.840971456450767,1.1193367968158952,0.05759033730248386,0.037769753197349175,0.07337018888828088
ba7eefdce8ed75991ed63358a0e7228b54bd5aaf,1.0,0.0013437588358762,0.0013010923862364953,0.0014014639176149165,5.3750353435048,5.2043695449459815,5.605855670459666,4.365398294577292,5.3750353435048,1.2312817710543575,0.0503100107877216,0.0379770429876889,0.0628004931637761
ba7c4796fedf8fa98936f0ac69d72d45028b4aa6,1.0,0.0008100320026158503,0.000787282569363706,0.0008424154850923151,3.240128010463401,3.149130277454824,3.36966194036926,1.8044111107878784,3.240128010463401,1.7956706157992073,0.08430819074224966,0.029486159558523635,0.13283475840746028
bab85b40ff46eea7278e4c52d3f94c6f8520fb06,1.0,0.0037876493867300743,0.0035844135738396167,0.00420612411959832,15.150597546920297,14.337654295358467,16.824496478393282,12.277025834357143,15.150597546920297,1.234060899710864,0.027144725580835003,0.007404717704857159,0.03941284991336846
ba85007d4e50ffbdd532416d7d875d3bb0815821,1.0,0.0020556828504284716,0.0020067657107490835,0.002108570526910511,8.222731401713887,8.027062842996333,8.434282107642044,6.323470813563626,8.222731401713887,1.3003509692930681,0.018935174500709428,0.00615657749253386,0.02990235995664532
babd17ce4cc1bd90b3b8aef16cd097f45f6ebb14,1.0,0.0012309071326630225,0.0011793963555217313,0.001318450784297688,4.92362853065209,4.717585422086925,5.273803137190752,4.171502986087534,4.92362853065209,1.1803008524920122,0.11611853970276048,0.0900103542936848,0.13908930964301364
babd2201e7087c6960aba920bcaa45f5287e22f8,1.0,0.0011346652166200938,0.001088272921759705,0.0012506950724708384,4.538660866480376,4.35309168703882,5.002780289883353,4.538660866480376,4.439668227079761,0.9781890204373475,0.20530249706001016,0.08319819053282125,0.2651970103505589
bac04d7ece0fda1e5b754cf250f94f3293be54d6,1.0,0.002343527380010074,0.002233485274037775,0.002436709240116936,9.374109520040296,8.9339410961511,9.746836960467743,6.624960447714828,9.374109520040296,1.414968375135544,0.15268824454933688,0.1120457439691689,0.19060191566823037
bad694e6c9e97d639bd3febce44cee682cbed998,1.0,0.0012891543114501088,0.00117622623121402,0.0014226701000396812,5.156617245800435,4.70490492485608,5.690680400158724,5.156617245800435,3.9133531348526436,0.7588992838356755,0.3429228547020342,0.24887590901920753,0.4025657911428255
bafa3e7265f85be2046dc1353ff05c9733c38f51,1.0,0.0005673064125429233,0.0005592686426598051,0.0006104541569308821,2.269225650171693,2.23707457063922,2.4418166277235285,2.118557220402013,2.269225650171693,1.0711184141352053,0.08379315500558905,0.03460426313577567,0.11396237840722033
bafe48284868d23f5bce6579337bffb2c7c4ef5c,1.0,0.0021157641964850283,0.001994878967360898,0.0022202749399839335,8.463056785940113,7.979515869443591,8.881099759935735,4.365423464134536,8.463056785940113,1.9386565485504281,0.04044943000113655,0.03289787250523514,0.047949608198683186
bb0c69c603ee0dacff633cc89c8c5bf7c4559f37,1.0,0.0005792743962900707,0.0004891282616541475,0.0006602019304445773,2.317097585160283,1.9565130466165899,2.6408077217783092,2.317097585160283,1.8214385248679958,0.7860862384619851,0.5732172172359441,0.3787254956562514,0.6913573642467822
bb0d41a5652b6cd82e37279de5bb56e6c75567b1,1.0,0.0009995264510292829,0.0009638665424231886,0.001023364964029337,3.9981058041171313,3.8554661696927544,4.093459856117348,3.2343251803724065,3.998105804117132,1.2361483713448944,0.062384164281568365,0.0409477774420541,0.08433810574797715
bb1b22331818821285c247914e291af8bbdfef9c,1.0,0.0014701646375278436,0.0014117726233060846,0.001561560236149049,5.880658550111375,5.647090493224338,6.246240944596195,4.214583352786646,5.880658550111375,1.3953119579953577,0.1202363651541822,0.08985318225655944,0.1402984858179219
bb1ea70e805029742b1ca7df185b73764f49b419,1.0,0.0008377824868542725,0.0008097809198782827,0.0008695494308682516,3.35112994741709,3.239123679513131,3.4781977234730066,3.0937896619835548,3.35112994741709,1.0831796319561504,0.14046120106334986,0.09708613229046827,0.18467864935317982
bb35117ecac1e53f7107510e29ce35d4a651d029,1.0,0.0028323833940621405,0.0026834598887777263,0.0029710539076062124,11.329533576248561,10.733839555110906,11.88421563042485,7.618154316401942,11.329533576248561,1.4871756472372832,0.04885247389143594,0.02866626004050821,0.06312052627777928
bb389e1f192d51a7c4aa34553ae5dbbaee8254bb,1.0,0.004274397915965195,0.00410047227906963,0.0044611968338038,17.097591663860783,16.40188911627852,17.8447873352152,15.797882180816368,17.097591663860783,1.0822711214179501,0.03612769790172467,0.027521158380473407,0.04816633698813857
bb3e81a592158439004c841da124a320e1560ae2,1.0,0.0021095087532085896,0.0020470448066273474,0.0021990221857172533,8.438035012834359,8.188179226509389,8.796088742869014,6.285450738642076,8.438035012834359,1.3424709481785442,0.22775065914168632,0.15948631776703764,0.28413448221586596
bb4099a3b0f154bc29e4387452cc64b6527ce55c,1.0,0.0015466589295496543,0.001472809477519257,0.0016098354319937715,6.186635718198617,5.891237910077028,6.439341727975086,2.4634093430991517,6.186635718198617,2.5114119728129998,0.0982507649331077,0.06224614828645119,0.14270462444982332
bb47f88cc902a45f861cc2e8ef686a845f50d124,1.0,0.002318519125654582,0.002211465787447454,0.002409986165315328,9.274076502618328,8.845863149789817,9.639944661261312,7.483471755976462,9.274076502618328,1.2392746047597294,0.015900378026828997,0.0,0.043434932732083174
bb496eaef275f0ce714f44727c4327a0ef165b00,1.0,0.000837130860278348,0.0007118650258137243,0.001031941710332115,3.3485234411133917,2.8474601032548974,4.12776684132846,3.3485234411133917,2.219418796975748,0.6628052143000039,0.23710587241842299,0.0,0.38161501262544684
bb4a215fa79ae3b8faa16c517d5c6630f1f6e2a8,1.0,0.0015167430361192036,0.001487680036437923,0.001597060641551528,6.066972144476814,5.950720145751691,6.388242566206112,6.066972144476814,6.0630490026391755,0.999353360829057,0.1611535649773634,0.1274799573224624,0.19151850524818392
bb4c0f59c30aa6314f14a2d368d912faac43b9c3,1.0,0.0038359882080659076,0.0036811009712935886,0.004027987374588221,15.34395283226363,14.724403885174354,16.111949498352885,13.89858600056774,15.34395283226363,1.1039938042356863,0.003480591387698573,0.0,0.008258205618523673
bb4d0a9abfd5b4d622a1e39052ec53e053e0a89a,1.0,0.0030054024302230598,0.00289689004347003,0.0030957094165776707,12.02160972089224,11.58756017388012,12.382837666310683,10.294872300905341,12.02160972089224,1.1677279105089091,0.039810367319403885,0.02536867970987509,0.05489565901906904
bb528f3f739c0e4a901f46c9cdb9241f262d3aea,1.0,0.0005318157333593619,0.00045256455484371364,0.0006185358608316802,2.1272629334374478,1.8102582193748546,2.474143443326721,2.1272629334374478,1.761819760818637,0.8282096834977092,0.3621261472924788,0.3190055020918902,0.41631364137155746
bb5e20861b409beef187636d5cb780574c7167ad,1.0,0.0011240352273942879,0.00109529255875018,0.001188672127765422,4.496140909577152,4.381170235000719,4.754688511061688,3.0914591672126113,4.496140909577152,1.4543749945858286,0.1333257301402415,0.07834188467674834,0.1828420403950968
bb62c4fb93f1ad0e2a15dfbd6f80280439753c2d,1.0,0.0016710890104425658,0.001605888668577931,0.0017435736321108424,6.684356041770263,6.423554674311724,6.9742945284433695,6.2219082196450834,6.684356041770263,1.0743257222382427,0.1585009157797052,0.12030602954878823,0.18438243546520242
bb650083d74a2f18faa1c955f01afb9509d5a325,1.0,0.0007102859890015459,0.0006903668168919898,0.0008620782169423598,2.8411439560061833,2.761467267567959,3.448312867769439,2.805444844703541,2.8411439560061833,1.012724937854344,0.13123435647477275,0.016739738551000773,0.24389082634137355
bb68ad5ecbeb7d7b130a0043e901470469cae74e,1.0,0.001419179780032562,0.0013321233548365024,0.0014957733032753442,5.676719120130248,5.328493419346009,5.983093213101377,4.450149697494148,5.676719120130248,1.2756243061501444,0.12311814493006108,0.07522122321211677,0.14933800367893948
bb69ff483d7f081330102d7c0c0c8cba59f7d214,1.0,0.0006178115530169601,0.0005898841886741888,0.0006536662489513666,2.4712462120678405,2.359536754696755,2.6146649958054664,1.955811915260063,2.4712462120678405,1.2635398080900027,0.16234687154518748,0.13309315961174215,0.2019977836623454
bb6a733fc18c843fe12ea62553d186927c6bbc6b,1.0,0.003036913504164286,0.0029745267315622035,0.003100815514724731,12.147654016657144,11.898106926248815,12.403262058898925,12.147654016657144,10.788824209353425,0.8881405573915375,0.0283609015567967,0.01502697658016644,0.046304591087915146
bb74c2d81c825fee17c892f15ed36a57a14f332d,1.0,0.0031202773034093036,0.003019867178376861,0.003322109385197017,12.481109213637215,12.079468713507444,13.288437540788067,9.783635334538962,12.481109213637215,1.2757128395388386,0.015020808241084687,0.005335463412779752,0.023336117543017003
bb77917e084517aaed68042fa55318ee8acac5f1,1.0,0.0019160181106062718,0.0018604406127622152,0.0019883135189156026,7.664072442425087,7.441762451048861,7.95325407566241,6.441275818349097,7.664072442425087,1.1898376437463896,0.14896024897439517,0.1045657901951307,0.18631207708174796
bb797b457ab03e046f650d8feb0de057bc1eddf8,1.0,0.0009202159150269893,0.0008868821111232675,0.0009500973347896109,3.680863660107957,3.5475284444930697,3.8003893391584436,2.927726055456873,3.680863660107957,1.2572431950207024,0.08159388363353635,0.05233232627238845,0.11215537914327098
bb799d1a1efda10c2598af3de72dcab3b9351b81,1.0,0.001827881824916552,0.0017399232745916912,0.0019341703897006294,7.311527299666207,6.959693098366765,7.736681558802518,5.9229518084935515,7.311527299666207,1.2344397753129495,0.13809553561912177,0.11194920148101879,0.1626798611817054
bb7c076a7d15521b4d21a1b863e4c673b6366618,1.0,0.00129921511679058,0.0012356395627870522,0.0013816223170112156,5.19686046716232,4.942558251148209,5.5264892680448625,3.5938173074222175,5.19686046716232,1.4460558293904866,0.19924167589840727,0.1251673500944461,0.25749665397599114
bb8c00fee5619cd171427e0fec4e970ac41a4dee,1.0,0.0040622476439471315,0.003917087132953377,0.004257253617763307,16.248990575788525,15.668348531813509,17.02901447105323,10.238794252379575,16.248990575788525,1.5870023535253805,0.043919416219487965,0.031657285714586106,0.05811356402238452
bb98b25b90ff7a33a91618c46fdb866c06916dff,1.0,0.000807739428617995,0.0007788967637282352,0.0008367195968835759,3.23095771447198,3.115587054912941,3.3468783875343036,2.366032180338332,3.23095771447198,1.365559497170477,0.007769563317773125,0.00296903373577935,0.012254185665029747
bb9a075fe09d91a9e3af3d583ee2c4afed2d191f,1.0,0.0021166339173216537,0.0020570133620835458,0.0022008971489894877,8.466535669286614,8.228053448334183,8.803588595957951,7.426673453629106,8.466535669286614,1.140017226036695,0.11250022789010224,0.0854629539430215,0.14797572388653005
bba46e45b03b73379fba13d18fc17cb5afa9bd7e,1.0,0.002535796998001296,0.002460217400881442,0.0026647784458416358,10.143187992005185,9.840869603525768,10.659113783366543,8.404704325879479,10.143187992005185,1.2068464991412757,0.13722362443210503,0.08911117303449158,0.18978455119984217
bba59b51cf7c981a84d3bb07533fe4ca992e0a81,1.0,0.0016274559969605004,0.0015684347126501876,0.0017048506133053626,6.509823987842001,6.2737388506007505,6.819402453221451,5.743254195681823,6.509823987842001,1.1334730739824364,0.12348073706743122,0.08741500290934816,0.16404245522399147
bbaf7533065ac481ff6aaeabf8f2afa1aedd6321,1.0,0.002509699973153031,0.0024263233457340423,0.002651529118864536,10.038799892612124,9.70529338293617,10.606116475458144,8.439430738632062,10.038799892612124,1.1895114971035714,0.05975873841371799,0.0432937667342403,0.08188917952022932
bbc43ff105085aad481bcec1c0770edfb6e1bf4d,1.0,0.0006390361189707621,0.0006169516743935459,0.0007282201975728008,2.5561444758830483,2.4678066975741837,2.912880790291203,2.426725216498417,2.5561444758830483,1.0533308256347924,0.40102820619702645,0.3572685097406749,0.47462707210024885
bbcafa07a8fc1dd8faba8b0ff6248fdee4de0bef,1.0,0.002302029311372999,0.002223785432758188,0.0024249874728814857,9.208117245491996,8.895141731032751,9.699949891525943,9.208117245491996,8.498055580283939,0.9228874213612255,0.07792218289888306,0.03085642930574889,0.11605442963588408
bbd3cba51ab47fe816f1c19e8014d3fd98151513,1.0,0.001558332409570824,0.0015075871188004021,0.0016900868361089266,6.233329638283296,6.030348475201609,6.760347344435706,6.233329638283296,6.059180608860022,0.9720616364721512,0.16082023524513375,0.12276883189999235,0.1861384010358889
bbd3d2db4a3893defd24d8eff88b66f4da8cd47b,1.0,0.0018649607553508848,0.0017810368658244414,0.0019323560442816529,7.45984302140354,7.124147463297765,7.729424177126612,7.072129937230177,7.45984302140354,1.054822675433649,0.10795988283525987,0.0750436562319086,0.1532275771813267
bbd6447a74845fed2f459cedefb8d7da36ff7fce,1.0,0.000934883105024636,0.0009035655809525144,0.0009712251043683757,3.739532420098544,3.614262323810058,3.884900417473503,2.976598200184018,3.739532420098544,1.2563107845282444,0.10699287623531718,0.03091674750541811,0.143486190630085
bbdbc76c5df3a81d858da77ce53bc035fcefa605,1.0,0.0021969204194674085,0.002109030971025032,0.0022749213472901186,8.787681677869633,8.436123884100128,9.099685389160474,7.3259235051392,8.787681677869633,1.1995322735358889,0.14429945531397786,0.0833637825593211,0.18948230012793296
bbdc9a041befac541cce47f9a269d7f54ba5ece0,1.0,0.0007297151633165111,0.0006380972403457716,0.0008263383740035512,2.9188606532660444,2.5523889613830866,3.305353496014205,2.9188606532660444,1.9675906098272,0.6740954240571829,0.46338959347668446,0.3691545092469893,0.5234717637768969
bbdcbe522eaddd46b29becde864d5cd696c6fc65,1.0,0.0019091662543236712,0.0018572250574113165,0.001991433919752269,7.636665017294685,7.428900229645266,7.965735679009076,6.726460363051976,7.636665017294685,1.135317032304599,0.15362694882056321,0.11723109345635971,0.18421449600292658
bbe746bb5009f7b5cb7fbc8ab11485ad0d9cafd8,1.0,0.0016772910200695524,0.001572251499841974,0.0017796715895476809,6.709164080278209,6.289005999367896,7.118686358190724,3.7032329355834857,6.709164080278209,1.8117045827205318,0.32502417984017207,0.23182194784937432,0.3967730642303013
bbef1122959e5c9129a66f897af3ca4ff994dd2d,1.0,0.0003626458784721581,0.00034102059263782953,0.0004183444342519796,1.4505835138886325,1.364082370551318,1.6733777370079184,1.3743766650856484,1.4505835138886325,1.0554482993919538,0.23332198150525194,0.0,0.4391472792573904
bbf0afae3c733e6113cbc24013e6430687968ada,1.0,0.0019556639074600683,0.0018663718245198998,0.0021015525368412113,7.822655629840273,7.465487298079599,8.406210147364845,4.212748956081681,7.8226556298402725,1.8569004968945981,0.18791512232609314,0.15838405550721285,0.21525281128437265
bbf9da33b902c1d744ff2a2d731e7e16e32d83ed,1.0,0.0022637181332950647,0.002215171785956811,0.0024611699239114725,9.054872533180259,8.860687143827244,9.84467969564589,8.606945305562002,9.054872533180259,1.05204253213144,0.12331751029619611,0.03943234263942965,0.2071124636045386
bbfa9a1c697d200fb63611ed5a8fb75303864214,1.0,0.0017018654512557017,0.0016621193313382456,0.0017866651711684364,6.807461805022807,6.6484773253529825,7.146660684673746,3.7619344727880533,6.807461805022807,1.8095641628700794,0.0,0.0,0.07031542839234485
bc13e1927e3e2f952d29a4ecf14a898e40823bfd,1.0,0.0017555050281929526,0.0016516336544745926,0.0019275551776359193,7.02202011277181,6.606534617898371,7.710220710543677,7.02202011277181,6.542168520776583,0.9316647368864036,0.10615411128328019,0.06224010495288425,0.13615712471090263
bc1c3820dc8eb4d9ac6b62fee541c87fefd9f627,1.0,0.0007276889461940534,0.0007093451322533349,0.0007503144022375476,2.9107557847762138,2.83738052901334,3.0012576089501906,2.4587746585631387,2.9107557847762138,1.1838237288801423,0.1194833773792508,0.07397258466817869,0.16676500249938003
bc1ff287108bd70f0966e2e5fac472bbbb949d5d,1.0,0.0007262355793591744,0.0007041047982945112,0.0007712391299857876,2.904942317436698,2.816419193178045,3.0849565199431503,2.593341188380545,2.904942317436698,1.1201543130739142,0.3360750820025725,0.2016585378943386,0.389256720323091
bc2133be74f529e455621b2e2f9b1d3c381f27b5,1.0,0.0038601311248896535,0.0037431199266366624,0.003992358228219051,15.440524499558613,14.97247970654665,15.969432912876204,14.78766970054956,15.440524499558613,1.0441485921872322,0.00585285119452578,0.0004960986656861856,0.010969664677625716
bc29a43ee8781e6e7e80f8a7cfec8770c467893c,1.0,0.0007302796805794187,0.0007019308852160326,0.0007553636155889916,2.921118722317675,2.80772354086413,3.0214544623559663,1.64950154766538,2.921118722317675,1.7709099615287276,0.03343619903825407,0.01224599519421532,0.05006650947620138
bc30f7ca6c01790554352ac3bf6201533919d3e2,1.0,0.0035755189523600166,0.0034057712111497706,0.003709530153379746,14.302075809440066,13.623084844599083,14.838120613518983,8.328258943704654,14.302075809440066,1.7172948038858746,0.02314572733157766,0.018395747878428525,0.02678291039641899
bc37336d244cc1c38d87eb6bebf1554ef5a53c5b,1.0,0.0014229733926440986,0.0013332190391713936,0.0014950114823313804,5.6918935705763944,5.3328761566855745,5.980045929325522,5.6918935705763944,4.9647700218637505,0.8722527855279256,0.09122738085963737,0.0,0.18299812136898544
bc45d4395d36559bfd1b9be335d0664e1f84d00d,1.0,0.0007929397768794688,0.0007231003132768607,0.0008463908161702901,3.1717591075178753,2.8924012531074426,3.3855632646811604,2.0104976253830906,3.1717591075178753,1.5775990319379323,0.30567233675673083,0.25564233226681243,0.3569968836528266
bc46b86fbb4de7293f6dad2327ebde8eb204d6bf,1.0,0.0014816684152721706,0.0014269766789825145,0.0015416590974861803,5.9266736610886825,5.707906715930058,6.166636389944721,4.956158847946072,5.9266736610886825,1.195819957131683,0.07437301872546206,0.04639640371756074,0.10662601045707036
bc4f73d462e2b65f8587dfbc3673c64a85fe232c,1.0,0.0023270948506454526,0.0022755555177749144,0.002402849450181185,9.30837940258181,9.102222071099657,9.61139780072474,8.60711155109575,9.30837940258181,1.0814753994209338,0.09087493695554465,0.06439611391413097,0.1154990863515746
bc50d7fbbb711895108d48abd54b23a91ce3008f,1.0,0.003608549802267849,0.00343247936297187,0.00380393640616276,14.434199209071396,13.72991745188748,15.21574562465104,9.408129036148589,14.434199209071396,1.5342263221105152,0.04869982829994964,0.03374170361208868,0.061124247544718534
bc52bea03faabeed4fc3c589ea3b5101ce239e1b,1.0,0.0013470259029573185,0.0012810944330935365,0.0014412162286196201,5.3881036118292736,5.124377732374146,5.764864914478481,4.836761864562592,5.3881036118292736,1.1139898474858119,0.015541213367180185,0.0,0.026783010288829914
c04d2b03dfe2a5da91c1d55ff0bb59553d574cb4,1.0,0.0015600888117251297,0.0014797244815607478,0.0016611825494995153,6.240355246900519,5.918897926242991,6.6447301979980615,4.15317237573256,6.240355246900519,1.5025514672503353,0.03041962238966862,0.021422579391604725,0.04307876936898571
bc5ca31efae215f1845a68c133e9cc40c25b4b81,1.0,0.004433726977349361,0.004017849144812355,0.00463902978630485,17.734907909397442,16.07139657924942,18.556119145219398,17.734907909397442,15.958685863398301,0.8998459955318996,0.04398003062387386,0.013276104452351369,0.07004875911379212
c04e2a24c0c71bcff4465f92fdf30544a77d0ae4,1.0,0.0006597306784779186,0.0006189567801443105,0.0007219354970888431,2.638922713911674,2.475827120577242,2.8877419883553723,1.9694127488085393,2.638922713911674,1.3399541134829034,0.4698164171588152,0.40997972020741175,0.5384889974775922
c0518aff4720ac7395a23ec1eb6887fb01f8c057,1.0,0.0017087612403824464,0.0016263164220309202,0.0018554425693137599,6.8350449615297855,6.505265688123681,7.42177027725504,6.8350449615297855,6.613217690657564,0.9675456018035361,0.30495006071996666,0.18748449298761474,0.36455031047141073
c05776485068e0908bee30203823bf79d94b959d,1.0,0.0016471451144100034,0.0015752765472618925,0.0017304305859284332,6.588580457640013,6.30110618904757,6.921722343713733,5.906090240857941,6.588580457640013,1.1155570248589584,0.22999575858284682,0.18286468973106892,0.2703754609911515
c08e14bb65ca5c26d0ec642e7f96b645991bbcfc,1.0,0.001784780874583039,0.0017014260218046304,0.0018839261951369283,7.139123498332156,6.805704087218522,7.5357047805477135,4.909607151150452,7.139123498332156,1.4541129826770902,0.042901739890228274,0.02968872985391999,0.0546600658181245
c0986ef9be7a07b459daf5a380901833ae53e679,1.0,0.002414693336529581,0.0023404583828258675,0.0024969531717740053,9.658773346118323,9.36183353130347,9.98781268709602,7.522331955133198,9.658773346118323,1.284013176196941,0.06306229153747302,0.0435135837974725,0.0866663056763409
c09f4cde14e4ebf49467f71c810e47d057ea3fd4,1.0,0.0035697257178048487,0.0034223336690136358,0.0037325968694226818,14.278902871219394,13.689334676054543,14.930387477690727,14.278902871219394,12.829593266802904,0.8984999325587035,0.07488672483382773,0.024219524127191038,0.137333434838917
c0a7117ff14088b62d552a45bc0276cda731e44e,0.0,7.155564707445103e-06,0.0,2.7872631577670435e-05,0.028622258829780412,0.0,0.11149052631068174,0.028622258829780412,0.0,0.0,0.0,0.0,0.9961251444606298
c0a1fd554c235ffaeba13ac33b065fff963a71de,0.0,1.9567690648865894e-05,9.352620877791325e-06,3.827877155908655e-05,0.07827076259546357,0.0374104835111653,0.15311508623634618,0.07827076259546357,0.0,0.0,1.0,1.0,1.0
c0aa9ccbb59a017c522d97924720d4a69f6132e4,1.0,0.0006246519104643864,0.0005870645362926418,0.0006475907880186729,2.4986076418575456,2.348258145170567,2.5903631520746915,1.6416495700553162,2.4986076418575456,1.5220103531433653,0.49171521623480247,0.3750076671203645,0.572833626919993
c0af6fe344da89569857a7e3abe3e73ffd749fcb,1.0,0.002644297310025764,0.0025565047889004656,0.0027945536769768344,10.577189240103056,10.226019155601863,11.178214707907337,8.007007975508397,10.577189240103056,1.3209914705288486,0.04159176816463672,0.022300782303631087,0.06266983424275592
c0b55152cfb5742f0f806ca938a1148e933dbe2d,1.0,0.0006456774054297297,0.0005820955814793572,0.0007164680024631412,2.582709621718919,2.328382325917429,2.8658720098525645,2.582709621718919,1.6118107216535662,0.6240774061858444,0.4186386586173167,0.20668378254577974,0.544041495015076
c0b5b1aa51bbce6a0bba36333d704fd14200d2f4,1.0,0.0029342253816410503,0.0028228420022555645,0.0030499218838256964,11.736901526564202,11.291368009022259,12.199687535302786,9.675158112665152,11.736901526564202,1.213096611950987,0.06941374876434145,0.048530402576095096,0.09999271917036226
c0b6724f62a51bb3a85c0f7515e9b74310d018f3,1.0,0.001768119492672791,0.001662628108582105,0.0018508617956824456,7.072477970691164,6.65051243432842,7.403447182729782,5.553432720206456,7.072477970691164,1.2735326647530243,0.05796599116443611,0.009307276683682954,0.1019060866638682
c0b97314295ccfa7c331b11277a659abd5d1f21d,1.0,0.0010225381459320493,0.0009839874193820215,0.0011995007780812826,4.090152583728197,3.935949677528086,4.79800311232513,4.090152583728197,3.944969879301738,0.9645043304731374,0.13291705397111858,0.0,0.27063530684467263
c0bba8662d4082652bbfde2e2ac586619874603d,1.0,0.0006198388842130576,0.0006086375439594332,0.0006339446041455922,2.4793555368522306,2.434550175837733,2.5357784165823687,2.0262505418021055,2.4793555368522306,1.2236174578130614,0.09912244058716346,0.06585524119994828,0.1339880576079381
c0be8a1042ab355293645d7a14db7933d18fd46b,1.0,0.0020254826197336193,0.0019563549741882704,0.002103829259598516,8.101930478934477,7.825419896753082,8.415317038394065,7.165030187322526,8.101930478934477,1.1307601317953495,0.0992382437385914,0.06661748760786754,0.1329555705748137
c0c67a83dcbfdd0f39d8a1a51e6805607662f690,1.0,0.0029689295207637042,0.0028223957774249106,0.0031984543050961292,11.875718083054817,11.289583109699642,12.793817220384517,9.586634403117468,11.875718083054817,1.2387786561666485,0.06480535822935843,0.03349803498829251,0.08626280537672386
c0cbc8772715302d8dbd790f7061a512c236a419,1.0,0.0012642493264669213,0.0012385314676452129,0.0013390085490727602,5.056997305867685,4.954125870580851,5.3560341962910405,5.056997305867685,5.0055070777212105,0.989818023417428,0.0638422762056534,0.038935768044969905,0.08671119779883021
c0d93ad4e6d498dd2530dee0f99caa8079eb6d3d,1.0,0.001805649654368666,0.001737478494823818,0.0019320248910392618,7.222598617474664,6.949913979295272,7.728099564157047,7.222598617474664,7.11605825246378,0.9852490259180241,0.16098032717180996,0.09289392183593173,0.20775356022273492
c0d93b378488e7a544ff3d1ccb0501998e3cff05,1.0,0.0010086134971652955,0.0009401191106361503,0.001074006023330445,4.034453988661182,3.760476442544601,4.29602409332178,4.034453988661182,3.787736493657158,0.9388473643032185,0.2045798932388887,0.14631825299333406,0.2706887419625274
c0e37d4c3589ed6bf1e09dc9212c3ea60d863836,1.0,0.00192506938714275,0.001862337155959048,0.002016413816089537,7.700277548571,7.449348623836191,8.065655264358147,5.3756460272576,7.700277548571,1.43243761020093,0.04432069810122229,0.03530139057864703,0.05859679430858108
c0e5140f9635580671db8eadf79e72a43b8aefbc,1.0,0.0034484166764355783,0.0033230517773903383,0.003560692250701517,13.793666705742313,13.292207109561353,14.24276900280607,10.269018336048761,13.793666705742313,1.3432312860247302,0.025193699511773426,0.0,0.07904945738199783
c0ef51457e2bf1d48a713eacd00fe6da9b73a861,1.0,0.0004078664875930538,0.0003944416805140341,0.00042624517064008784,1.6314659503722153,1.5777667220561364,1.7049806825603513,1.343625248959827,1.6314659503722153,1.2142269220046447,0.08286497419485898,0.027659997180538704,0.12115752386157064
c0f416bac4f3bb73d054599c16403f49a12d78ee,1.0,0.0017706087799996219,0.0017280608465963267,0.0018234640339093086,7.082435119998488,6.912243386385307,7.293856135637235,5.89692422899673,7.082435119998488,1.201038854318712,0.0,0.0,0.023762997131717832
c10201a56c0445579cceaf19b9af2f7666ecba72,1.0,0.0011573096296296297,0.0011171789747129112,0.0012232698692160563,4.629238518518519,4.468715898851645,4.893079476864225,3.0534875720013597,4.629238518518519,1.516049569340267,0.05292405931053659,0.041707802288754446,0.06405927710573295
c10b28d1f0841087d317386c20e165909bfa9fe1,1.0,0.0023055768381110816,0.002209238978044912,0.0023909148065458575,9.222307352444327,8.836955912179649,9.56365922618343,7.319139095509608,9.222307352444327,1.26002624517716,0.11584475517942022,0.09617533427352476,0.1448906075639102
c11290166ca5cb42b1e8229e21715c2347690cb4,1.0,0.0037888348641136956,0.0036591677147057504,0.003978780967360784,15.155339456454783,14.636670858823,15.915123869443136,7.668899673572733,15.155339456454783,1.9762078135772925,0.10750233020281223,0.03383872828992314,0.15663268119114943
c1136f3b74e4bdc4eba34ddedf06975e64978283,1.0,0.0024642709534056003,0.0023307938931383504,0.002608685865058248,9.8570838136224,9.323175572553401,10.434743460232992,7.248328339984003,9.8570838136224,1.3599113273122165,0.07744028821209203,0.044728911415611604,0.1048732262415113
c11391439ea0868f78772c1faaf368c99a39f0a3,1.0,0.0017342084116712996,0.0016517600020843329,0.001820198460441555,6.936833646685199,6.607040008337331,7.28079384176622,5.29286420934368,6.936833646685199,1.3106010984448386,0.1285988153040859,0.09807218803684727,0.16244486852179693
c1164397f16345de854290ded9da072b7511eff1,1.0,0.000351350992911143,0.0002462228275209849,0.0006855787983321141,1.405403971644572,0.9848913100839395,2.7423151933284564,1.405403971644572,1.043896714605926,0.742773420075355,0.07160745486313344,0.0,0.5062042150922728
c116798c197d68b4fb69c90459edf64844ef2b56,1.0,0.0011302612537214918,0.00108279577793092,0.0011953797462937574,4.521045014885967,4.33118311172368,4.78151898517503,4.521045014885967,4.2485033179545075,0.9397171016802331,0.16084904461835559,0.09530636608030994,0.20664695516212866
c11aa6e184835e8cb7b84ff607e24be844f903b2,1.0,0.0008637550172495279,0.0008012123729675515,0.0009500508593265341,3.4550200689981114,3.204849491870206,3.8002034373061364,3.4550200689981114,2.6832991155019372,0.7766377797857602,0.3900702215877891,0.3049099612598227,0.44692742929325746
c11eeb1bc0933203b32fd215782d305dd9c70ac7,1.0,0.004096725196856751,0.003967568368948785,0.004218877038383384,16.386900787427006,15.87027347579514,16.875508153533538,13.26837319067282,16.386900787427006,1.2350346611404024,0.05208807995963915,0.022701806167412488,0.07504505277166923
c1247208cad8f34b0574a3f08f674e1e2a78a00f,1.0,0.0005099758522030737,0.0004853946853063829,0.0005342723238001334,2.039903408812295,1.9415787412255316,2.137089295200534,1.7769813554586926,2.039903408812295,1.1479599392227355,0.1755066008878684,0.05455323453599703,0.2646067723399867
c13f31112eb4b9c50ee8bbdb3f1bfe030fcf04b2,1.0,0.0008504824976348155,0.0008226095751448961,0.0008768576385949823,3.4019299905392617,3.2904383005795843,3.5074305543799293,2.9144194466246147,3.4019299905392617,1.1672753537515905,0.1836669190651915,0.1461242824922173,0.2244521257512659
c142b636c697898a1d76e37398b78079e6705cba,1.0,0.0012807923475045581,0.0011222220821934048,0.0014249207102375436,5.123169390018233,4.488888328773619,5.6996828409501745,5.123169390018233,4.258097408041038,0.8311451532985294,0.28877189422086236,0.24630614430639963,0.3311897982921566
c1478191f0e9a3c6d0afa83fdec40607788f3731,1.0,0.0015566515751479122,0.0014696350906169416,0.001642368973613973,6.226606300591649,5.878540362467766,6.569475894455892,4.0711782293023155,6.226606300591649,1.5294359396441144,0.035049252266911496,0.02535953822400213,0.043680667021704936
c14d36e35830179ee3a5a7c93b37d20028a43b87,1.0,0.0016255834805532535,0.001596242432383648,0.0017548777323230988,6.5023339222130145,6.384969729534593,7.019510929292395,6.5023339222130145,6.450813151909621,0.9920765726707159,0.3091186320388566,0.21872361061504447,0.3858293536686155
c14f24c38738160c79d4a1aba1c0ba231c3c3cf0,1.0,0.0023678924353240506,0.002306430741042406,0.0025094545018096094,9.471569741296202,9.225722964169625,10.037818007238437,8.88132219276696,9.471569741296202,1.0664594230136077,0.21265187298983243,0.15866520225178055,0.2621199210972395
c15421c1182923d462490cf5b6b0efd9ae397eb9,1.0,0.001517998362202558,0.0014884887014029859,0.0015504386476199283,6.0719934488102325,5.953954805611944,6.201754590479713,5.752037304687744,6.0719934488102325,1.0556248381528635,0.0335198982913915,0.006444362961330109,0.0579256180805515
c15a1baf51a365f6f30c8a266aabbd3b45b2e47d,1.0,0.001136696167296816,0.0011019795534795926,0.0012454476679795697,4.5467846691872635,4.407918213918371,4.9817906719182785,4.5467846691872635,4.530958005388702,0.9965191525550317,0.08252629301507074,0.013551456397371592,0.13708726925265316
c15cadb0f410de21543f6ff99cdd51f44b7ac80e,1.0,0.00237037216616573,0.0023059567305385685,0.0024938868893716443,9.481488664662919,9.223826922154274,9.975547557486577,9.481488664662919,9.30213842868123,0.9810841691294618,0.13573205267182628,0.10252541060001993,0.160568828930725
c16b911215a2c4f7f434a2ae7c2de8754c1db5c3,1.0,0.003686134170308879,0.003544120576073409,0.0038159245285680574,14.744536681235516,14.176482304293636,15.26369811427223,11.635851477213503,14.744536681235516,1.2671643936079584,0.024731822594431286,0.014199788873143233,0.03509501489436033
c16bfe5fec16676c192ace760d9c79da1f30e956,1.0,0.0015539677038756128,0.0014820672118035741,0.0016386687508300852,6.215870815502451,5.928268847214296,6.554675003320341,5.68498380763917,6.215870815502451,1.093384084427805,0.1741893067044199,0.14383361795337948,0.2025929642951816
c16c2f41f008df0b422a5dda994095ae6853a4e2,1.0,0.002674816098646718,0.0025088664995841616,0.00287407800333514,10.699264394586871,10.035465998336646,11.49631201334056,4.568782945817541,10.699264394586871,2.3418193688499547,0.10096631253003044,0.05934344353572604,0.1436187272708393
c170156b0535ee1276dae67383b43fad9630542b,1.0,0.0006532852190623214,0.0006104699848022494,0.0007025218769890779,2.6131408762492856,2.4418799392089974,2.810087507956312,1.9204250458921124,2.6131408762492856,1.3607096417737978,0.12014059377823147,0.0,0.2301720211819293
c174821dfb3e979096331498a20f311dcaa58ffc,1.0,0.001968522756112669,0.0018796617271917711,0.002076108670021755,7.874091024450675,7.518646908767084,8.30443468008702,5.556365313240877,7.874091024450675,1.4171298286825442,0.08196806456501231,0.057922407881816615,0.11028312323489216
c179211674eb49cdde148147329a69a5f559fea0,1.0,0.0019401758919911207,0.0018491129832857668,0.002032209844346639,7.760703567964483,7.396451933143068,8.128839377386557,7.092995716208315,7.760703567964483,1.0941362265636758,0.10670166500054118,0.05472318892381031,0.14572776042129154
c17bf6f000426abfc7f9716f5acc127ea225f5f6,1.0,0.004554591274071091,0.004323291690069255,0.004839383707901139,18.218365096284362,17.29316676027702,19.357534831604553,14.631314547519981,18.218365096284362,1.2451625612390644,0.0006460317958391858,0.0003343420186807463,0.0010198040237214278
c17f025c329cab6a326be31f7c60dc3840ab1146,1.0,0.0022889448117588197,0.002203398941101229,0.0023825765691132873,9.155779247035278,8.813595764404917,9.53030627645315,8.11597768709708,9.155779247035278,1.128117843595269,0.029500703054437978,0.0,0.08489338023756156
c199609bfaace58a38f41843c4ea9d286de882c1,1.0,0.0009359350224613693,0.000890104290922811,0.0010802546197730726,3.743740089845477,3.560417163691244,4.321018479092291,3.743740089845477,3.5793749091651357,0.9560959957860948,0.36643265692200827,0.19860027705687044,0.49243183248794825
c1a1add1f84dd5cf9b0f239a2aa45242ecb4efdc,1.0,0.002119361234131957,0.0020478460898747343,0.0022544281831800923,8.477444936527828,8.191384359498937,9.01771273272037,8.069038462236817,8.477444936527828,1.0506140200226282,0.0508427829342708,0.02726587117914841,0.08315330081335263
c1c2492e30448f9c5ab48167bfcd27e14a8159aa,1.0,0.0019283609267556365,0.0018928697405219987,0.002322556725406026,7.713443707022546,7.571478962087995,9.290226901624104,7.617608196534343,7.713443707022546,1.0125807875668642,0.0,0.0,0.07611964198802759
c1c41e256ce8ef0ce81833502731dc3bab7d1122,1.0,0.0011937842257460053,0.0011263949746954697,0.0012715346065325377,4.775136902984021,4.505579898781879,5.086138426130151,4.775136902984021,4.439056926180453,0.9296187766693037,0.178498092504258,0.14324253928819167,0.2088100813102352
c1ca4fc3d50e4da6a19e44f1ff12aaddd7c18896,1.0,0.0011839003555973576,0.0011399390988456038,0.0013105072686440925,4.735601422389431,4.559756395382415,5.24202907457637,4.280442709798575,4.735601422389431,1.1063344946888154,0.3724896499759495,0.24011429327843864,0.4901417528232531
c1cd02ff031f385d361d2bf42e5556775198a434,1.0,0.002409508875078504,0.0023104006322942267,0.0025177320318154764,9.638035500314016,9.241602529176907,10.070928127261906,6.549319288746387,9.638035500314016,1.4716087390753618,0.044464531538439434,0.030436705048012398,0.057280757424274006
c1e136230b5d4e50e0e515db45c409187346c013,1.0,0.003621183223270917,0.0034894468091765103,0.003707524716306672,14.484732893083669,13.957787236706041,14.830098865226688,13.027437576540452,14.484732893083669,1.111863542464213,0.07107382226722603,0.04896201138405699,0.09406432731001299
c1dd5053b6a506d06dd5a5f49ad525c72e63eaa1,1.0,0.0016846741918297048,0.00161089134269841,0.0017514745933816947,6.738696767318819,6.44356537079364,7.005898373526779,4.28676674996724,6.738696767318819,1.571976540914039,0.1460033525673356,0.0646060623721098,0.20601114553176908
c1e2315526ba6542a8845e9b4335f54c9919ebd2,1.0,0.0017333042414123497,0.0016660790528988474,0.0018139535132313419,6.9332169656493985,6.66431621159539,7.255814052925367,5.903383084359199,6.9332169656493985,1.1744480862200368,0.02240375803044279,0.010427142754526875,0.02983563864859945
c1e4cb598d65777415e78f588bd27e1c9063b75a,1.0,0.0011453683209003678,0.0010885578129533793,0.0013703187262283497,4.581473283601471,4.354231251813517,5.481274904913399,4.581473283601471,4.443282577858156,0.9698370595681649,0.025818962423064844,0.0,0.1020887944551832
c1e787e1ee78d81bdba4efc168d9770fa4d85f47,1.0,0.0017477845960312329,0.0016144393652179035,0.0018398990426858515,6.991138384124931,6.457757460871614,7.359596170743406,6.991138384124931,6.289300253193895,0.8996103220435846,0.22810093329910835,0.19224983563651588,0.27405177390354174
c1e86440db3ee98d0fdbf92ac49aedcaffaa63f9,1.0,0.0020806053437066804,0.0020471754042501807,0.0022478438228486952,8.322421374826721,8.188701617000723,8.991375291394782,8.322421374826721,8.318418139972314,0.9995189819555982,0.09664689066471101,0.06102828457816031,0.11890914903552718
c1f3cf650e1ac71c140dc21ace77189d2f2e7e13,1.0,0.0007547559327939934,0.0007247717371226626,0.0008062858613025433,3.0190237311759733,2.8990869484906505,3.2251434452101733,1.6874209446918653,3.0190237311759733,1.7891349166151709,0.2155030031776457,0.13870975581156697,0.26930793941271114
c1fa53116193a8491bcd1467aebf47757a74e12e,1.0,0.0013100601008003037,0.001283755146925295,0.0013428966846230372,5.240240403201215,5.13502058770118,5.371586738492149,5.072687390533467,5.240240403201215,1.0330304234754208,0.15277262014849122,0.07372363628454727,0.20792975721951998
c1feb624dd6b99040443e9d00c306a41f0ae8ad5,1.0,0.0022233690799253426,0.0020971567219817944,0.0023289753055353974,8.89347631970137,8.388626887927177,9.315901222141589,7.181760257821162,8.89347631970137,1.2383421334645772,0.14825826047322663,0.1262718481438447,0.16888589046845529
c201c091cd1edef9a1ac7fc134059aa6324384eb,1.0,0.0010846897554987018,0.001039670741504723,0.0011271199336397746,4.338759021994807,4.158682966018892,4.508479734559098,3.1526071286450614,4.338759021994807,1.3762447539283256,0.18674759278559827,0.11319217630167841,0.2532971975150845
c203577cf56822ae6dc254ab7238bc992d98eec5,1.0,0.001953032600629612,0.0018617203988708822,0.0020369625597815686,7.812130402518448,7.446881595483529,8.147850239126274,6.328071826717101,7.812130402518448,1.2345198689963752,0.022454475033505877,0.011726767428346411,0.03346599589364346
c20fe2daefbd9b72514b6f0911f4838c7f774897,1.0,0.0022317408484271834,0.0021448488025544157,0.0023646356086541418,8.926963393708734,8.579395210217664,9.458542434616566,8.524722447085619,8.926963393708734,1.047185224987663,0.23865382805884014,0.18154331019579845,0.2966563278103411
c22653644e402067985834db96c3306e3fbb7394,1.0,0.002889644212184122,0.002761917988868323,0.003077700285873197,11.558576848736488,11.047671955473293,12.310801143492789,8.264098636260066,11.558576848736488,1.398649430201785,0.01792701053466508,0.007177442214795623,0.03287183750448831
c22673c2611d513ab18c87c2b9bf9c0d64afea85,1.0,0.0018782794442517299,0.0018090962195677022,0.0019490820436142086,7.5131177770069195,7.236384878270809,7.796328174456835,6.257665740430294,7.5131177770069195,1.2006262540463366,0.019950458700791537,0.0,0.06949434383218708
c24667a55c60921e537323dd35352630a37d0fac,1.0,0.0004148400764828855,0.00035795720596029933,0.0004945134788206557,1.659360305931542,1.4318288238411974,1.9780539152826226,1.659360305931542,1.2864701763199458,0.7752807944852815,0.20468044267565108,0.0,0.362729924854627
c246b24cb9ebd46b0fe490854ab8486c1145eb6d,1.0,0.003973791040435988,0.003909549884363849,0.004142520592129978,15.895164161743951,15.638199537455394,16.570082368519913,15.895164161743951,15.869265613562442,0.9983706649445093,0.04624899938917417,0.03583592805245393,0.06499868727987343
c25986577c5d2494fb733f2e3901524a0de06c5f,1.0,0.0009616792074661207,0.0009175253414977672,0.0010064465147250371,3.8467168298644827,3.670101365991069,4.025786058900149,1.9507374272566746,3.8467168298644827,1.9719295770492942,0.0602714890324667,0.046021553138101474,0.06977401502546025
c262bb28c11907eae22992243f4b57d6726a436b,1.0,0.0032755340732094585,0.0031772583926111923,0.0034207449249784006,13.102136292837834,12.709033570444769,13.682979699913602,13.102136292837834,12.791835244285402,0.976316759220246,0.0501587750199352,0.023166074049181147,0.07833527038987512
c266eff57c377b9be05618f2096010a0de64355a,1.0,0.0011864547000702524,0.0011435868252460061,0.0012199864614556805,4.745818800281009,4.574347300984025,4.879945845822722,4.065629706764578,4.745818800281009,1.1673022735899194,0.01701148455924653,0.01043753934512215,0.0227589786554719
c267ddb4ed66f027e40df0c7f3b506737ab884c9,1.0,0.0016465604696021313,0.0015685610503061002,0.0017291103464219069,6.586241878408525,6.274244201224401,6.9164413856876275,4.281661385269763,6.586241878408525,1.5382444536756759,0.13074731994427813,0.062116673662579384,0.20036008521580262
c267e0810be73760cb725b5619dde9054fda34be,1.0,0.001887759909698535,0.0018173040498117268,0.0019755918002673897,7.55103963879414,7.269216199246907,7.902367201069559,5.7404125139019415,7.55103963879414,1.3154175976913298,0.08258797896824492,0.0556583069604773,0.09950649916666081
c26d61a65bf0d7b452ea32f62edfb105fc805f9f,1.0,0.0003711161822731088,0.00035357300050754104,0.0003880738256464809,1.4844647290924353,1.4142920020301641,1.5522953025859236,0.6557069024748253,1.4844647290924353,2.263915056391264,0.1577358753616117,0.0686131320105774,0.27459068277284093
c2706a01ed5774638bf7f5f5443a345f0855435e,1.0,0.00066620324337642,0.0006356846911300856,0.0006961107208170667,2.66481297350568,2.5427387645203425,2.784442883268267,2.175706235517819,2.66481297350568,1.2248036660479826,0.11100128048708852,0.08450697553892805,0.1458199313207054
c274bfa2f22fac6dec9a7c6da38ee5b51b8a5dd5,1.0,0.0010733502301948754,0.0009636469315233982,0.0011742263866339983,4.293400920779502,3.854587726093593,4.6969055465359935,4.293400920779502,3.375208003946776,0.7861385568748561,0.37124056698394936,0.28542453172186527,0.46886127961203794
c2771192944bd1b475dbe3e20bdf03429619c922,1.0,0.0012336903459983406,0.001155335821843728,0.0013187072077458432,4.934761383993362,4.621343287374912,5.274828830983373,3.268429339851489,4.934761383993362,1.5098265469057344,0.3862780939345915,0.3154844311651603,0.44768180240265926
c27584e488c6d034b62d00619517c78bbca250c8,1.0,0.0025559529500095066,0.0024655698438039433,0.002671763553057878,10.223811800038026,9.862279375215774,10.687054212231512,7.709757655370933,10.223811800038026,1.3260873113068217,0.03292551709208949,0.02610444752359573,0.045086772215513
c27bfe29e4fdcb86220e64076511b65c9de4e983,1.0,0.001338137581864393,0.0012755459726185622,0.0014019953835256948,5.352550327457572,5.102183890474249,5.607981534102779,5.352550327457572,4.474113297559579,0.8358843960061847,0.1811011022212275,0.08503306398810118,0.23769735198422517
c27d3fe29c12627eff16767fc698e9180f55c825,1.0,0.0026281387040879645,0.002513003314490123,0.0027536607552412573,10.512554816351859,10.052013257960493,11.01464302096503,7.242451569797939,10.512554816351859,1.4515188282639984,0.05714775533617246,0.04182620782539182,0.07157543423867788
c2abc645792ebecb5cf4c82658d391db85e7f68b,1.0,0.0016503076712770404,0.0015684903110934764,0.0017464482066287075,6.6012306851081615,6.273961244373905,6.98579282651483,4.462935934360466,6.6012306851081615,1.4791228873094076,0.1204475936113772,0.06854151988907725,0.14955147524793552
c290d4ee0a1887a2b9eb07fc6b0270dd1866cb7b,1.0,0.002294846894147812,0.002145555106977577,0.0024334635152755647,9.179387576591248,8.582220427910308,9.733854061102258,9.179387576591248,8.361444681982196,0.9108935222764835,0.0835914809194958,0.03243942066174174,0.11875664711485902
c2c2afa47a0e52992add7632a13f1298ffac5196,0.0,0.0002762962441621279,0.000192861220489364,0.00033940567161249937,1.1051849766485116,0.771444881957456,1.3576226864499974,1.1051849766485116,0.0,0.0,1.0,1.0,1.0
c2b50d7efeed53b6a3db83c46f177acb7433b989,1.0,0.0017571257935648614,0.0017216447656407212,0.001849582422492354,7.028503174259446,6.886579062562885,7.398329689969416,7.0041290734639965,7.028503174259446,1.003479961682573,0.2159186706815909,0.16046307605994278,0.2595055987916076
c2cd438fe36d5c393ff2b465dcf2e71c1896de62,1.0,0.0003286365289306357,0.0002698325718647771,0.0003867707757222524,1.3145461157225429,1.0793302874591084,1.5470831028890097,1.3145461157225429,1.086715815057442,0.8266851973162818,0.3764704323427205,0.26627772848666875,0.4296493024578333
c2d690a7d5c45485009c4d1751fa1cd621fd6aa2,1.0,0.0019622952459811493,0.0018642829593428897,0.0020910914151786733,7.849180983924597,7.457131837371559,8.364365660714693,7.050055462035851,7.8491809839245965,1.1133502461352243,0.034883659509283495,0.017099928285251545,0.05143800908145664
c2e3be86662b1438c30f4f002cc2c8997b96bc6d,1.0,0.0020416170344819354,0.001965949425465156,0.0021282324643535416,8.166468137927742,7.863797701860624,8.512929857414166,6.789147139294737,8.166468137927742,1.2028709895917917,0.07117069602826545,0.0,0.11960037229878177
c2e5817a053e41fd289a9a08a6a0734e41705281,1.0,0.0020949100786478952,0.0020022168189535172,0.002207221307314897,8.379640314591581,8.008867275814069,8.828885229259589,5.1023720128012275,8.379640314591581,1.6423028923739955,0.014314214463840402,0.005951117305053948,0.021894227140580043
c2f2769ed8fc9c8ef9c501fcd0af917ba0bf5558,1.0,0.001108165207713393,0.001073554673735102,0.0011475963752274885,4.432660830853572,4.294218694940408,4.590385500909954,3.375621283892957,4.432660830853572,1.3131392588393618,0.12280756088244707,0.08031086321353822,0.16650333875775095
c2f61b4b019cc8bf24902d5fda03172cbcee886f,1.0,0.002520468663046915,0.002452664845866165,0.0026243872790850243,10.081874652187661,9.81065938346466,10.497549116340098,7.463522051389576,10.081874652187661,1.3508199724968446,0.11640782850241654,0.09755135408474741,0.14381080187215667
c3103d26222234db7f998593e5fca8f77caf0391,1.0,0.0007699340752710216,0.0007509172641200467,0.0008031984159813742,3.0797363010840866,3.0036690564801867,3.212793663925497,2.9239435025833123,3.0797363010840866,1.0532817403493369,0.3308934906596427,0.2880733106879565,0.3602061054581519
c310b6b8a00b5c1103e2e56cb539d84bf7b3cb0b,1.0,0.0014184369959168537,0.0013256419440203482,0.0014695501772271462,5.673747983667415,5.302567776081393,5.878200708908585,5.08430652974172,5.673747983667415,1.1159335005624924,0.1253765609163582,0.09229262991603729,0.16323555532543707
c311b0b755c5df3fd4244be699811bbafc7c4faf,1.0,0.0019482969405492947,0.001881103883561794,0.0020065461996469475,7.793187762197179,7.524415534247176,8.02618479858779,6.886460499504262,7.793187762197179,1.1316681135044904,0.096027279542638,0.0739139746551515,0.12619897025784374
c32749b805b87f422e7b5d845f55c45033988f90,1.0,0.0005910169323870842,0.0005689647595184338,0.0006181060736142591,2.3640677295483368,2.275859038073735,2.4724242944570363,1.54760933506928,2.3640677295483368,1.5275610426855608,0.06180336254688288,0.03466829619003533,0.09444458924610143
c3282636504e84e3fc24e6b9da157d5b12862c24,1.0,0.002425588192961509,0.002352681653551183,0.002569407507736482,9.702352771846035,9.410726614204732,10.277630030945927,9.566336857594827,9.702352771846035,1.014218181554335,0.0798587625991436,0.05341835825701887,0.10841824723340762
c32d518d7126639c83752bf797d9bc71ad100148,1.0,0.0019453654146620633,0.0018807399899697247,0.002061507619701498,7.7814616586482535,7.522959959878898,8.246030478805993,7.420131968946262,7.7814616586482535,1.048695857595819,0.0760720452355952,0.05126297524554925,0.10301975845117609
c331e196f2c604b9acb17b2064476cf90cdcf472,1.0,0.001633849026927135,0.00160365375155085,0.0019041247321326213,6.535396107708539,6.4146150062034,7.616498928530485,6.362045831497867,6.535396107708539,1.0272475679682205,0.0,0.0,0.08345302554927968
c3342906f774f2dc2f2480103f4f352a406b9917,1.0,0.0019184652741983993,0.0018489416092089764,0.0019992173511096095,7.673861096793597,7.395766436835906,7.996869404438438,7.140038961504378,7.673861096793597,1.0747645969675135,0.2500847155565372,0.20038163871016507,0.3005662239150006
c338c07aa41ad9225f7abdd786074a86d6265bae,1.0,0.0023221248742697626,0.002196981555193854,0.0024948712066266837,9.28849949707905,8.787926220775416,9.979484826506734,9.28849949707905,8.25085956120239,0.888287668400804,0.18187866007716758,0.13252292046175151,0.22903815054499657
c33db6d2e45b7115d4396210b4acd60a83953495,1.0,0.0021289225548953112,0.0020530815600305987,0.0023009822297262264,8.515690219581245,8.212326240122396,9.203928918904905,8.515690219581245,8.239933025300843,0.9676177518005156,0.053215594617225116,0.0,0.09389724506937298
c34670eba1620a38a42f55efcb3f302ddfa4c6e9,1.0,0.0028446711902831313,0.002727877575845806,0.0029678507995215962,11.378684761132526,10.911510303383224,11.871403198086385,9.424433978721675,11.378684761132526,1.2073600161901632,0.020520561628470355,0.014515262413788288,0.025684289946121753
c375f179621f052233ee7c037db485bd276d4fce,1.0,0.0017816085450295285,0.001724248917932864,0.001844197957844075,7.126434180118114,6.896995671731457,7.3767918313763,5.818829285974031,7.126434180118114,1.2247195835932139,0.17531343567012628,0.13858236012650027,0.20731886281812134
c37f0e74ddef911fa314d99f4159d2bd6f29ecb1,1.0,0.0028210162056389932,0.0026834199843045014,0.0029356745974074426,11.284064822555973,10.733679937218005,11.742698389629771,6.951470785189943,11.284064822555973,1.6232629282707465,0.031685856280856795,0.023801893066654527,0.04519000614657074
c379d201919f95ebc68237020792543b6f330224,1.0,0.0020058496205517754,0.0019372659916755183,0.0021343007956378126,8.023398482207101,7.749063966702073,8.53720318255125,8.023398482207101,7.9033795063466314,0.9850413791454299,0.07793077650222674,0.0409203867305367,0.12093754362903059
c384071d12039a9c4896bb6c587f703d0ffc4ab9,1.0,0.0024575437633831743,0.0023589461139724584,0.002538520839076097,9.830175053532697,9.435784455889834,10.154083356304389,8.026333849667656,9.830175053532697,1.2247403656078586,0.09414544219939447,0.051165590509768065,0.16499688498879078
c3852fe7e25f8810ac6ee55b23cbc4f273a12311,1.0,0.004144988765904737,0.0039109876662532074,0.004443211978390399,16.579955063618947,15.643950665012829,17.772847913561595,16.579955063618947,15.652875207323092,0.9440842962035448,0.11296886220314997,0.07011329811140082,0.15868812398421422
c386cc702dff8cc39ec2019bac95545cd81ec492,1.0,0.003324779410207111,0.003122530950792596,0.0035118057957022413,13.299117640828443,12.490123803170384,14.047223182808965,9.219365139010595,13.299117640828443,1.4425198959259011,0.07100843705004281,0.05065756814709463,0.09228610340908679
c38a7d354182d6c155ad67945e72d1028abd9684,1.0,0.0016668384263026786,0.0016265721906077966,0.0017167188244754123,6.667353705210714,6.506288762431186,6.866875297901649,5.738475456133886,6.667353705210714,1.161868471195419,0.06360998471612025,0.04664926731401426,0.08370044601026544
c38b97bc72b411f6f705be5fd1dde4a18151ef29,1.0,0.002562167720636833,0.002458069731251505,0.0026530898223047143,10.248670882547332,9.832278925006019,10.612359289218857,9.544864301121855,10.248670882547332,1.0737366775704453,0.16951726197037384,0.12952653169951908,0.21598457110510524
c3902b52df33df09c3ae0774368f7c82ec42d34f,1.0,0.0017410346235719916,0.001668216691775423,0.0018083108195574113,6.964138494287966,6.6728667671016915,7.233243278229645,6.444449216904938,6.964138494287966,1.0806413798746044,0.006403659486382191,0.0012451845687920394,0.013033892911279956
c396bd40a5f401de7bc881f5aaae916be673e1f7,1.0,0.0027200104681459466,0.002661765161488049,0.002876362413418196,10.880041872583787,10.647060645952196,11.505449653672784,10.880041872583787,10.794031641298643,0.9920946782841087,0.11264065157483093,0.06680986878365022,0.15430265425759462
c3a7223fa460be68ef6bfb25e1f21f264093cea1,1.0,0.0019073846474325612,0.0018584374960373756,0.0019861221730172944,7.629538589730244,7.433749984149502,7.944488692069178,7.454530986106419,7.629538589730244,1.0234766753200168,0.09799538065978122,0.032307723226203885,0.15213789493159746
c3ad0a2b171442997d8959b70b358069b8b41a38,1.0,0.0014767155589634523,0.0014170242575752146,0.0015505954954698042,5.90686223585381,5.668097030300858,6.202381981879217,3.997047393837579,5.90686223585381,1.477806404037309,0.13561848430151416,0.10885062069430655,0.16387798828920044
c3b44eaee3e81701f4b45ed8b2335709b4b8c169,1.0,0.00178508274746826,0.0017383637317701268,0.0018680676579454181,7.14033098987304,6.953454927080507,7.472270631781672,6.737869786717361,7.14033098987304,1.0597312230564424,0.14317856273132779,0.10195865010168847,0.18852967000038512
c3c1bb5b1f7cb7a901f981c0908e1c3a1372a529,1.0,0.0013038093904422642,0.0012694972861737289,0.00134783224755134,5.215237561769057,5.077989144694915,5.39132899020536,4.388786946878064,5.215237561769057,1.1883095773147256,0.11805519232796917,0.08085276859776083,0.15151933316318003
c3c267c60113a5b75cd81fa03ec6f2142059f07d,1.0,0.0025249222807341323,0.002422375514765396,0.002594344200202456,10.09968912293653,9.689502059061585,10.377376800809824,7.955685322032396,10.09968912293653,1.2694932886506396,0.016843580705561818,0.009247218717259531,0.023651752019130414
c3c3739371283f674fcd17183fff1f56a1c008d9,1.0,0.0014660967338452654,0.0014331685711751108,0.0015225588626262268,5.864386935381062,5.732674284700443,6.090235450504907,3.6989995376914124,5.864386935381062,1.5853981260676482,0.03844139786901341,0.024333303580242084,0.04734207374798523
c3c977600060d191941a7230b4e179b60dbc661b,1.0,0.001974072667214878,0.001934940313040052,0.0020696167765150565,7.896290668859511,7.739761252160208,8.278467106060226,7.568657313150873,7.896290668859512,1.0432881741308808,0.005016280101447209,0.0,0.022927303624945175
c3cc564b5037f60c863c4ad34a0e3ee9d8e40ce2,1.0,0.0005056426761113363,0.000484426895238572,0.0005558543832219025,2.0225707044453456,1.937707580954288,2.22341753288761,1.7382198782795906,2.0225707044453456,1.1635873744852074,0.4562084655758585,0.2144867858110308,0.6085511482459206
c3cdc59d6f654231195794a93e3b49afbf127ae6,1.0,0.002891106053610119,0.002814124939385083,0.002946985426500729,11.564424214440477,11.256499757540332,11.787941706002915,10.179130612985082,11.564424214440477,1.1360915439760872,0.18977711560362026,0.15664831217770106,0.21685482818883645
c3d5d22bf7f3ee9f5c58e3f0eab1f70ee0640461,1.0,0.0012591688728096151,0.0012219049343072108,0.0013130220544191856,5.03667549123846,4.887619737228843,5.252088217676742,4.9302620971314175,5.03667549123846,1.0215837194880486,0.04125837630708519,0.024414708414829782,0.0627016249701597
c3d6a68a11a85b70149a62ce7bdb058c438acc7d,1.0,0.0007078533553884842,0.000677454093912909,0.0007421265287100169,2.8314134215539366,2.709816375651636,2.9685061148400678,1.8266906424823124,2.8314134215539366,1.5500234991658435,0.26307374762379065,0.22894828424021313,0.29262075522631376
c3d76ac622b30a874bc8683f240db54347b96118,1.0,0.0020858155286096617,0.0020007898607232316,0.0021727285236347975,8.343262114438646,8.003159442892926,8.69091409453919,6.311854881571151,8.343262114438646,1.321839977468214,0.015640660706410615,0.010390300960176412,0.021649843348860474
c3d87e1d2382053cd96d3d6c9d899401b91fd831,1.0,0.0019803203448325243,0.0019253247240295101,0.002052231305140579,7.921281379330098,7.701298896118041,8.208925220562316,7.82157519600769,7.921281379330098,1.0127475835523898,0.012449347025639785,0.006042865629326383,0.01918294520364982
c3d966cd33ac79c2aa66d62bc8819a2efc25c8c6,1.0,0.0006572572044269044,0.0006485474146377409,0.0006939120720146246,2.6290288177076175,2.5941896585509636,2.7756482880584983,2.524124033674199,2.6290288177076175,1.041560867308377,0.2047960145627813,0.15771241519111223,0.25179539996255473
c3e5dc6cd79ab1f36e75cda0c1ffecb89c928aed,1.0,0.0016421227922654856,0.0015687109359053051,0.0017151940817647614,6.568491169061942,6.27484374362122,6.860776327059045,5.167081340163741,6.568491169061942,1.2712188441867631,0.06133278851142648,0.040775947603287545,0.08677131448044753
c3f054913b86db4cc7ed897ca0ef81c86b25a43c,1.0,0.0012450048594906833,0.0011944896809035288,0.0013046034395038358,4.980019437962733,4.777958723614115,5.218413758015343,2.789554874951415,4.980019437962733,1.7852380258515146,0.18672037529734525,0.13390588844844914,0.23373148945446265
c3ff2c5576c8375767692bcae8d59e7cc5644ffc,0.2661489090577367,0.0005320551349843457,0.0004839252673019458,0.0005801852412507079,2.1282205399373826,1.9357010692077832,2.3207409650028317,0.05004841658985088,2.1282205399373826,42.52323419896077,0.25437529691211425,0.0,0.5147862855928819
c404af898d14f63410a139289089ab89e10b55de,1.0,0.002955506226186808,0.00277122572302418,0.003134375476727628,11.822024904747233,11.08490289209672,12.537501906910512,8.567281068426162,11.822024904747233,1.3799039403896876,0.18903520133775317,0.14443550350046516,0.24944580714795364
c40c0810ca93dc89c2d1a2b8338a79095535545d,1.0,0.0013174663256921813,0.001274378478995005,0.0013657600270466455,5.269865302768725,5.09751391598002,5.463040108186582,4.289064330188413,5.269865302768725,1.2286748104189023,0.0819011181004449,0.06169348222895896,0.10428218012099608
c4107e16eb6c02d4f0a6918097e13d15e8adfca0,1.0,0.0008022136352057492,0.0007866436491607879,0.0008261737795339759,3.2088545408229967,3.1465745966431515,3.304695118135904,2.7943113967681317,3.2088545408229967,1.1483525223904254,0.23899198186616147,0.18520108859935125,0.29575108207576806
c41abdee5fbebb73bec4966a484408ba845e6ef1,1.0,0.0010298447161518898,0.0009600790306625579,0.001083674508098922,4.119378864607559,3.8403161226502314,4.334698032395688,4.119378864607559,3.57103698606528,0.8668872428187016,0.29064420873694957,0.23220476589029726,0.3408652478148445
c41c81183dbe28dcaacb57ebf50026e86601daee,1.0,0.002634606783586058,0.0025552514209158913,0.0027408492478090286,10.538427134344232,10.221005683663565,10.963396991236115,7.073916567139664,10.538427134344232,1.489758471749327,0.12282008336687819,0.09810000077420167,0.15195992064098068
c4228ee97576909e49676869e5af8c1ee19c240c,1.0,0.0018487315719803435,0.0017469600975412074,0.001930407799366373,7.394926287921374,6.98784039016483,7.721631197465492,4.745643425556297,7.394926287921374,1.5582557779411168,0.054656503192998966,0.0431279162008406,0.07573743227442503
c42b4c317204e2840f31f6163262bc3be6640642,1.0,0.0014401932447178911,0.0013860713346487497,0.0014927124479413648,5.7607729788715645,5.544285338594999,5.970849791765459,4.859612397063652,5.7607729788715645,1.185438777453203,0.03537660893055774,0.0073173403750644616,0.06028549562542166
c42bf8cb64eb2e5b3b5c948638b5c789a8ddb842,1.0,0.002933309718655424,0.0028429574450266762,0.00309842912826981,11.733238874621696,11.371829780106705,12.393716513079239,11.627314107331033,11.733238874621696,1.0091099944761859,0.12058245420390146,0.09929523953461633,0.14419613461182218
c43d74d008dbde3c518f4826486cba8bf5c4e315,1.0,0.0007533896397379368,0.0005914710743501768,0.0008871881877291321,3.0135585589517473,2.3658842974007075,3.5487527509165284,3.0135585589517473,2.4155214576862583,0.8015511928616667,0.0,0.0,0.20983148161320772
c447753f94e89be22b042302fef0ed625637a89d,1.0,0.0035827003381310135,0.0034812930240607927,0.003735482095038265,14.330801352524054,13.925172096243172,14.94192838015306,11.582039163014757,14.330801352524054,1.2373297267278283,0.04294338394658176,0.029287021500206383,0.059293770182085724
c44d10b6de6f2781531ea4739c0ebd5b8837b816,1.0,0.0006581326706101446,0.0005701708098474305,0.0008776330907887639,2.6325306824405788,2.280683239389722,3.510532363155056,2.6325306824405788,2.282311114319488,0.8669646775792154,0.3311673303939696,0.08685433124086586,0.49456480874933834
c45e5e53399a7e565cd2cce21d69f9dbc9562628,1.0,0.0008996708054515247,0.0008616414366290316,0.0009243628162328725,3.5986832218060987,3.4465657465161263,3.69745126493149,3.0620506237253475,3.5986832218060987,1.1752526865241286,0.08601195059210212,0.05607996497823328,0.12131804849202017
c469269f16b1b25dfdb240eb044c209d159d6696,1.0,0.0012827479730820057,0.0012133918054468837,0.0013593864916655765,5.130991892328023,4.853567221787535,5.437545966662306,3.8958076331012013,5.130991892328023,1.3170547356424709,0.10421484920191314,0.06010849269817076,0.15188693639116416
c469f1e431d091e808ed14269fb3da0c64c2cf90,1.0,0.0011831026454451462,0.0011022587776203917,0.0012631842677682202,4.732410581780585,4.409035110481567,5.0527370710728805,4.732410581780585,3.3135339514165847,0.7001788822325421,0.34037754842405443,0.25403323223196944,0.4016263972474571
c46b80b8865ddd0b538a57658110ef691bccfe9f,1.0,0.0019209070901785397,0.001869907402954693,0.002038968367660785,7.683628360714159,7.479629611818772,8.15587347064314,7.629482235709914,7.683628360714159,1.007096959312758,0.036329433279296004,0.009726998440507768,0.06666542339439721
c46d7873860cd4175913246f34394501f8edcba4,1.0,0.001428529279971341,0.0013238678485276995,0.0015451842449012959,5.714117119885364,5.295471394110798,6.180736979605183,5.714117119885364,4.841881614303621,0.8473542828608943,0.18016767702824715,0.12655427006897155,0.22796872389737752
c46db312c888cb7d851a8113ae5a1c7dd535b689,1.0,0.0007018221686261528,0.0006891805915699972,0.0007840500009893048,2.807288674504611,2.7567223662799885,3.136200003957219,2.801408571096976,2.807288674504611,1.002098981015587,0.31135835502088616,0.25243803237599516,0.38883194520955383
c4742d9eb70bda45833348989cd3b9f1db8ac36e,1.0,0.0015202747781951512,0.0012753776790021337,0.001708325860624649,6.081099112780604,5.1015107160085345,6.833303442498596,6.081099112780604,4.060782003850924,0.6677710605499598,0.5059013632387829,0.42040271158799397,0.5717803658198463
c47aeebc5525fcb5ab73776a040bc75c985e0e42,1.0,0.001241303660752432,0.0011360528736759834,0.001309761135214875,4.965214643009728,4.544211494703934,5.2390445408595,4.965214643009728,4.638430038424494,0.9341852008260515,0.24240545060567398,0.17296147863433525,0.28488246000828876
c47ba5b1bf96294b1dd034574571bf2a86a164cf,1.0,0.001446698382289485,0.0013958666610837545,0.0015426982045914344,5.78679352915794,5.583466644335018,6.1707928183657375,5.13196393126398,5.78679352915794,1.1275982463369882,0.04296694350416883,0.0,0.07712337140173246
c483e937bed498a9995ee12117fe4f6aca07b7bf,1.0,0.0014024588870791771,0.001332076865755187,0.0015200404999855149,5.609835548316709,5.328307463020748,6.080161999942059,3.67621450462016,5.609835548316709,1.5259815609960816,0.11146781863709972,0.05696979015585256,0.18118913116533072
c48b152a350e82af0d2ca08ea38372efad001b40,1.0,0.0008999072799851649,0.000862669892814889,0.0009875341716737308,3.5996291199406594,3.450679571259556,3.9501366866949232,3.3555981838411224,3.5996291199406594,1.0727235272908024,0.45072864274158514,0.3732806781735019,0.5107564235760502
c4914cb8f33fb6fe5696ea08fb3c06fb1993080d,1.0,0.0026956256015916017,0.0024130234070017026,0.0029982610938953215,10.782502406366406,9.65209362800681,11.993044375581286,9.06815444300844,10.782502406366406,1.1890514739390803,0.039389685660177746,0.023447890762903312,0.06080888065893739
c48c0ec67428807ce1a62a8e3674f1b692029e61,1.0,0.0024021122246031387,0.00228194262195857,0.002593176016772214,9.608448898412554,9.12777048783428,10.372704067088856,8.634835919117359,9.608448898412554,1.112754079917099,0.05063692627719937,0.017290432495807227,0.08012741363579798
c68f475b5f5548899415b2562c99a666659e2fdf,1.0,0.0026413558952113995,0.0023257726663568215,0.0029065253914664665,10.565423580845598,9.303090665427286,11.626101565865866,7.238848759370648,10.565423580845598,1.4595447331550777,0.44935002147588865,0.19461881161268732,0.5860374040822113
c6924bcf7ec9a313bcf24add8b769e7365fd94b0,1.0,0.002000996368293336,0.001934336751740071,0.0021006058880918784,8.003985473173344,7.7373470069602845,8.402423552367514,5.731065918995674,8.003985473173344,1.3965963027303623,0.11158245148798875,0.09308749775952548,0.1278575715902843
c692ce7d4576cdf9caaa02f540413b0b6192c29a,1.0,0.003046753802603362,0.0028956396899759273,0.0031956653891965668,12.187015210413447,11.582558759903709,12.782661556786268,12.187015210413447,11.744051404664903,0.963652806031616,0.0801755644316331,0.05981791242194285,0.10554211054222148
c69580cd15062d162771d4e64d474bd29b7c4d3b,1.0,0.0016748579142466125,0.001570725116088935,0.001773199437775388,6.69943165698645,6.282900464355739,7.0927977511015525,5.715681103589434,6.69943165698645,1.1721143177108364,0.07161616650272255,0.0,0.1626100486353365
c69fffe3f80ba60300bab0d9c769c0e8500b9758,1.0,0.0006161923691917452,0.0005952960559454561,0.0006391507867342111,2.464769476766981,2.3811842237818244,2.5566031469368444,1.7564116405251138,2.464769476766981,1.4032983042802483,0.09622884161412099,0.061053553364533386,0.12883498313151545
c6a03148d0649bdd3b8dcb79608c7c58acdc913a,1.0,0.0021749408983451537,0.002100955193283998,0.0022116752528162005,8.699763593380615,8.403820773135992,8.846701011264802,7.665403268151222,8.699763593380615,1.1349388008752297,0.058445544900144315,0.03686090742868553,0.08001139041383314
c6b0cad51be02d0048c536ff7ce53ae983874a70,1.0,0.0017417290501521559,0.0016831399309888192,0.0018658244707958735,6.966916200608623,6.732559723955276,7.463297883183494,6.966916200608623,6.748484667447724,0.9686473144112431,0.10995044107578662,0.08329169210741473,0.14406458961744567
c6b88a3a0b41d0dc247e95b30af22fbcc3eff4f0,1.0,0.002506545129934939,0.002397672659373179,0.0025829855100912478,10.026180519739755,9.590690637492715,10.331942040364991,7.530862506976974,10.026180519739755,1.3313455809943404,0.06115148377396241,0.023935382600591772,0.09421620232716242
c6bb81415b838c2554aff4dd10ce3388b4fe87f8,1.0,0.0015852337733953028,0.0015054476029605262,0.001665793365337198,6.340935093581211,6.021790411842105,6.6631734613487925,5.78263780626694,6.340935093581211,1.096547165155185,0.19238022464317828,0.0972124047010751,0.2828425636598939
c6d0f1f90acfb7813d3f601a154dd5804133c107,1.0,0.0006497324342567656,0.0006274631959414569,0.0006658427530650332,2.5989297370270625,2.5098527837658278,2.663371012260133,2.230721631889817,2.5989297370270625,1.165062327756829,0.30536342555573326,0.25386295177164386,0.3479392389885741
c6d27e9166b479ece9de71c188c94fc3fe985a50,1.0,0.002926538439773496,0.0028474378367056136,0.00311333146092503,11.706153759093985,11.389751346822454,12.453325843700119,11.706153759093985,11.558670793788853,0.9874012448204382,0.08465186834687619,0.03749816728014571,0.11795103623697338
c6e0c54f57b63fab8d0145b767c7b1b069d4972f,1.0,0.0019241231725722545,0.0018571201864801164,0.002011887270959785,7.696492690289018,7.428480745920465,8.04754908383914,4.45804605369123,7.696492690289018,1.7264273624801112,0.0,0.0,0.044548409118199975
c6e522d34bbeb0df28b8a2ee3d30fde592834786,1.0,0.0006524197725362473,0.0006257022463021154,0.0007014797799517363,2.609679090144989,2.502808985208462,2.805919119806945,2.2796941992306845,2.609679090144989,1.144749629588768,0.04104503760551989,0.021593463951966634,0.05660463715279287
c6ed07e39da1472b7ffa5a62083e672b8c5e06d6,1.0,0.001650560719393835,0.0015857301225463086,0.0017147052868757705,6.60224287757534,6.342920490185235,6.858821147503082,6.404199239149318,6.60224287757534,1.0309240282868415,0.15476447463680326,0.12689171684107267,0.17786056376355258
c6f6c70497f85cd08dda12861f5caba128593e22,1.0,0.001913087548934644,0.0018230271420331442,0.0019708919620619447,7.652350195738576,7.292108568132577,7.883567848247779,6.2779529137564305,7.652350195738576,1.218924432990016,0.04773958296456263,0.03767914746401725,0.06254390690732782
c6fa8bf889e0b09e2a2941b81366dd1581f37e15,1.0,0.0017358564373380274,0.0016696379864419855,0.0018139344953112693,6.94342574935211,6.678551945767942,7.255737981245077,6.377235294976137,6.94342574935211,1.0887830585178513,0.016812876516479246,0.0,0.03850203417763615
c6fb1155a28a956ae12dc1ec74e6bd0ab8e6c60e,1.0,0.005541132060030078,0.005372600156587121,0.00572542055761184,22.164528240120312,21.49040062634848,22.90168223044736,19.294076448178107,22.164528240120312,1.1487737337235053,2.8428541821965715e-05,0.0,6.370499614478635e-05
c6ff313c331f57e7c3ac1206dcd8d6e3dfa94167,1.0,0.0008738317624708738,0.0008405969233486552,0.000915646659331218,3.495327049883495,3.362387693394621,3.662586637324872,3.1258836996079546,3.495327049883495,1.1181884503002706,0.22151494002130026,0.18383951207251292,0.26468522741749234
c714aa41e36f65d5f3271b8deec15c924804cf7f,1.0,0.0012674402320965229,0.001198260263367944,0.0013488307263418101,5.069760928386091,4.793041053471776,5.395322905367241,5.069760928386091,4.664607369435137,0.9200842870750651,0.2754580095065014,0.23327866651139928,0.3289906681271905
c71e311a43c430a770c4f4128ada928873433a56,1.0,0.0025896115416351407,0.00248930825723192,0.00272467020733585,10.358446166540563,9.95723302892768,10.8986808293434,4.1031286164434375,10.358446166540563,2.5245238779571064,0.050175647475190197,0.0,0.1024754225551382
c71e3e3d31d1a9412a74bf5257140a0470269d1a,1.0,0.0019194753731072503,0.001835140358419652,0.0020700484791492534,7.677901492429001,7.340561433678608,8.280193916597014,5.038931320257186,7.677901492429001,1.5237162414900949,0.08516172956471718,0.04867026981107433,0.12653414976095417
c73639524035a7b571c427000a78cd5ae5fd2b71,1.0,0.0010591870454455521,0.000973529858585466,0.001130415178272031,4.236748181782208,3.8941194343418637,4.521660713088124,4.236748181782208,3.819558994748008,0.9015308040189663,0.17228137464225154,0.11914325048866316,0.20792413837034626
c73afb7bb487f042bb53dcbb966095b4f09ff2bc,1.0,0.0013463167116148362,0.001290218879743383,0.001394840571219301,5.385266846459345,5.1608755189735325,5.579362284877204,3.835970692645608,5.385266846459345,1.4038863375009814,0.1270813481632385,0.07671461531444967,0.1661782977898689
c73ca17595eef19eb2de9e3835ed73d66bf2f6b9,1.0,0.002062834107132188,0.0020095510106225463,0.0021189808449698787,8.251336428528752,8.038204042490186,8.475923379879514,7.319356721658271,8.251336428528752,1.1273308218620792,0.11085930460173724,0.08173299211022772,0.12953069839298872
c7427c2e95655e798c6f18bff0eeb0e46264f637,1.0,0.0004604710473379168,0.0004501681019049323,0.000535769436809047,1.841884189351667,1.8006724076197291,2.143077747236188,1.8211417544444681,1.841884189351667,1.0113897970087047,0.1900289797487271,0.12203550736382572,0.2552373718224405
c74f60271094a9abad75907e46ed6e01e28f0ffb,1.0,0.0025828658377414263,0.002404108229891591,0.0026906247365179703,10.331463350965706,9.616432919566364,10.762498946071881,9.469400355331251,10.331463350965706,1.0910367038340623,0.12225168417597364,0.08276390858354041,0.16148784247620773
c75216c7dde3e79e4a2adb9f8dd3d2944f1e34ac,1.0,0.0006041987393719878,0.0005919961543666604,0.0007504654225713993,2.416794957487951,2.3679846174666417,3.001861690285597,2.3701346293837013,2.416794957487951,1.0196867838331962,0.2702769156278312,0.1230607292330007,0.3377675454283982
c755a1bc78cebb5ce2187043b60ebf0c84835f75,1.0,0.0038630399628666527,0.0037287767078650596,0.004056150127743664,15.452159851466611,14.915106831460239,16.224600510974657,9.216733001433957,15.452159851466611,1.6765333062227727,0.0002255129142310564,0.00011183403935953871,0.00034065384252600817
c7572ef358e446ca4c175d0b50d49d98e4632179,1.0,0.0022149083172259224,0.0021268183622343293,0.002315680264725941,8.85963326890369,8.507273448937317,9.262721058903763,5.1629718629912205,8.85963326890369,1.7159948773710283,0.12194963378335821,0.10275355132178327,0.14521824116575593
c758602b2b1e5715f95b4277005f17a28d7a1023,1.0,0.002314315401106086,0.0021881216825273895,0.002455995899931479,9.257261604424343,8.752486730109558,9.823983599725917,7.686093944176958,9.257261604424343,1.2044169212162328,0.03813892927085655,0.028807351756455945,0.05117712870145657
c75bb92eb1ec9542e29b18522e60e5135770047f,1.0,0.003026436662830102,0.0029280806443512976,0.003214136917841067,12.105746651320407,11.71232257740519,12.856547671364268,12.066266237289865,12.105746651320407,1.0032719660957365,0.008887294755300498,0.0,0.018216424567029196
c7709196973a04ad42cb05537fc7952737b738d3,1.0,0.0016614166487523042,0.0015858519390432944,0.001714604076320353,6.645666595009217,6.343407756173177,6.858416305281412,6.013300479327882,6.645666595009217,1.1051612368041877,0.10328958606891199,0.06877950192706911,0.13455319682216862
c7726426d1a4b312850332a7406a042153cc5d2c,1.0,0.0015991440373714447,0.0014775160167806978,0.0017464348551237275,6.396576149485779,5.910064067122791,6.98573942049491,6.396576149485779,5.952498142944814,0.9305756710835585,0.05037491855185432,0.0026923771351232365,0.11126156876694894
c7934c190c8fe00e364046e80da858a64cae52ad,1.0,0.0005410641046358654,0.0005227665982437727,0.0005545097879833101,2.1642564185434616,2.091066392975091,2.2180391519332403,1.6910570926538049,2.1642564185434616,1.2798245712373064,0.3432347300191793,0.2699758471796564,0.40040185720479604
c7998e29c540db88e788381348f112222e1f849b,1.0,0.0009188512495089513,0.0008480757422048419,0.0010359440721683254,3.675404998035805,3.3923029688193673,4.143776288673301,3.675404998035805,3.0143365302147833,0.8201372452357476,0.30318348630076586,0.22941572379379227,0.35218090755126324
c79a63db0c027df5ca1db824bd71aef2b50692da,1.0,0.005023274192675666,0.004811243624496979,0.005196491704295832,20.09309677070266,19.244974497987915,20.78596681718333,7.642156827769947,20.09309677070266,2.629244233471981,0.0023977684951082775,0.0009189632070468953,0.0037027907970501378
c79fabefdebe4c6f0c39a464c88de6541366fe75,1.0,0.0019086949852021747,0.0018608324008396314,0.0019711154452351854,7.6347799408086985,7.443329603358526,7.884461780940741,7.609873034977375,7.6347799408086985,1.003272972586644,0.09986502562378108,0.08676108861101461,0.12346243756379352
c7a739bf5b351d6f26ae2f3877a25458a8091713,1.0,0.0014693774991241762,0.0013924650867990036,0.00152232695737139,5.877509996496705,5.569860347196014,6.08930782948556,3.3796753812915084,5.877509996496705,1.739075305584726,0.00769648678015212,0.0048060821066581326,0.011075617947364315
c7aae9f1c430dc76bbf126c1ab1c68de2105d2ba,1.0,0.0014631057969479407,0.0013230300045338843,0.001560277563942674,5.8524231877917625,5.292120018135537,6.241110255770695,5.8524231877917625,4.793162885384702,0.8190048346782761,0.051515777659597306,0.0,0.10554194885669257
c7adeb8b5252b6dd9b2f050ae29fd9d3406f52f6,1.0,0.003034428105202534,0.0028824060721555455,0.0032562136825520596,12.137712420810136,11.529624288622182,13.024854730208238,6.722435997122236,12.137712420810136,1.805552693399549,0.044180409173677285,0.035253560952626675,0.05579935849719422
c7b0115633fbc8041a5d59d923594b6c9cbe312c,1.0,0.0010109502388105098,0.0009854830733872805,0.0010443787789836644,4.043800955242039,3.941932293549122,4.177515115934657,3.751953961111351,4.043800955242039,1.0777853345631783,0.11059900889924097,0.09057367073549431,0.1333235189646475
c7b6b5159c8aca512ab4eda417601aab87b1c8b8,1.0,0.0032079926011887596,0.0030383609086038045,0.003380485763699914,12.831970404755038,12.153443634415218,13.521943054799657,8.494306725010638,12.831970404755038,1.5106554095783453,0.0516424357266386,0.03969281155577555,0.07029173611716094
c7c2fb33261d8d7f7ac697c004b9436247d1ccdd,1.0,0.002628377795542262,0.0025287959877748787,0.0027359479470633083,10.513511182169049,10.115183951099516,10.943791788253233,7.184817992960273,10.513511182169049,1.4632954088009258,0.07984300639878,0.03949811769767617,0.12841933073149622
c7c81af2791a566bd22a0ec7bc8a66f89427fe57,1.0,0.0015253741118691428,0.001475581566641331,0.0015820014826901023,6.101496447476571,5.902326266565324,6.328005930760409,5.38770317622708,6.101496447476571,1.1324856340265852,0.0853778316087352,0.06794331368527304,0.10594975039852048
c7cf4118ef59d98ec7cd315dc9431e148fd3f27b,1.0,0.0006999750371857308,0.0006699200875904885,0.0007296904378310698,2.799900148742923,2.679680350361954,2.918761751324279,1.5618683690539596,2.799900148742923,1.7926607672059154,0.14766702232998793,0.11041646832211235,0.18923842118736017
c7cf89e2b2d132b58dd363c255a5c66a3db77af6,1.0,0.0016317926975884598,0.0015632686826695238,0.0017087442505231997,6.527170790353839,6.253074730678096,6.834977002092799,5.369855696765579,6.527170790353839,1.2155207065034066,0.1721746556433267,0.1318018014639426,0.21030425910840825
c7d54cc65b01acca179e831ba67e00eace68e063,1.0,0.0007029942318868564,0.0006734053217665798,0.0007440605190733008,2.8119769275474256,2.6936212870663194,2.976242076293203,2.6906345892886585,2.8119769275474256,1.0450980369990885,0.10809491407544375,0.07523386750910999,0.14707560599682662
c7dfc931f8ff80cd829232cd5a0fa0080bee2602,0.2688379506965409,0.00021347335817645068,0.0002023302569039472,0.00022948209824983316,0.8538934327058028,0.8093210276157887,0.9179283929993327,0.051731966339115434,0.8538934327058028,16.50610817899955,0.43141762452108595,0.0,0.909108196957316
c7e38abc388a341cf140f2dd24658624a9b2b586,1.0,0.0008383022121896605,0.0008076452027774823,0.0008710732830035529,3.353208848758642,3.2305808111099292,3.4842931320142116,2.6124063584562225,3.353208848758642,1.2835709260561554,0.00865762360091913,0.0032837545489509874,0.013813571627849406
c7e8aa342ba6eaaa22002c567780a69ab1c9e536,1.0,0.000595261778006075,0.0005731431348925362,0.0006336304796712615,2.3810471120242998,2.292572539570145,2.534521918685046,1.1339213591714326,2.3810471120242998,2.0998344309910117,0.04913838463562217,0.039125625754053955,0.06363967666237468
c7f4ab5c1084e806a89982d30fb1b1ff3d4f49b1,1.0,0.0005907298598552869,0.0005616587327494443,0.0006211881288856902,2.3629194394211477,2.246634930997777,2.4847525155427608,1.4269685016226883,2.3629194394211477,1.655901610115525,0.040593107299066275,0.01032153420044607,0.06683086081102246
c7f82eb4e5dcd429f2d0698b7af3f03214fda89c,1.0,0.0032824737627917995,0.002998480549523537,0.0037810302178061736,13.129895051167198,11.993922198094147,15.124120871224694,13.129895051167198,12.215817772790368,0.9303819813627854,0.12867432362258346,0.056831872578583166,0.21214418830500542
c7fa91fd4b333ea4c559463e158966015ce14464,1.0,0.002461212846980458,0.002369417946534284,0.0025379872654475565,9.844851387921832,9.477671786137137,10.151949061790226,9.844851387921832,8.961357664726208,0.9102582976235132,0.03568345457097238,0.012802674312260533,0.055668343241906997
c7fc800d81073302e24200282ce1bedddd690c70,1.0,0.0007766848683190972,0.0007350161962028294,0.0008119989084669403,3.106739473276389,2.9400647848113177,3.2479956338677614,2.7551119676594245,3.106739473276389,1.1276273014470934,0.2433379104333791,0.19663295817330084,0.28172220724496816
c8052897dcfdeed007b05652014a0ea563b99910,1.0,0.002593105254380272,0.002513319460447318,0.0026846095693766276,10.372421017521088,10.05327784178927,10.73843827750651,6.681158208074733,10.372421017521088,1.5524884600076012,0.040498569677155705,0.026093014807095093,0.05875532270746334
c808ee05da49bafc25dcbc4a0f99aae23e342bd6,1.0,0.00041068641817115325,0.0003923713484249155,0.00043605172845476425,1.642745672684613,1.569485393699662,1.744206913819057,0.9681189008254114,1.642745672684613,1.6968428891162228,0.2180839325641527,0.06760246300525301,0.3622784945819065
c812d844504effe187a922fe9822b14fd09d4418,1.0,0.0051509166185139225,0.004957130182892029,0.005321147952397372,20.60366647405569,19.82852073156812,21.28459180958949,7.871396643281015,20.60366647405569,2.6175363036295316,0.028507966485390925,0.008584267008016462,0.03812204523479679
c819450e4ab5b6c335ec783f5c24422caa5fe7a2,1.0,0.002657783407560869,0.002513929698622704,0.0027968915757564145,10.631133630243477,10.055718794490817,11.187566303025658,7.627016727425978,10.631133630243477,1.3938783681980136,0.07377783542524935,0.05931221075780021,0.08727653952377058
c82637971591fd3bc7d8a6b128cbb50d1f392c41,1.0,0.0017963862087862867,0.001731621059417431,0.0018485929737087738,7.185544835145147,6.926484237669724,7.394371894835095,4.022698493163031,7.185544835145147,1.786249913424454,0.0625647783682598,0.0405148218959755,0.07651079487846457
c83c239291bc05cd31d2d6c280c101def49f21d0,1.0,0.0012553641449629237,0.001201129185413776,0.0013099467378370263,5.021456579851695,4.804516741655104,5.239786951348105,5.021456579851695,4.375029688072577,0.8712670553853101,0.05689938815370708,0.0,0.09825549040380711
c84053dacaac40b33dc89794d05d5050e3d8895e,1.0,0.0014943796428600151,0.001438944603569633,0.0015549039116689832,5.9775185714400605,5.755778414278532,6.2196156466759325,4.862327159004041,5.9775185714400605,1.229353430151427,0.022873121692901847,0.010851719326863143,0.03532743252999095
c847446707a76d3dccc462b709eaa65bf3b4d328,1.0,0.0010129927113581541,0.0009773879522248675,0.0010504568241390929,4.051970845432616,3.9095518088994696,4.201827296556371,3.5657828346112503,4.051970845432616,1.136348183098024,0.092019160536881,0.03012941726023178,0.1483425702310739
c848b42d1fd4b181c207088275b93a76bdf4cf13,1.0,0.0019336283815192354,0.0018291072833590857,0.0020210284654176873,7.734513526076942,7.316429133436343,8.08411386167075,7.734513526076942,7.1418864171323335,0.9233788774243443,0.08842321985537954,0.04622577510762313,0.12712664521550687
c84f9d62f93657a0723db222ffcc8acf1e85a024,1.0,0.0011463309030826196,0.0010808376803464338,0.0012163485805061621,4.585323612330479,4.323350721385735,4.865394322024649,2.2116727245469328,4.585323612330479,2.073237853611363,0.08233355184227774,0.058002814283824825,0.10317923743827355
cdae46765eaf1a9975f1f2fe6f8091d99fca71cd,1.0,0.001744482707334653,0.0014534373742160717,0.0024758538583663464,6.977930829338612,5.813749496864287,9.903415433465385,2.2367462474306428,6.977930829338612,3.11967923824805,0.5536808464821269,0.0,0.6920209364547653
c8546f1fc1c9fe5b9a84e2ea76255c24c188f7d4,1.0,0.0007715091455212425,0.0007386551548110858,0.0008057225310535507,3.08603658208497,2.954620619244343,3.2228901242142025,2.2363776129451765,3.08603658208497,1.3799264329161491,0.31472151118976804,0.24603235205421678,0.3639856537785712
cdb07711bd351c67903fd5f962d220e32c7f81d4,1.0,0.0015762904643977834,0.0015312744185902777,0.0016244250450352642,6.305161857591133,6.12509767436111,6.497700180141057,5.296544432489108,6.305161857591133,1.1904293333055316,0.10130899551967289,0.059011406598170744,0.13418032467396965
cdc3c08f1f835646c6b0c20d4110ce24ac8dc93d,1.0,0.0019047829385178837,0.001855220192338745,0.001971278122523463,7.619131754071534,7.42088076935498,7.885112490093852,6.627812291190785,7.619131754071534,1.1495696346437483,0.1192546657992587,0.09407085634756374,0.14320345489329
cdc3f24303a282c170a9b6c6c543a4f83f3826be,0.29279399044250404,0.0005826562107302791,0.0003657638660505795,0.0008184106967491532,2.3306248429211163,1.4630554642023181,3.2736427869966125,2.3306248429211163,0.5479567417346817,0.2351115167243706,0.9265804437506968,0.0,0.982082238761226
cdd23148a836a3639237422895d1927ca3126517,1.0,0.0008051662138871186,0.0007773636825813529,0.0008290989525045284,3.2206648555484745,3.1094547303254116,3.3163958100181135,2.533850026031096,3.2206648555484745,1.271055833005702,0.12094408219174649,0.07844823493142228,0.1545795592514989
cde30223d38dd7b4cd8c26208eaabb7a20e44ae8,1.0,0.0009591386812140288,0.00082893971545853,0.0010420758243498418,3.836554724856115,3.31575886183412,4.168303297399367,3.836554724856115,3.3664314949156853,0.877462133696513,0.3070001127589527,0.24013434059867464,0.3710750915537686
cdf5b9110fcb3e3d139348585b3ee86a93d2e77f,1.0,0.0022042137066386057,0.0021187749429266954,0.002405464429579016,8.816854826554422,8.475099771706782,9.621857718316065,8.816854826554422,7.949456631422678,0.9016204517148981,0.22784536249764964,0.16422904865995672,0.27688570664643897
cdfae66bdb59e032e6075b8f999f514af98c756a,1.0,0.0012995564668521207,0.0011973037207424282,0.0014581423369947292,5.198225867408483,4.789214882969713,5.832569347978916,5.198225867408483,4.93207271262286,0.9487992323584219,0.13234001557282934,0.061288467656655105,0.17753219144812013
cdfece1314fba2baa0bb50a6c9a2298cdf47d915,1.0,0.003238811517719841,0.0031419031713249795,0.0033834925693874067,12.955246070879364,12.567612685299919,13.533970277549626,12.955246070879364,12.659317533268394,0.9771576289642114,0.11823983335923355,0.09707577174569759,0.14796223391399843
ce0337361847ced4c5c68f1daab2628708d6a3bc,1.0,0.0013344258967230523,0.0012847813157393364,0.0014020566361150127,5.33770358689221,5.139125262957346,5.6082265444600505,4.349487540733628,5.33770358689221,1.2272028685917098,0.127381466921879,0.09895316963313273,0.16070011308002782
ce1588ee85b9481d3dfae6003eb813de4c00a4c6,1.0,0.0033415374608155393,0.003145876003333321,0.0035748918833663143,13.366149843262157,12.583504013333284,14.299567533465257,13.366149843262157,11.160500967488154,0.8349824817439209,0.2190252895418078,0.15949028307395918,0.26324042885424037
ce221f3f97975bca1d3a4acafe4f870c05d07867,1.0,0.0014207964475819077,0.0013762876368454567,0.0014937497440255906,5.683185790327631,5.5051505473818265,5.974998976102363,5.1081819855398125,5.683185790327631,1.1125652544125353,0.05683684352414639,0.0205279204693812,0.08436943708408239
ce264f334f5d740c4f92f8def1ef975a49202eaf,1.0,0.00045535935370258444,0.000436937807303712,0.0005481810602369672,1.8214374148103378,1.7477512292148478,2.192724240947869,1.8214374148103378,1.7919460344640274,0.9838087325391955,0.09722117770925746,0.0,0.26456485078033665
ce265a6f77db62432f8f460dc0dec30193c9cd73,1.0,0.0009695255704688755,0.0009143259057608785,0.001061354358843507,3.878102281875502,3.6573036230435143,4.245417435374028,3.878102281875502,3.6986777962327126,0.95373394701802,0.26630514041861963,0.15234012279303638,0.3630108751039676
ce340574354f6ea982968c502553330c26620ee6,1.0,0.0010765988162263606,0.001051252566829244,0.0011412223390467712,4.306395264905443,4.205010267316976,4.564889356187085,4.248094032982549,4.306395264905443,1.01372409166799,0.1944521887419847,0.1436047355113215,0.23399068190939526
ce375a338f207909f3d5561fd89c57e7fd6fd96b,1.0,0.000410263042653338,0.0003892997764835487,0.0004429876757338132,1.641052170613352,1.5571991059341947,1.7719507029352528,1.641052170613352,1.304603622842158,0.7949799806514106,0.37684890594397213,0.2892777886457371,0.4248509514676456
ce3b4336af2e51008d2f882608698e495e0856aa,1.0,0.0012662249061120294,0.001241573248183223,0.001329794745460691,5.064899624448118,4.9662929927328925,5.319178981842764,5.013501425067301,5.064899624448118,1.0102519566712054,0.10767850353321848,0.07594218450557233,0.12605348541743752
ce3bb5fc5857ad8f050e52de48ae3fe244746a28,0.949849354590195,0.0026104732239853783,0.0025465671439430255,0.002701777249737322,10.441892895941514,10.186268575772102,10.807108998949287,2.281181943356047,10.441892895941514,4.5774046767087455,0.07117025165323981,0.013414053096220239,0.10894781001711418
ce4047dd86c9e5e7ceebc4363a7b99faaacab549,1.0,0.0025414125914057723,0.002443908973208302,0.0026618662898054797,10.165650365623089,9.775635892833208,10.647465159221918,8.441286608297467,10.165650365623089,1.204277361656058,0.18837006977910267,0.15781434413038034,0.2137508486627576
ce4e6c9357cafca32efd4d886fdf277514885db8,1.0,0.002568325212711805,0.002530296175110868,0.0026769288130918827,10.27330085084722,10.121184700443472,10.707715252367532,9.938502952620976,10.27330085084722,1.0336869546472238,0.14712967088345127,0.09696867436823908,0.18979287992689808
ce55b7ee51b8384c49029debb6af8b5711f405dd,1.0,0.0026471685386612273,0.0025130857983927126,0.002749038109858647,10.58867415464491,10.05234319357085,10.996152439434589,8.174019650073859,10.58867415464491,1.2954060068291164,0.13589894975384176,0.10045477533750484,0.15525321338553214
ce60959da5c039d68098e0f4ae2bda36b434bee6,1.0,0.003178115497325672,0.002503336597756375,0.004225266357498166,12.712461989302687,10.0133463910255,16.901065429992663,3.624058680743134,12.712461989302687,3.507796950654211,0.24330978274437642,0.068992814388514,0.33161051654890006
ce6256ec42a57e79e486c34d72c74a2d63cb739d,1.0,0.0008987440369061023,0.0008321467412973277,0.0009550348973404382,3.5949761476244095,3.328586965189311,3.820139589361753,2.175429286411729,3.5949761476244095,1.6525364304321555,0.08562827039407367,0.05250671644331993,0.12264692304348253
ce6597cefea479127d0a5ed42a4646a3bb4fbd65,1.0,0.044631158377155616,0.04305158034914579,0.04755273498694715,178.52463350862246,172.20632139658315,190.2109399477886,151.55794260948025,178.52463350862246,1.1779299087519772,4.0016807058964754e-05,0.0,0.0001725109116480158
ce6c757f9f67db92283e713864184b9a8a3d029c,1.0,0.001978645154617851,0.0018660648599506777,0.0020998021138785056,7.914580618471404,7.464259439802711,8.399208455514023,6.093177250136511,7.914580618471404,1.2989250588917443,0.06986156683883367,0.04368680990204615,0.09468363436244691
ce7032378cb6e215a8573eab480444ad4cd37221,1.0,0.001197934839744973,0.001150049085808917,0.0012730418937561428,4.791739358979893,4.600196343235668,5.092167575024571,2.7868977102955514,4.791739358979893,1.719381138847657,0.06644866527882681,0.047427283271822086,0.09810982224858715
ce725e9ba7c0f9b01d3d4916a76a986f77a3b896,1.0,0.013362528016153463,0.01283578318406747,0.013905929684657406,53.45011206461385,51.34313273626988,55.62371873862963,47.193114419234554,53.45011206461385,1.1325828507480133,0.00011859533192128599,4.234481315109776e-05,0.00024294264938657607
ce727dda94bcf5597f9a7c6f6fbd48067d304243,1.0,0.0009633433095717479,0.000892792934391168,0.0010120296069355487,3.8533732382869914,3.5711717375646717,4.048118427742195,2.893008001015176,3.8533732382869914,1.3319607954540107,0.18301513909754905,0.12542301073429435,0.25382865989605574
d01eea868a1394388a7f68790a1bc6466e1e93fd,1.0,0.0018933189530829422,0.0016778747960499265,0.0021257119007536403,7.573275812331769,6.711499184199706,8.502847603014562,7.573275812331769,5.465773477423772,0.7217185287935381,0.1659080698948238,0.004815530947486018,0.2854695604090485
d029c069a29464323a4898cd290c5acb8725cafa,1.0,0.002406736914750829,0.002290897945470545,0.0025620552469368765,9.626947659003315,9.163591781882179,10.248220987747507,6.324217185680721,9.626947659003315,1.5222354603508288,0.10705347287167856,0.029929548843306255,0.1707712158041925
d02bbc8579e5c546995f5435d3c6fd38c581f59f,1.0,0.0020581090273054125,0.0019810090355293535,0.00213957913269384,8.23243610922165,7.924036142117414,8.55831653077536,7.498555049647872,8.23243610922165,1.0978696635171385,0.040185760150864024,0.028065664455004333,0.05116866954637579
d0305ecaa18468ce887a53e7d10b5326a820acd1,1.0,0.0017937789314637883,0.001689423638494217,0.001860598074804732,7.175115725855153,6.757694553976868,7.442392299218929,6.368678002101808,7.175115725855153,1.1266256079342059,0.09346306118292379,0.07164801740347983,0.1273985302057558
d036652b2fffade0401d9017b11affd94093964d,1.0,0.0027980391572548263,0.00271638680119339,0.0029124061167147964,11.192156629019305,10.865547204773561,11.649624466859185,10.200487215389288,11.192156629019305,1.09721784780377,0.050795665212230376,0.0,0.08913771875596431
d051e19e2aaac3a9ae75bc12bb8997cd5cdc74a1,1.0,0.0005176143248931045,0.00048471489905944773,0.0005639658779642789,2.070457299572418,1.938859596237791,2.2558635118571155,2.070457299572418,2.0084184481990524,0.9700361599410053,0.25777492208564284,0.20228968874527267,0.3208092476120127
d055e0db5764856a8c98aa206c9ca8bc0d6fe2fb,1.0,0.0008554532787111047,0.0008245202556948595,0.0008905638033028866,3.4218131148444186,3.298081022779438,3.562255213211546,2.8110511489009635,3.4218131148444186,1.2172717370092125,0.07584727876588525,0.042187952268607054,0.09597764152384973
d067df363edc99143178fe7164458e877c2c2615,1.0,0.002474249367036268,0.0023598387939035926,0.0026089992318026147,9.896997468145072,9.43935517561437,10.435996927210459,9.126267551794935,9.896997468145072,1.0844518212923258,0.08008462102390211,0.06614636459959339,0.09789401294817314
d059eb96ccb59c45cb1ab55606a97d7c0cd3aded,1.0,0.004104926354599584,0.003975647185517461,0.00422008745763181,16.419705418398337,15.902588742069845,16.88034983052724,10.0744041282424,16.419705418398337,1.6298438308989052,0.00024210562722650695,1.71117008762654e-05,0.000600484374333172
d077aca25cfe28f15479a2b14963e0442941a834,1.0,0.002359764009329696,0.002267437041353628,0.0024307445925870336,9.439056037318785,9.069748165414513,9.722978370348134,9.019396648764605,9.439056037318785,1.0465285434155578,0.039233728434319555,0.027210820751484222,0.05949615797063692
d07c9b8cb97102e448d8062b17b9145a0dab3c34,1.0,0.0018905916063919012,0.0018231382463337875,0.0019804259715134865,7.562366425567605,7.29255298533515,7.921703886053946,5.00313216470838,7.562366425567605,1.511526415174842,0.13987945257661188,0.11542448685268478,0.1743451569100146
d07ecfb4ef2a1f5ed42579f6175793d6e34ecbd2,1.0,0.0010131396518887092,0.000995140807363028,0.0010945217845351562,4.052558607554837,3.980563229452112,4.378087138140625,4.051162645386157,4.052558607554837,1.0003445830964772,0.10358956857569607,0.06053566584970379,0.13456441567027635
d083877be37ddb4c4264dfc8520d9011778916fe,0.8646094211857599,0.0005463300172108731,0.0004793558692007678,0.0006405527939085617,2.185320068843492,1.9174234768030711,2.5622111756342467,0.8973119473278748,2.185320068843492,2.4354073021664377,0.7949126515844719,0.7562540578203465,0.8273302775368282
d088a81dc71b59f90876a2e682ee338d99d3d1a3,1.0,0.0005348552636150238,0.0005145774737317702,0.0005743073071170333,2.139421054460095,2.058309894927081,2.2972292284681335,2.139421054460095,2.116129575432752,0.9891131860281608,0.07800176866574016,0.0,0.14164585551220843
d085aaab8e948de63d7952da4996b82f3498bf8f,1.0,0.002037945285099486,0.0019628971150012922,0.002124690178919827,8.151781140397944,7.851588460005169,8.498760715679309,5.463442735970441,8.151781140397944,1.4920594091209027,0.032121802246521926,0.020849798584066995,0.043032767718145855
d0950a8cd464dc9ab5fc61dca7d1bc33300286a3,1.0,0.0008979086239429409,0.0008648215724319546,0.0009440936947329595,3.5916344957717636,3.4592862897278183,3.7763747789318383,2.901467133465305,3.5916344957717636,1.2378684060715768,0.043512135528989374,0.02921348374122179,0.057605310006507614
d08fcf1e3461fd9a51475753794d110b46445a13,1.0,0.0017952872145661064,0.0017185166153819884,0.0018731547914951532,7.181148858264426,6.874066461527954,7.492619165980613,5.3658967405889,7.181148858264426,1.3382942694264939,0.04475653834817138,0.02005381868650572,0.06291083101011763
d095d814a361684154f86fbe91d452e71c1c60e6,1.0,0.0017496448823039897,0.0016954800066933048,0.0018059759555766387,6.9985795292159585,6.78192002677322,7.223903822306554,6.199018934236957,6.9985795292159585,1.1289817959037127,0.11734727418760131,0.08070612230463674,0.1464220534971015
d0ad01a1ba21962e7d92ecfb8192566b5770c9dd,1.0,0.0016811676451663183,0.001598698855147836,0.001758216603833712,6.724670580665273,6.394795420591344,7.032866415334848,4.160831917912418,6.724670580665273,1.6161841461837252,0.1045490533699832,0.08512779224719651,0.12482517686483467
d0b163fbf4af6a2db47a81d60fc7a57a3d98f19f,1.0,0.0012335571133600663,0.0011831749821830388,0.0012795281912516372,4.934228453440265,4.732699928732155,5.118112765006549,3.2522563442756725,4.934228453440265,1.517170828838584,0.07795023812975618,0.0599345945373374,0.1017199414486098
d0d57156ea050efc0a94d9073ad3969f0e6b16e3,1.0,0.0014088899395482677,0.0013654127831730538,0.0015019506385749247,5.635559758193071,5.461651132692215,6.0078025542996984,5.466240604823444,5.635559758193071,1.0309754300277634,0.33310396774745665,0.2892143529446743,0.40508747917610827
d0d5dd62a05a78b7aea79cfb15fdbfe41d76088f,1.0,0.0018190180407746353,0.0017631427555849046,0.0018874383373078925,7.276072163098541,7.0525710223396185,7.54975334923157,5.506325869709077,7.276072163098541,1.321402389772287,0.08090327028255417,0.06131545232947898,0.10010730728979407
d0ec6dd2c73facfd05700f805bdd6c0958b57de3,1.0,0.0006088364986529648,0.0005926393785060586,0.000630933807951622,2.4353459946118594,2.3705575140242345,2.523735231806488,1.8062293664098394,2.4353459946118594,1.3483038421928033,0.48333693911150394,0.39738805291867857,0.5646683223693989
d0ee8cef0d93762d13a0defb053e4c89fd1778ab,1.0,0.0011409322936319136,0.0011035350560639674,0.0011917294005523791,4.563729174527654,4.41414022425587,4.766917602209516,2.9721671071273152,4.563729174527654,1.5354887561953503,0.04345321317274492,0.0,0.12806641879087063
d0f411e088aeae32f3330156c8ae8540d53a2eab,1.0,0.0014164476189984189,0.001371576689069819,0.0014742375917930252,5.665790475993675,5.486306756279276,5.896950367172101,4.100113112361128,5.665790475993675,1.3818619927612001,0.04918776412204863,0.037817332573570915,0.0581368830267621
d0fd2949529c40bab5d3f25a96fcebea6b053eda,1.0,0.0016946867261990442,0.0016268040067772885,0.0017690699906497771,6.778746904796177,6.507216027109154,7.076279962599108,6.066925450393756,6.778746904796177,1.1173282019406092,0.009069331301646832,0.0003530193010460589,0.018806756659613344
d0ff61f9d13b3a109e17eeea4d16df30f255ad2a,1.0,0.0018360961371685302,0.0017911011081917757,0.0019067878225990714,7.344384548674121,7.164404432767102,7.627151290396285,3.607434472710281,7.344384548674121,2.0359024132616477,0.20704445626518955,0.18173600498588946,0.229248337766112
d1047fde65fb6d15408cbc6ad01b0cd01e13f9f1,1.0,0.0027418520911761954,0.002652936780118761,0.0029420384472394192,10.96740836470478,10.611747120475044,11.768153788957678,9.76774284021708,10.96740836470478,1.1228191143145452,0.05182284014994718,0.03443360902446594,0.07001833226129943
d1062294ae87f52da86e9b7198113c118bc944a5,1.0,0.001781070286016577,0.0017129633763456316,0.0018723558825604165,7.124281144066308,6.851853505382526,7.489423530241666,4.2858352037023435,7.124281144066308,1.6622853669016384,0.05453801689419034,0.044536715428025814,0.06376886314158701
d11fb2c63c6e49deb0fef30b8a51e04424bb3c6d,1.0,0.0012385039640977402,0.001167651331085822,0.0012995203753305177,4.954015856390961,4.6706053243432875,5.198081501322071,3.2834511999085567,4.954015856390961,1.5087831536917402,0.08083803703235518,0.0,0.18268886871735784
d120d397eb0f84eb43906bfe9ceca7194f8397d4,1.0,0.0005605932358008985,0.0005115528458447885,0.0006323082740424712,2.242372943203594,2.0462113833791538,2.5292330961698846,2.242372943203594,2.065160467993434,0.9209710071880446,0.16975490009285762,0.08752305156437992,0.23840559758389088
d138a4e484e9ed61da9c3019a436967ed17807f1,1.0,0.002903567636965165,0.0027888140983591014,0.0030517917922395993,11.614270547860661,11.155256393436405,12.207167168958398,9.624935438619834,11.614270547860661,1.2066855535735508,0.03667500063376176,0.02383453371321714,0.04821795189658859
d13985dd1b1e1a36b71b0404d409018db9d6ce9f,1.0,0.0012718104383719034,0.0012111917701523296,0.0013319526268356268,5.087241753487613,4.844767080609318,5.327810507342507,4.07944974459156,5.087241753487613,1.2470411629000113,0.12315712486209128,0.09343144322394077,0.16110416059906
d13f89d3452d0b05cd5da1e58d76c36a2135a85f,1.0,0.0010808133998676391,0.0009075486050791535,0.0013043809448592362,4.323253599470556,3.6301944203166143,5.217523779436944,4.323253599470556,3.6662294886575917,0.8480255447208958,0.0,0.0,0.030502531994169833
d1445e74afbdb1961e45e07771648ffa9745e911,1.0,0.0008564678250278217,0.0008199744853336786,0.0009122882055824503,3.425871300111287,3.2798979413347147,3.649152822329801,3.071282488038179,3.425871300111287,1.1154530113899117,0.14578412134998103,0.08880027456229156,0.18518066148976967
d1482aca3c1a13eba0ddc830edfdf908b29452db,1.0,0.0016217706374749917,0.0015209026482183407,0.0017220293551228367,6.4870825498999665,6.083610592873363,6.888117420491347,3.453624853660778,6.4870825498999665,1.8783402438813757,0.1142226934969484,0.09432835697429572,0.12831641170502672
d14b1cdf038e13b9a1f32f5ca010a763d4414f71,1.0,0.0005943667496416987,0.000571310815498151,0.0006227304971826476,2.3774669985667947,2.285243261992604,2.4909219887305905,0.05619929804967433,2.3774669985667947,42.304211637400904,0.20071611282665805,0.11967073868251402,0.2574627477341882
d15c404dcafa654de878d6bc84fb62acf0339a9f,0.8337495720616214,0.040602710703991254,0.01192573846589642,0.050327047280495384,162.41084281596503,47.702953863585684,201.30818912198154,91.40540022660257,162.41084281596503,1.7768189014361657,0.080647417243504,0.025928505991195713,0.2925073615065765
d1532cbbf4322b7f21fa7a6c36ab1acc311311d7,1.0,0.004350384241505143,0.004133259429543933,0.0046230143398874515,17.401536966020572,16.53303771817573,18.492057359549804,2.3378043006755655,17.401536966020572,7.443538777386959,0.01406911467654599,0.00790840495086399,0.02088839952650025
d16a50297dd12d91ca1f9b0f9a87d5c6fd2110bb,1.0,0.00022136473539273257,0.00021300567341024025,0.000234546997315388,0.8854589415709303,0.852022693640961,0.938187989261552,0.7571876302999357,0.8854589415709303,1.169404921763162,0.19596458987244325,0.0033453547165331493,0.3021417854831446
d175a7659baadb419b7faa16d2799787eda59fb4,1.0,0.0007665064731949972,0.0007169016897569465,0.0008350267846662278,3.066025892779989,2.867606759027786,3.3401071386649113,3.066025892779989,2.7921687857430575,0.9106801062307328,0.24549747513916895,0.186564828859061,0.2857718823632121
d181daa8b50c86973c2311da619ae827274c50a1,1.0,0.00202605248651572,0.0019378850061213496,0.0021403841938323984,8.10420994606288,7.751540024485398,8.561536775329595,8.10420994606288,7.068160965995177,0.8721591633283109,0.1701602131700998,0.0896739368307897,0.23060941735961474
d1857700f4fe8046284b6dd64ae2c75405c8f9d1,1.0,0.002762234891849356,0.0026501934440679538,0.002905067736177852,11.048939567397424,10.600773776271815,11.620270944711407,10.154376904943689,11.048939567397424,1.088096263397335,0.04559176595204459,0.02795162268863453,0.06229291378678584
d18adfdbd6d8c23c742beeeb2186fe0ad408febe,1.0,0.0017679560407152493,0.0017131359138977777,0.0018407723346518527,7.071824162860997,6.852543655591111,7.363089338607411,5.373955556123924,7.071824162860997,1.3159439241737412,0.0051242575839321874,0.001763744933440153,0.008013603987504786
d1a93210875c9bc6a8d31475c3a045d6be1adb29,1.0,0.0020126814762577504,0.0019264834197813712,0.002092094761058595,8.050725905031001,7.705933679125485,8.36837904423438,6.98766171157642,8.050725905031001,1.1521344674847966,0.16082914338603718,0.1379151410805978,0.1882874878054002
d1c4eee251dc416787074ecc311b69e765a53c3d,1.0,0.0006369813500823146,0.0005545131831501854,0.0007298411824631142,2.5479254003292584,2.2180527326007415,2.919364729852457,2.5479254003292584,1.8523970947263764,0.7270217151911114,0.3704248430528684,0.1703835085568271,0.4469775741358975
d1dcd8d043ecf9b2f410d66fa1ba3ff01840df61,1.0,0.0014843361755297012,0.0014365182459857774,0.0015570068791096589,5.937344702118804,5.74607298394311,6.228027516438636,5.120997419925492,5.937344702118804,1.1594117737722254,0.0974687542652134,0.0,0.2352548135029773
d1e60182b492da2d4aaf43b70deb7a8f9dda64a8,0.9887271760820945,0.0009238162573626549,0.0008825651812405115,0.0009742934297978127,3.6952650294506197,3.530260724962046,3.8971737191912506,1.0189432967754946,3.6952650294506197,3.6265659150460103,0.245294452637881,0.18896791948571146,0.3022727459007098
d1e8e721efb5d89ec4e6260550199af0cd7da029,1.0,0.003158078534274682,0.002965381326308437,0.003430482219445381,12.632314137098728,11.861525305233748,13.721928877781524,0.5494043264665799,12.632314137098728,22.992746013381,0.10563260840483882,0.08177061986803466,0.1273761219379118
d1f00719d5259ca3f0a0fb0cf144fd3707bbdf9b,1.0,0.0021919067094383483,0.0020923561579097374,0.00240364284363008,8.767626837753394,8.36942463163895,9.61457137452032,8.767626837753394,8.548289205502119,0.9749832381886046,0.10772867409479592,0.05191909873937786,0.1487140755486124
d1f4de1adda31e280746aa4868fa53fb7c265465,1.0,0.0002843137790849173,0.00025867503932670567,0.0003045529523773676,1.1372551163396691,1.0347001573068226,1.2182118095094703,0.5938038168056229,1.1372551163396691,1.9152034462451777,0.0,0.0,0.4669284268107689
d1fd154ceedcf8f9ddcc327abeea6a9f84afe233,1.0,0.003394586982907647,0.0032572335580492583,0.0035515941726014188,13.578347931630589,13.028934232197033,14.206376690405675,10.45702232563387,13.578347931630589,1.2984908618149587,0.02093641780929475,0.01326625246438205,0.028170397030031026
d2039508790f29d32322dd106e9b8693119de10f,1.0,0.0030846941076683307,0.0030156129670498473,0.003181552915914004,12.338776430673322,12.062451868199389,12.726211663656017,9.854979432959668,12.338776430673322,1.252034721595326,0.0869963449230786,0.06519076871369389,0.11132438942354825
d20705910d0877206cae9ccecb57ae6b363eb4a1,1.0,0.0007005936016519144,0.0006846606078554104,0.0007340426214939268,2.8023744066076577,2.738642431421642,2.9361704859757074,2.6134530014911554,2.8023744066076577,1.0722880438288769,0.1428738377114984,0.09384673303039576,0.1935324770546501
d20cab4abc72d48aa6682bd15dff77b2d6fcbc9e,1.0,0.0005388796120774182,0.0004926117291449887,0.0006144461423394955,2.1555184483096728,1.970446916579955,2.457784569357982,1.7120595448184053,2.1555184483096728,1.2590207243862563,0.5210988265617581,0.4299316537091627,0.577022123742706
d21d09f6b63b3d55bcc3b36e5e905b4afe87dd45,1.0,0.0012514099577404184,0.0011719878740278804,0.0013849575003316598,5.005639830961674,4.687951496111522,5.5398300013266395,5.005639830961674,4.677276958736841,0.9344014185371886,0.22293657636154204,0.12619396577327513,0.30745044586877185
d228e0faf45fe5dd22ba9430b92aac8a9f91d8e2,1.0,0.0011834164492442508,0.0011434303295650258,0.001227232416014985,4.733665796977003,4.5737213182601035,4.90892966405994,4.492321297325802,4.733665796977003,1.0537237841369158,0.14041109608587132,0.08950491749012242,0.17958860057149953
d235c614dd7f04657288c5aee6dfc0b458774e29,1.0,0.004025849096931245,0.003859737190349428,0.004187368798262972,16.10339638772498,15.438948761397711,16.749475193051886,12.360912302919184,16.10339638772498,1.3027676269430342,0.05301442685275967,0.040531167726845056,0.07410864543271632
d23ee75998e15eddfe463c2398e6750306034196,1.0,0.0011482140187587674,0.0011243919594102808,0.001188319934569573,4.592856075035069,4.497567837641123,4.753279738278292,3.8694888019001783,4.592856075035069,1.1869413015951018,0.06747640969804237,0.046681908816485956,0.0843964843259017
d247fc4588b90a3d80ab5061be0567a0f26cdce0,1.0,0.0008285580638810905,0.0007735117492988777,0.000887619193190246,3.3142322555243617,3.0940469971955107,3.550476772760984,2.89414389590868,3.3142322555243617,1.14515116549994,0.49679353795564185,0.1789695766504318,0.666342368791968
d24c7a0a88d88c52ae41d6ce666ce556a62121ad,1.0,0.0016133232492973526,0.0014884071442129456,0.001732779067403247,6.45329299718941,5.9536285768517825,6.931116269612988,6.45329299718941,5.748084154100366,0.8907210871416836,0.05422902845915242,0.017650438727301924,0.09022217392281494
d24e098f8a03660be9b092a82d8d06df9bc1a551,1.0,0.002165908530813328,0.0020885291042443627,0.0022358413207165845,8.663634123253312,8.354116416977451,8.943365282866338,6.978116199508938,8.663634123253312,1.241543401622201,0.04570281595011057,0.011934160378618382,0.06740201467433679
d24f578a698b4ad59ad49e82eeb0d36c98e8838d,1.0,0.0023770505885049734,0.0022810997473974616,0.0025367987987038472,9.508202354019893,9.124398989589846,10.147195194815389,8.369255790998274,9.508202354019893,1.1360869582032176,0.09404351470816587,0.05857019889525697,0.11739841053704621
d25021a9abdfddb1c16818238d8f59b7f560fd06,1.0,0.003075750435102068,0.0029955297266488377,0.003188148376744201,12.303001740408272,11.982118906595352,12.752593506976805,11.978243588111344,12.303001740408272,1.0271123349519504,0.0822800618286965,0.05554082409964754,0.10525182506214835
d2559a21d67a20c3a7f25d01fe57858b8420ec57,1.0,0.0028776421245836326,0.0028125094374444586,0.002975748695004851,11.51056849833453,11.250037749777835,11.902994780019403,9.319249866361867,11.51056849833453,1.23513895038723,0.084008187663469,0.06392263311518413,0.10612454450482639
d258b58a0b8f96330c5bf27cdf43f642ab40c38a,1.0,0.0014589925022616924,0.0014158929977055124,0.0015128584250359363,5.835970009046769,5.663571990822049,6.051433700143745,5.2434752301584,5.835970009046769,1.1129965820150294,0.03331758502262647,0.003842179090230491,0.060029219429545685
d25baef0ee0891e99e8aaafbeb3fed13f6fcfcd7,1.0,0.002345362859613566,0.002261864896965068,0.002431264293564565,9.381451438454263,9.047459587860272,9.725057174258259,6.501389142378567,9.381451438454263,1.4429918334379244,0.044120675017416955,0.034057138335182625,0.05809368368911533
d25d224975b834fe91df08173cb7f582f038b6dd,1.0,0.0007886903114611524,0.0007484897391646231,0.0008208836314076582,3.1547612458446097,2.9939589566584925,3.2835345256306327,2.444533107466991,3.1547612458446097,1.2905373366423956,0.1466140738603395,0.09385128890305779,0.1863887198033732
d25e155a7b06e2eabdd8039c40f6aa21219fae87,1.0,0.0009109292396258095,0.0008699583961068149,0.0009480248818053823,3.643716958503238,3.4798335844272597,3.792099527221529,3.190829513400719,3.643716958503238,1.1419340780196812,0.15538488698322628,0.12946745621266464,0.1853805552415498
d26537ebf127d208d1b9e80aef4e611c408308f6,1.0,0.0021829843977696634,0.0020907315205790965,0.0022971957485876664,8.731937591078653,8.362926082316386,9.188782994350666,5.551171395120025,8.731937591078653,1.5729900897592184,0.11871209741423257,0.09769443056814348,0.14555773372997566
d27c6c40fc73d9427a1efbe6aa4b30e7e5353081,1.0,0.0018645613432878515,0.0017898517815023985,0.0019426137780647196,7.4582453731514065,7.159407126009594,7.770455112258878,5.8834741032845566,7.4582453731514065,1.267660100515732,0.1253021476341654,0.10136246320792414,0.15638051989062587
d2920f1be6e48d921d32855d045b13478701de50,1.0,0.0017465120904581564,0.0016863709616454212,0.0018133187268061614,6.9860483618326255,6.745483846581685,7.253274907224646,5.4620044785480735,6.9860483618326255,1.2790264799800526,0.03607750178210173,0.021490349997188636,0.05024715063110683
d2abf4c4f66bad5039974390f76e2454585b14d3,0.8907933845710655,0.003286723263318904,0.003041131828936898,0.0035832979713619484,13.146893053275617,12.164527315747593,14.333191885447793,6.690416598628882,13.146893053275617,1.9650335460380612,0.09172134580483038,0.055988103160841504,0.11921240435895533
d2b0748edfa503ae3516caf43087905cfa7ae085,1.0,0.0009531520656921326,0.0009167900795709935,0.0009892256207862653,3.8126082627685305,3.667160318283974,3.956902483145061,3.0606172733179022,3.8126082627685305,1.2456991261228239,0.11400453689608205,0.08097281859358774,0.14110408872419694
d2b130c663d8ccd7e85d3e734c91bf915e4cc982,1.0,0.004676718597907463,0.004449136624524609,0.0048902297849269805,18.706874391629853,17.796546498098436,19.56091913970792,17.18507969978854,18.706874391629853,1.088553251915383,0.06108994296185618,0.03598341891589896,0.08235174641630327
d2bff76874575711bbdce17210850342a28cf807,1.0,0.0016170122553462972,0.0015616601312272989,0.0017047184582951402,6.4680490213851884,6.246640524909195,6.818873833180561,3.8735690949943358,6.4680490213851884,1.6697905375545254,0.12794055866545337,0.0794967066620294,0.16831947030645533
d2c64b024170b251076696b96e9457bd9f273277,1.0,0.0014233442367175518,0.0013726511959648953,0.0014765570209559883,5.693376946870207,5.490604783859581,5.906228083823954,5.126299389286836,5.693376946870207,1.1106212326904812,0.12537696626530587,0.08865561791100451,0.16772974678307626
d2caf7fe638cbf3d92edcaabb2926b9691de2c30,1.0,0.0022327827854425725,0.002181191875060961,0.0023163255179041455,8.93113114177029,8.724767500243845,9.265302071616581,5.106916139876414,8.93113114177029,1.7488305852593111,0.19438541544482982,0.16754330687839825,0.23166474424762332
d2ce721b4ddc961328030e32e79bc2e481a66012,1.0,0.001663057535701316,0.001570522250246439,0.0018260009777463862,6.652230142805264,6.282089000985756,7.304003910985545,6.652230142805264,6.334865930891703,0.9522920576858264,0.12098073800107226,0.05557791184275552,0.16946606945692247
d2cedc1da13c02ce9704dfc8e3a251a5e6dc237b,1.0,0.0016805504563128409,0.0016119021964677684,0.0017629038133344075,6.722201825251363,6.447608785871074,7.05161525333763,6.518442132000211,6.722201825251363,1.0312589556100926,0.1481312886482141,0.10033328076283357,0.1931073877048809
d2d1b96a1015244a6363ef279f6651b8189c77dc,1.0,0.0026847771886083526,0.0025775136642899915,0.0028105323583554227,10.73910875443341,10.310054657159966,11.242129433421692,6.00359439820441,10.73910875443341,1.7887798612186934,0.05968341795113451,0.04200401603494278,0.07116619083742123
d2d3651c75e26805438dead94ca43a05a7dfa911,1.0,0.00236805734294891,0.002278936317870918,0.0024577114675584095,9.47222937179564,9.115745271483672,9.830845870233638,7.635007001833604,9.47222937179564,1.2406313929405453,0.04322901636897358,0.02891799592885728,0.05889645944278661
d2d8b14531c80ad0ef7b63ccd332ad9977e2c186,1.0,0.0011671748617925477,0.0011262985995076668,0.0012156763198657675,4.668699447170191,4.5051943980306675,4.86270527946307,3.978913867940731,4.668699447170191,1.1733602691898568,0.09188473124523644,0.004525541771937174,0.15296914901675676
d2dc1e0a88a9216829bdedbe8ff43b0c0052f7d8,1.0,0.0020821598800066683,0.002002747727339385,0.002175053545883122,8.328639520026673,8.01099090935754,8.700214183532488,7.467382074502766,8.328639520026673,1.1153359285665392,0.1779082440271004,0.13459072684962814,0.21725375550800216
d2e0a763645b93daae907d37aad38fb2b68bffbe,1.0,0.000673625276744376,0.0006402622523637692,0.0007235123967427033,2.694501106977504,2.5610490094550764,2.894049586970813,2.2400729823217294,2.694501106977504,1.2028630889448886,0.20384173015482906,0.0964407084538872,0.2638290715023675
d2ee8c9986b35976e88b279b530b0f76c1c673ac,1.0,0.00018119538053574792,0.00017054794097288553,0.00019556273848126494,0.7247815221429916,0.6821917638915421,0.7822509539250598,0.47848281142772586,0.7247815221429916,1.5147493386028743,0.47693807314469944,0.3559759422730046,0.547801932472168
d2f3e284da254bb5ecee92f3799d62e721396ba8,1.0,0.0009418061050487646,0.000907094696713885,0.0009888891775091256,3.7672244201950584,3.6283787868555404,3.9555567100365026,2.2750618783107326,3.7672244201950584,1.6558777834176004,0.043275867528790556,0.025057636037636128,0.0603852963934213
d2f89e7322ca8b74b3ebda61c08e17de22718aff,1.0,0.0011622761304634687,0.0011046996461972097,0.001215224888811554,4.649104521853874,4.4187985847888385,4.860899555246216,3.751921234212966,4.649104521853874,1.2391263653031108,0.43268504768991556,0.3784307432828134,0.5000516459283084
d2fc66911f7a0174b399eed7bbb9417015ca7ffa,1.0,0.001106483252655732,0.0010233001809436613,0.0011705551328211707,4.425933010622928,4.093200723774645,4.682220531284683,4.425933010622928,3.0981198929126013,0.699992495475334,0.3456896814509983,0.27923154587607835,0.4003305979402291
d2fdfe4eadf25147dda7dc7a9187308185b63166,1.0,0.0037838500204948997,0.0036867303551240387,0.0040315006805065525,15.135400081979599,14.746921420496156,16.12600272202621,15.013458001033397,15.135400081979599,1.0081221848382835,0.13097843997134515,0.08024923101373434,0.18222541005737125
d302695e6522f5a65df421e21e125ebf3d09d056,1.0,0.0015198737124008771,0.001459833348000729,0.00158760287331014,6.079494849603509,5.839333392002915,6.35041149324056,3.6770500497733902,6.079494849603509,1.6533620068560604,0.11649054943595455,0.0976563340780588,0.13946487831814022
d308bae777771723a93916436a375e949997ddde,1.0,0.0019890855875918305,0.001924940958422379,0.0020991045999605093,7.956342350367322,7.699763833689516,8.396418399842037,7.683614834266996,7.956342350367321,1.0354946886306726,0.11105697219064121,0.06943904340752068,0.1589812386715724
d30987d6ddbd706a19d630e16442331866f618bc,1.0,0.002444386781869635,0.0023812551623456687,0.002556593666807255,9.77754712747854,9.525020649382675,10.22637466722902,9.609779917184854,9.77754712747854,1.0174579659200804,0.09945829524401129,0.07135945707236559,0.126261003926006
d30b132646b1a31db2864352eb7e054a551c1083,1.0,0.0013818084634540143,0.0012767328639353163,0.0014636699367311507,5.527233853816057,5.1069314557412655,5.854679746924603,5.527233853816057,4.334520376580061,0.7842115045643429,0.2364453235045545,0.14711689681005916,0.30238577845657294
d3105d8e70ef0048583a44eef830ba8e4ce37316,1.0,0.0014758069155154357,0.0014408858842072023,0.0015295553043844516,5.9032276620617425,5.763543536828809,6.118221217537807,5.262361417925061,5.9032276620617425,1.1217830158821311,0.08355500190447646,0.035846921095984106,0.12655226643678893
d31d9482cc6187b5fdf33e7e64a82e69c28ef55e,0.7935797887093917,0.00040860957642725596,0.0003547785341280139,0.0004371598937768041,1.634438305709024,1.4191141365120554,1.7486395751072163,0.8058825608822007,1.634438305709024,2.028134600554952,0.44568336310510104,0.35356499728031815,0.5279549147842728
d326aea6dfb47d0484d48d4285d058f4bf451327,1.0,0.004789716267718355,0.004666657504020731,0.004954361440339171,19.158865070873418,18.666630016082923,19.817445761356687,13.640445608799714,19.158865070873418,1.4045629901206207,0.0003875943151914212,0.00010627765772520625,0.0007305434186882875
d32f36e856766c35c167cfcee07119f7c854db58,1.0,0.0021877965413245734,0.002075512711867158,0.002306986086072972,8.751186165298293,8.302050847468632,9.227944344291888,6.606297416473421,8.751186165298293,1.324673355377006,0.06846095186344399,0.04284767188703038,0.09334206331064863
d33073c645d92e56c786fe21c664c8df8891fa81,1.0,0.0005141475636628303,0.000476919947955271,0.0006107284807603971,2.0565902546513213,1.907679791821084,2.4429139230415884,2.0565902546513213,1.924350353603552,0.9356994419531617,0.17656223056019696,0.00043359015311776627,0.2948503983081416
d337155234af0e4b51a7cbbf6746c75d2d6fd481,1.0,0.002353988728348583,0.002245836272974301,0.002479836260714383,9.415954913394332,8.983345091897204,9.91934504285753,8.930260335951491,9.415954913394332,1.0543875048622635,0.1436013990586889,0.10142170479809497,0.1960931577885986
d33afa678c5a02b7f44e46ebae844c3814726a05,1.0,0.0017310512760972938,0.0016546210299022053,0.0017935374715777632,6.924205104389175,6.618484119608821,7.174149886311053,6.43286853919283,6.924205104389175,1.076379077576797,0.011956308845954758,0.0,0.025283003610960263
d35bf3e28c02fc25d90a87793ed8960afecf79a2,1.0,0.0026148339083849805,0.0025463611007088298,0.003027119062584316,10.459335633539922,10.18544440283532,12.108476250337265,10.192144781906016,10.459335633539922,1.0262153704986852,0.04346602790623656,0.004371805417693108,0.0701264888451339
d354dae3ff721458aa5ca78cd56a00ba69fceaa0,1.0,0.000934642411688978,0.0007437565799549704,0.0012773485230815737,3.738569646755912,2.9750263198198814,5.109394092326295,3.738569646755912,3.061517311838458,0.8189007029720695,0.0,0.0,0.001521807230698822
d63aab3dd59baddbf7af338efc1c5614e3ab09e6,1.0,0.0015154815807335567,0.0014635963718684236,0.001666094495423728,6.061926322934227,5.854385487473694,6.664377981694912,5.331257834677659,6.061926322934227,1.137053676808476,0.1300685253859597,0.0,0.242609472822031
d63cab1976e6d03b00f8f7383b4a3dba433871db,1.0,0.001983112663231918,0.0019192598970690013,0.0022256056454580844,7.932450652927673,7.677039588276005,8.902422581832338,7.775308754642995,7.932450652927672,1.0202103740498845,0.08601775213700695,0.016694167458940725,0.1688906501042484
d640539b31889cf7c80328737e6d0f0e0a17a50c,1.0,0.0029037546058927294,0.0027671816311478515,0.0031192012521334286,11.615018423570918,11.068726524591407,12.476805008533715,9.153184895197963,11.615018423570918,1.2689592263851794,0.006617685585410065,0.0,0.03654305736553155
d6407cdd396a67d68cded55bf326ccd3e648d009,1.0,0.004159601808984112,0.004062547810527481,0.004292622550111567,16.638407235936448,16.250191242109924,17.170490200446267,15.875774657114567,16.638407235936448,1.0480375033844485,0.00492563636068638,0.0015537279116360568,0.007512611728861297
d64ce1a3a8ca7a12546aed08bd5baffec4f529da,1.0,0.0009302223126743364,0.000887378771236327,0.000969224775218867,3.7208892506973457,3.549515084945308,3.8768991008754683,3.036878827698196,3.7208892506973457,1.2252346773801297,0.03842297634243247,0.023795488532968298,0.055287591859994455
d64a568f701853b8b7a9d1c7e0eb05dfdf305e78,1.0,0.001035175865804525,0.0010025627424304119,0.0010847866727623449,4.1407034632181,4.010250969721648,4.33914669104938,3.0185054720649713,4.1407034632181,1.3717727204865486,0.016412943249155054,0.008087177286434728,0.02562892665881885
d650f690368944bef98e645f633bd7d5b2874a9c,1.0,0.005658080807372688,0.005468068081640935,0.00591393694901546,22.63232322949075,21.87227232656374,23.65574779606184,22.21279220996823,22.63232322949075,1.0188869105494198,0.013198091248781449,0.000276378458395609,0.02490304859854418
d6553813464f3d7a26654e131053a0e00470948b,1.0,0.001695812015269605,0.0015997023404871187,0.0018162476397993424,6.78324806107842,6.398809361948475,7.264990559197369,6.78324806107842,5.580055911065695,0.8226230060910615,0.18872457966836803,0.12267167086790452,0.2546310132114929
d65b824ff28c0d2735356206167b0fcaeac18875,1.0,0.001797601378003582,0.0017335549880547626,0.001865255487042389,7.190405512014328,6.93421995221905,7.461021948169556,5.966344449788858,7.190405512014328,1.205160977970152,0.31670064346678956,0.2247057600513802,0.3778285149518993
d65c7f13ee2bf154dd595e99556f45dc86b88a63,1.0,0.0008144687302483899,0.0007603280732362367,0.0008704687650192689,3.25787492099356,3.041312292944947,3.4818750600770754,1.4448814453167558,3.25787492099356,2.254769712458553,0.17707355263618094,0.13161493584873163,0.21438311066438737
d65f61131033f14f0ce88dbb99ba8885438dad70,1.0,0.001028137484005659,0.0009914192037349203,0.0011674074882211413,4.112549936022636,3.9656768149396813,4.6696299528845655,4.112549936022636,4.070368489697861,0.9897432378983902,0.15893411357015463,0.054464995462880944,0.21218506020045388
d66b941d3f248590e6e08af417a695e9cd50c788,1.0,0.0027645841134867452,0.002581426448697509,0.0029877409185562567,11.05833645394698,10.325705794790037,11.950963674225028,11.05833645394698,10.382793159884455,0.9389109476930947,0.03944671999753778,0.0,0.09285369708681396
d670a2792d2b23aa22946b0b0cecc9ad64af0369,1.0,0.0025710913827016128,0.002475643538852122,0.0026729934262885364,10.28436553080645,9.902574155408487,10.691973705154146,8.78470127839927,10.28436553080645,1.1707131756539872,0.035754516675544086,0.02538024445382328,0.04600355043488612
d67b687d0245be933165d23e2f04488bd6e850a1,1.0,0.003370989002551739,0.00325863468381302,0.0035347476759501127,13.483956010206954,13.03453873525208,14.13899070380045,13.483956010206954,13.291387086129138,0.9857186626883054,0.0946415815631602,0.06526133139886428,0.13977545048298842
d6822233e6f49ad1ccc0cac75b8a924cfcbf5cd1,1.0,0.0010937563417124819,0.0010578144888247524,0.0011357508031701797,4.375025366849927,4.23125795529901,4.543003212680719,3.0116839428987086,4.375025366849927,1.4526840962730703,0.07019029950231072,0.05259072446390707,0.09363878537340405
d68fd8179cd46cf0918bc022d560d68ab1a27036,1.0,0.0011483737170755529,0.0011088168366824123,0.001214426506728311,4.593494868302211,4.435267346729649,4.857706026913244,3.0226814820866523,4.593494868302211,1.519675458868123,0.18464101994608478,0.01514636797742124,0.2572187335127827
d691409cfa5ae8e3da14e8081c188057ef0a0564,1.0,0.0005565597794012247,0.0005322388108276071,0.0005829668459836206,2.226239117604899,2.128955243310428,2.3318673839344823,1.5880157837432904,2.226239117604899,1.4018998679957577,0.2725662987032324,0.2027600418539117,0.3238649283056277
d694db5cef1df54abbaccc14bd6a53ec0df45377,1.0,0.002364449444106268,0.0022971017989733065,0.002459358835949465,9.457797776425073,9.188407195893227,9.83743534379786,7.979377454474582,9.457797776425073,1.185280158807557,0.12998641146443288,0.10159909899460083,0.15561323358501467
d6ab80dd57128c169f61a97e9500d8bc42554670,1.0,0.001288291415506649,0.0012349947698060764,0.001547096223493671,5.153165662026597,4.9399790792243055,6.188384893974684,5.153165662026597,5.087817946023723,0.9873189180614903,0.1950115266954761,0.05504890596204498,0.3242908265062149
d6aef760a6738629be6c34dcd17c5f6b941cadb4,1.0,0.0012877145677859046,0.0012432548578877945,0.0013249637120842997,5.150858271143618,4.973019431551178,5.2998548483371986,3.8987865120495404,5.150858271143618,1.3211439649810115,0.0,0.0,0.090002389735554
d6b2fa6613ddcac234d3522f6ae9850dada9955f,1.0,0.0013462076313511353,0.0012759800969921237,0.0014386157737627165,5.384830525404541,5.103920387968494,5.754463095050866,3.355681026476316,5.384830525404541,1.60469081623618,0.25707339220660086,0.2200860021746733,0.304120162349048
d6b4b0b2e12a2b5dfd90aa767d61d23dcd277e94,1.0,0.0018778500584036692,0.0018404869779750082,0.001959733984488628,7.511400233614677,7.361947911900033,7.8389359379545125,7.454035068540931,7.511400233614677,1.0076958539296186,0.1393223313325761,0.11447246743317095,0.16670641056011795
d6bcfeab16f398312977f3093f36521819054ff6,1.0,0.0017889170072019956,0.0017180153143443874,0.001876321480473676,7.155668028807982,6.872061257377549,7.505285921894704,5.591387955161266,7.155668028807982,1.2797659697719186,0.13958739694402433,0.038490753777709885,0.20373507776616845
d6e71faab76756b4e3772714091bd982a3bfd61e,1.0,0.002176617982284971,0.0021070769593625723,0.0022501632777453704,8.706471929139884,8.428307837450289,9.000653110981482,7.745453738619432,8.706471929139884,1.1240751314191886,0.11333183119801947,0.08253128251334639,0.14347496316215375
d6fa333cc2a3817dd6a8b7a6a7158cb242b43947,1.0,0.0018242140226668998,0.0017437484600561044,0.0019679302739251565,7.2968560906676,6.974993840224418,7.871721095700626,7.2968560906676,7.1066414198951895,0.9739319690002264,0.10894268903107765,0.08039362747748408,0.13625026291594292
d6fbe2c03df874cbe07b7e84af64cc3ec67305dd,1.0,0.00334392954783542,0.003236943082028758,0.0034562979421531026,13.375718191341681,12.94777232811503,13.82519176861241,11.235613528547983,13.375718191341681,1.1904751046621547,0.0567217010452061,0.03817087561067141,0.07834923360510601
d71719fb882c5ea08e264b7e2f882495508b07fc,1.0,0.001474253080270271,0.0013680713127840938,0.0015613612003110681,5.897012321081084,5.472285251136375,6.245444801244273,5.897012321081084,4.3118197529501945,0.7311871704144108,0.1332033408756765,0.07917262159191907,0.20260757458280246
d71c7a664741316cd06f4dc59ad685175450d61f,1.0,0.002099619547216431,0.002030223773011116,0.0021923994661766505,8.398478188865724,8.120895092044464,8.769597864706602,4.145178201308289,8.398478188865724,2.0260837486347443,0.1214430192602942,0.07520765531157378,0.17035733319533908
d722ffb8473083bfa097245ca8ef9c4d9d3fff75,1.0,0.0012327843199756586,0.0012015384661140825,0.0012635872327351454,4.931137279902634,4.80615386445633,5.054348930940582,4.471425969432681,4.931137279902634,1.1028108960346445,0.22921659486342805,0.19868835197197574,0.26065511539717345
d72506e4cca85e2f1fb280a0d6556c5aed0b9069,1.0,0.0018543952575870565,0.0017765820953044272,0.0019791509241585932,7.417581030348226,7.1063283812177085,7.916603696634373,7.417581030348226,7.136265807711491,0.96207453326283,0.05174133157712391,0.027235487554942,0.07138113528713687
d72fdb2afd1fbdaf35b49b0f0570511bbbcb9fe0,1.0,0.0020270386668631815,0.0019525170203891595,0.0021238857600878206,8.108154667452727,7.810068081556638,8.495543040351283,7.26951278751075,8.108154667452727,1.1153642485343433,0.017356476968053106,0.004560014001609621,0.02789360594688383
d7327a6ac7ab3709f1a5bb9c0bf5f7272832d483,1.0,0.0007729496676951662,0.0007223974896547445,0.000825460778014865,3.0917986707806646,2.8895899586189784,3.30184311205946,3.0917986707806646,2.191196250273429,0.708712462742654,0.3413809511336947,0.28092570795412364,0.3972954785696565
d73943e8c0ecbc622b5e85d0c7a77f99a529e001,1.0,0.001990689614043458,0.0019457849393319253,0.002136900215700952,7.962758456173832,7.783139757327701,8.547600862803808,7.594992428615434,7.962758456173831,1.048422171715771,0.08850905989014193,0.025282982943183575,0.15060704927096097
d755946a9f1e202d828e82810e8e8a9a25865b45,1.0,0.0027826625952415114,0.002603267446826582,0.0030118606886085676,11.130650380966046,10.413069787306329,12.04744275443427,11.130650380966046,9.925220338888016,0.8917017424121618,0.1224148094074397,0.05845040706290223,0.172040932802748
d75b48ce21bc40ac1148e70abb79ef50605171e5,1.0,0.001885981888947856,0.00182494768113561,0.0019995461846935773,7.543927555791424,7.29979072454244,7.9981847387743095,5.806892029957132,7.543927555791424,1.2991334291860623,0.013133116314886763,0.0,0.02959144330100574
d75b8c634d7120c61304ed0c0143f42dde01896b,1.0,0.001594502244819402,0.001564907597867268,0.001647528203244983,6.378008979277608,6.259630391469072,6.590112812979932,6.083961928419292,6.378008979277608,1.0483315073825115,0.15438128107411442,0.10004573845136672,0.19399395417938922
d76265d6e43e692428062468775e729b0a595287,1.0,0.002950994366723154,0.002893788578792666,0.0030323368624574393,11.803977466892617,11.575154315170664,12.129347449829757,9.377360342920884,11.803977466892617,1.2587740083811139,0.024275287685455352,0.018518301365222548,0.0285171992938207
d762328b9e399437cea3912e2697a6d9b5f497ce,1.0,0.005304681543542601,0.005077073185516567,0.00546745765634998,21.218726174170403,20.308292742066268,21.86983062539992,21.218726174170403,19.518050241558555,0.9198502342387507,0.077146800883299,0.05333914530073503,0.10683271159723018
d77a1539bc6d8f2c76a5249a5aa6cb3dcd666116,1.0,0.0028504306252930883,0.002812598465328642,0.0029777887160642854,11.401722501172353,11.250393861314567,11.911154864257142,11.32830408454365,11.401722501172353,1.0064809715629788,0.12466592823681247,0.09640924460424014,0.1573179788694247
d7687ef48ee9762488512d3bd9855b045a987b56,1.0,0.0008802690768512334,0.0008472984247077278,0.0009273489864224387,3.521076307404934,3.389193698830911,3.7093959456897547,2.1938323947301113,3.521076307404934,1.6049887474827367,0.07161488622802299,0.04940302912856203,0.10322541257516951
d786cf161f4480a48029c38d22be4548da4b885f,1.0,0.0007664717970764808,0.0007331826122829283,0.0007937702788667493,3.0658871883059233,2.9327304491317134,3.1750811154669973,1.4616432850466474,3.0658871883059233,2.0975618467730843,0.115469090190403,0.09079316539001127,0.1398754848303513
d78ce1b4bac94e61ed504ef3d9de71a97b44d539,1.0,0.004662318938881184,0.004469298365466242,0.004885131827419255,18.649275755524737,17.87719346186497,19.540527309677017,15.385577520933309,18.649275755524737,1.2121271190601006,0.04601716704761809,0.020862415625031955,0.07116675138738786
d7987b951a773aae117721de6691db83d9102315,1.0,0.0014435790976103022,0.0014005530813395288,0.0014974758005433656,5.774316390441209,5.602212325358115,5.989903202173463,4.635257459207532,5.774316390441209,1.2457380072753104,0.1598230646234288,0.12940233783033545,0.18299239485601684
d799ce7ca0513578e0e08637fcede8f24359c2c7,1.0,0.0009959956600376534,0.0009500851200270452,0.001046201387385721,3.9839826401506135,3.8003404801081806,4.184805549542884,2.150780242727168,3.983982640150614,1.8523429595480028,0.0453634662247338,0.03230664465206204,0.05933246033199243
d79bda821a75ed650f7b0cbfdeac7df757b2f329,1.0,0.002179209981427012,0.0021163456920059755,0.002256881777162106,8.716839925708047,8.465382768023902,9.027527108648425,8.041156696969606,8.716839925708047,1.0840281136410486,0.062472249028386405,0.03274766683084033,0.0911264729085768
d79cd7c4450628e0fb196f52fec4c2480b899e98,1.0,0.0017931946593432605,0.0016964527511456858,0.001938528314809982,7.1727786373730416,6.785811004582743,7.7541132592399284,7.1727786373730416,6.950205168749702,0.9689697006033836,0.14215264636733757,0.0973974913257841,0.17715312701414065
d7a002d0d22261151eea056b86d2adb55a7ac98f,1.0,0.0019230725061726236,0.001857979411085239,0.002021490448944163,7.692290024690495,7.431917644340956,8.085961795776653,5.361505169811038,7.692290024690495,1.434725843034411,0.05116999214369917,0.04143108396184924,0.06421609180603877
d7a162371fefa1d9303c278a377fbe3a7c1e82df,1.0,0.0014976765898222057,0.0013686415424049817,0.0016030974229604429,5.990706359288823,5.474566169619926,6.4123896918417715,5.990706359288823,4.82821473226371,0.8059508249436022,0.3140764661204083,0.22175378944098975,0.374973653883619
d7a42b8665036912de2cf4cc4903d656e4d965e2,1.0,0.001033297235799162,0.0010053245853512464,0.0010881840994443595,4.1331889431966475,4.021298341404985,4.352736397777438,3.4292984574996184,4.1331889431966475,1.2052578667096396,0.07560345338478448,0.05717616838218998,0.10312943706094777
d7ac52861c7910cc6cffc988623afbeb3444b40c,1.0,0.0012905136397288817,0.0012222212037120322,0.0013673813858395534,5.162054558915527,4.8888848148481285,5.4695255433582135,2.5905303527939485,5.162054558915527,1.9926632217793272,0.2590337602991435,0.21610599744623124,0.2959397147294299
d7ad7d0fcd0cb8269d3c8922654a1b9f242e2ca0,1.0,0.0013790423640273927,0.0013236943610375827,0.0014667035241988648,5.516169456109571,5.294777444150331,5.866814096795459,4.3028092042757295,5.516169456109571,1.2819925760659148,0.09347980354020767,0.02092519671128359,0.1718637524156473
d7b123858aefb25f40cec77c49d79fc1fd10fe52,1.0,0.0013180551457588903,0.0011987689806388377,0.0014068389369289985,5.272220583035561,4.795075922555351,5.627355747715994,5.272220583035561,4.664657421176288,0.8847614297826932,0.28874678800128706,0.24454021282809674,0.33095739971803473
d7d868e951f48e41e137a590946b7f2438d976bd,1.0,0.015689053577407176,0.015003087123267719,0.016320738176456143,62.7562143096287,60.012348493070874,65.28295270582457,52.540795246815186,62.7562143096287,1.1944283297355065,0.0016951386060330162,0.00013947943562220963,0.0033659173315556397
d7e0ab5b762f02e8a53f80976fed21a7fb14cd12,1.0,0.0025516822721809,0.002514776695927941,0.0026932492181230825,10.2067290887236,10.059106783711764,10.77299687249233,10.2067290887236,10.193855867269733,0.9987387515293131,0.03233649289099526,0.00824458038371288,0.05424378635796975
d7fbaf6067fec67e0ffab6aae4b79c3d05442ea2,1.0,0.0020404712881676636,0.0019484830169817506,0.0021264572477016973,8.161885152670655,7.7939320679270025,8.505828990806789,8.161885152670655,6.873693710626037,0.8421698641982107,0.11246722203088713,0.04844931387560811,0.15956550928330615
d7eb4216a3535ac36cdffe65781cc1cdaca015e2,1.0,0.0031092601517105065,0.003006364670516193,0.0032257975901215353,12.437040606842027,12.025458682064771,12.90319036048614,10.810019506752472,12.437040606842027,1.150510468466152,0.07120865966153148,0.029176906530988325,0.10663427723648763
d800bd1e1647fe1f260ee76169da1b85e6901aa6,1.0,0.0013482600427264237,0.001257565499781937,0.001444039837447472,5.393040170905695,5.030261999127748,5.776159349789888,5.393040170905695,5.016308335517628,0.9301448119336372,0.11861799022859115,0.08780774948537053,0.14372487725685218
d803399288f8a5a7386d798d45748d5ee657fe24,1.0,0.002043556145165967,0.001988427429192415,0.002101321370638109,8.174224580663868,7.95370971676966,8.405285482552436,6.191228203554721,8.174224580663868,1.3202912753192655,0.1785085938557315,0.11790562149078514,0.20552964954590822
d8094ee0147b4e95776b04d35d46db85b26057d1,1.0,0.0008818486213881216,0.000861764759073502,0.0009158416485792809,3.5273944855524864,3.4470590362940077,3.663366594317124,2.7179751340319185,3.5273944855524864,1.2978023387284832,0.08583888581958247,0.07323907224372875,0.10332677448292933
d80bf796bf2562f55931cab7ede0255d20f99ff4,1.0,0.0014947057233402543,0.00144550230513871,0.0015440130554314434,5.978822893361017,5.782009220554841,6.176052221725773,4.744157505444912,5.978822893361017,1.2602496621368637,0.21370563305668372,0.17388915244942832,0.2533219677190984
d814a908147ed49b0d5676420503b5718826d116,1.0,0.0005995592121785813,0.000524404829828615,0.0006549762253558816,2.3982368487143253,2.09761931931446,2.619904901423526,2.3982368487143253,1.95047444639698,0.8132951703425845,0.3289318609096797,0.18502298703601214,0.43207625005284006
d81d4d3e73422d796537910032d64967412689a3,1.0,0.002228621641441625,0.002150792177469939,0.002325956689824047,8.9144865657665,8.603168709879755,9.303826759296188,7.4321715960268575,8.9144865657665,1.1994457408023342,0.15551374631327333,0.05235088655995478,0.21589065105523997
d81e856322dea78f99a2f01cefb8146e7eabf420,1.0,0.0018572313162368566,0.0017479212843437937,0.001964118166241545,7.428925264947426,6.991685137375175,7.856472664966181,7.428925264947426,6.694493388146219,0.9011388793656945,0.12641787299057092,0.09356321170535212,0.16113944006871717
d820afd9633718434427380a397dfac55f979450,1.0,0.0011920654154001285,0.0011364020634821487,0.001238174293016965,4.768261661600514,4.545608253928595,4.95269717206786,4.571705127351552,4.768261661600514,1.0429941408672674,0.15668057986625386,0.11275958645410294,0.1848062810267033
d83bc540160c74e76172bfeaaf02a52cbe264862,1.0,0.002407777207628055,0.002334611302245069,0.0024824872759098733,9.63110883051222,9.338445208980277,9.929949103639494,7.1893272352404445,9.63110883051222,1.3396397903968982,0.10241773724958766,0.08221014041006912,0.1269098287223123
d8411cb976ac951c9b3ed2239b9cde62f738be36,1.0,0.0008197554106409002,0.0007897364145987274,0.000863133921040355,3.2790216425636007,3.1589456583949094,3.4525356841614196,2.118587546646252,3.2790216425636007,1.5477395058581973,0.14376308713927022,0.1029688606949438,0.17226100686779663
d841fcd14ecb564b6e0e32dacc2d2d786c7bcf73,1.0,0.0037773044683638312,0.0036249347176075274,0.003993480078015916,15.109217873455325,14.49973887043011,15.973920312063665,12.964901611596485,15.109217873455325,1.1653939479140245,0.14315263836537023,0.09754942940439895,0.18748011377260793
d8443f408a68552bccf3d9eef79df226100413b5,1.0,0.0017946416400829775,0.00174319421653459,0.0018390363935081426,7.17856656033191,6.97277686613836,7.3561455740325705,6.390015640692551,7.17856656033191,1.123403597734214,0.036499864306346136,0.02213918801926557,0.048533993428784804
d84dda8db4526ebeeb4ad41b78e309831c3033b1,1.0,0.004032896744432438,0.003923061413065417,0.00425640279492288,16.13158697772975,15.692245652261668,17.02561117969152,16.13158697772975,15.955177133111599,0.9890643217643936,0.09781410480466754,0.07418404317222743,0.12097344520174522
d85204f619bd271d39403111aa3f31df08f87c21,1.0,0.002006653978844125,0.001942453484702598,0.0020739135837654953,8.0266159153765,7.769813938810392,8.29565433506198,7.133972076549849,8.0266159153765,1.1251257825582004,0.09148390884368293,0.04348774719860217,0.12922567132578525
d85ba6505b2b40803340cc9bdd7e3356999da503,1.0,0.001985005120616441,0.0018950550884685748,0.002195313915629358,7.940020482465764,7.580220353874299,8.781255662517431,7.940020482465764,7.544897697000841,0.9502365533769734,0.15946295042679184,0.09677287548171268,0.2130640774321372
d85c2772fb0a905db275c642fb5411e463ba13d7,1.0,0.0021180751201097837,0.0020578578880377867,0.0022041828952220157,8.472300480439134,8.231431552151147,8.816731580888064,6.939933387107907,8.472300480439134,1.220804294199402,0.032345397467307344,0.023876068502035542,0.04237833545250967
d85fae2d14cb47d43d1da8ed4de98d08fef537cb,1.0,0.0009932564501127514,0.0009341798395535769,0.0010344108116580029,3.9730258004510057,3.7367193582143075,4.137643246632011,2.3345770704431317,3.9730258004510053,1.7018182225600613,0.13961039312904713,0.10941610021171626,0.1643251088634468
d8609a0e5961973bbeb6ca97d1d57eeeab13ec59,1.0,0.001083142552633321,0.0010305605400164515,0.0011407940818912807,4.332570210533285,4.122242160065806,4.563176327565123,3.932503398242287,4.332570210533285,1.1017333672158596,0.09219584987955465,0.05630457255219465,0.12738706447232445
d8689a267fc6003ad045751a76217d17575caa83,1.0,0.0020282917230467937,0.001965448669272867,0.0021146396468847903,8.113166892187175,7.861794677091468,8.45855858753916,7.741373349259212,8.113166892187175,1.0480268198101492,0.05056861979820195,0.018219248642177766,0.09170589406400227
d86b86d07d3a77979aa6b4cb3507fc35b95c26b1,1.0,0.0013603503926668307,0.0013237229113252957,0.0014591159546393203,5.441401570667322,5.294891645301183,5.836463818557281,4.952766214886289,5.441401570667322,1.0986590795084101,0.09541995542934655,0.0,0.19161648639800896
d87142f21af9727189d395e3b48c15cfc701af47,1.0,0.00788102802665255,0.0075380653739411056,0.008214506953706072,31.5241121066102,30.15226149576442,32.85802781482429,26.86615517818392,31.524112106610197,1.1733763874113505,0.011246927852377103,0.005430780317749217,0.01600344694373669
d871675a9c252af547941e3be3d4c6707435ac78,1.0,0.0015608613117433668,0.0014632653085250276,0.001626403786383105,6.243445246973467,5.85306123410011,6.50561514553242,4.892448863354998,6.243445246973467,1.276139091353123,0.00367714043135771,0.0018095072863692572,0.006248774328983818
d872e03407ee9a07f3fa79f69293fbf3ca30c89c,1.0,0.0029495624375624396,0.0028721850905735337,0.0030474640028837693,11.798249750249758,11.488740362294134,12.189856011535078,11.687485188057103,11.798249750249758,1.009477193802636,0.18049038495390818,0.12952829669502333,0.24146925534448596
d873670222d4f9a94c9d13a8a9287fd83b3e605e,1.0,0.0018690043719896965,0.001796347745205886,0.0019514004784224118,7.476017487958786,7.185390980823544,7.805601913689647,5.95630966566025,7.476017487958786,1.2551425140066284,0.004654902061891914,0.0,0.011830728405246951
d876849c31ad19512b6c945d6c6cf5509c075ed6,1.0,0.0003504969882017158,0.0003323030421011565,0.00036925074666577923,1.4019879528068633,1.3292121684046259,1.477002986663117,0.9164668326892066,1.4019879528068633,1.5297748950641046,0.0296582125151413,0.024065171060416418,0.040517698112290924
d87c906c8c67122ff00b037703b79b69bce52c52,1.0,0.0018777686734883006,0.0018331778669722985,0.001924078626922618,7.511074693953202,7.332711467889194,7.696314507690472,6.043930226761113,7.511074693953202,1.2427467578457336,0.07259589839409461,0.040276749375530725,0.1003199132402286
d87f86ac5de306719e03ecb619a5a176bed6af45,1.0,0.0010885236401404006,0.0010488453448452913,0.0011302121194652604,4.354094560561602,4.195381379381165,4.520848477861041,2.788776316741398,4.354094560561602,1.5612921461012808,0.05724986294281792,0.042143561557342404,0.07500172253753698
d8856f3d370bf69a6ff7ca57eef3375b1dedc693,1.0,0.0022160854165556984,0.0021023937218401997,0.0023288723621519942,8.864341666222794,8.4095748873608,9.315489448607977,8.864341666222794,8.26942844903467,0.9328869261148839,0.15237808996398042,0.10937119472051855,0.19853711900962961
eb8237a3ec651507405e4848cff260f89d21cffc,1.0,0.0022586809103642552,0.0021389571188192673,0.0023727364991109143,9.03472364145702,8.55582847527707,9.490945996443658,6.080946239181266,9.03472364145702,1.4857430547969208,0.040358947673816314,0.028704779197741056,0.053192820171711314
d885b78e460b49406e6223b54c7120722feaac95,1.0,0.0021069710853977375,0.0020036443299141587,0.002223391337636795,8.42788434159095,8.014577319656635,8.893565350547181,7.0072707988616685,8.42788434159095,1.2027342147188118,0.08443832667996945,0.0599698343351102,0.10717075418990112
eb9e96c9b1e3bfea60f68805ebb0def20df12fd5,1.0,0.0020608026760907533,0.0019808024070464398,0.002177975985577085,8.243210704363014,7.923209628185759,8.711903942308341,4.844865961881246,8.243210704363014,1.7014321488395112,0.059363918324250926,0.041372238095748345,0.07873636012054323
eba03ab7974467a2d16aa229b220927e3912e93b,1.0,0.0012404261723068688,0.0011642002384510885,0.001319821074486256,4.961704689227475,4.656800953804354,5.279284297945024,4.961704689227475,3.984742768235712,0.8030995429629502,0.24538657109887332,0.19428299198399512,0.30546794311811687
ebb3133cb2ebc8557d20fce30a3505cd7d246272,1.0,0.002245523400320332,0.00217109273759964,0.0023701285298683224,8.982093601281328,8.684370950398561,9.48051411947329,5.038462156302447,8.982093601281328,1.7827053816502165,0.020246659710484508,0.010673838449193668,0.029041983489093447
ebb4075f63ca2d9c56f402119e459638b72b7fab,1.0,0.0014138396362999904,0.001183231055188498,0.0016809606502034863,5.655358545199961,4.732924220753992,6.723842600813946,5.655358545199961,4.761550623910223,0.841953801134613,0.2062640436072178,0.002122586219812872,0.3742324943699591
ebb46a01b074f0649f48e502a33b1c2ea5a9f31c,1.0,0.0015008596170508104,0.001455108947183059,0.0015859179028847481,6.003438468203242,5.820435788732237,6.343671611538992,5.977949575333784,6.003438468203242,1.0042638186468869,0.1002941332695934,0.07205547963036663,0.14205084188307815
ebb4fddd64e95e961ced3d17bea0a2da1425b6b6,1.0,0.001157552308561416,0.0010858484739966429,0.001222088905269089,4.630209234245664,4.343393895986572,4.8883556210763555,4.630209234245664,4.363852808936157,0.9424742140507391,0.16594519860260143,0.1358018777089097,0.20488916261708606
ebb9894063bf98dab60266dbe6ad9251d94786db,1.0,0.0017955594958939383,0.0017218770020460531,0.0018617883577367468,7.182237983575753,6.887508008184213,7.447153430946987,5.670291194300332,7.182237983575753,1.2666435880392177,0.07356742909581701,0.05342246914879739,0.0938143134705746
ebbb2ea6ecd31fbda6258f8b1a57b9e2133d8404,1.0,0.0035309675352474066,0.003437989719179314,0.003654414070444977,14.123870140989627,13.751958876717255,14.617656281779908,11.765682754855455,14.123870140989627,1.2004292853435128,0.0651084779661804,0.049616064040467825,0.08434039709420027
ebc7cfcf17ce447b4ce477522e0a32b9750abc65,1.0,0.0029106699114502844,0.0028248562983226415,0.003058988961195679,11.642679645801138,11.299425193290565,12.235955844782715,10.891224172351441,11.642679645801138,1.0689964196455848,0.016856894157458613,0.008275519466612494,0.022926771786331516
ebcb6da56637bc51ce81a539a47ad0b92bcb284c,1.0,0.001946429340444997,0.0018611771279258913,0.0020655785404369693,7.785717361779988,7.444708511703565,8.262314161747877,6.542057670920368,7.785717361779988,1.190102220649586,0.06450744165366232,0.016506559453485278,0.1013539951596286
ebd1048888a7c7c2f8e7b028895507f4c156f4b1,1.0,0.0030974069181916217,0.0030455870248233723,0.003183296692149622,12.389627672766487,12.18234809929349,12.733186768598488,11.189714536347896,12.389627672766487,1.1072335788836145,0.060786749205137554,0.02879567227016824,0.08575768442622349
ebe69320d4ffe6d862bdadd85bb4ebc50ceb0b1a,1.0,0.0014024684602543516,0.0012168952659188928,0.0015564220580434529,5.609873841017406,4.867581063675571,6.225688232173812,5.609873841017406,4.750844794272338,0.8468719491579022,0.2583933479964148,0.14922408265609347,0.3212623679075526
ebe71a7032420769016ce693a706ec2c5facbd5e,1.0,0.0015538228490524822,0.0015000576874098304,0.0016503635923320647,6.2152913962099285,6.0002307496393215,6.601454369328259,6.2152913962099285,5.963023029516704,0.9594116589856018,0.027924323079793426,0.0,0.07271054739804979
ebf06b4b96ed1ec554b4d27084e90e71154ec0c4,1.0,0.0018463297778099365,0.0018013780333184747,0.0019145118108725419,7.385319111239746,7.205512133273898,7.658047243490167,6.670075024921789,7.385319111239746,1.1072317902940445,0.008839984986654342,0.0,0.05409388010176941
ec03fed440855c32e2e0a77baa611c97e05e11e4,1.0,0.001474559995031126,0.0014160309974497038,0.0018887282903285452,5.898239980124504,5.664123989798815,7.554913161314181,5.373528563909428,5.898239980124504,1.0976474601324777,0.08459966420403964,0.0,0.19159434271819634
ec0648a745c42a2fdac39d8342997fb05d993cad,0.0,0.0,0.0,0.0,0.0,0.0,0.0,0.0,0.0,,1.0,1.0,1.0
ec07e11a30f3bcb459c3e9e7698a8142f2ca27b8,1.0,0.0011998350053489893,0.0011479061014116835,0.001262729826372159,4.799340021395957,4.591624405646734,5.0509193054886365,4.327628983014167,4.799340021395957,1.1089998796646487,0.060580549890707644,0.02107451664587991,0.08811298998423077
ec0d45380bb74cbe54b670a6252952bfaa8154c4,1.0,0.0026562211049424075,0.0025194086539414807,0.0028312988580298944,10.62488441976963,10.077634615765923,11.325195432119578,6.489606651314405,10.62488441976963,1.6372154724689925,0.04171109848347457,0.029821201894698272,0.06206218796143193
ec1e541465b6ebd28b8dc2537e5dae7e49b1066a,1.0,0.0015428261599235754,0.0014720434610365394,0.0016127166051240584,6.171304639694302,5.8881738441461575,6.450866420496234,4.717077049539335,6.171304639694302,1.3082899801895298,0.09373201151263193,0.07073402896395097,0.11335540976242253
ec24e081d67ca0b8fa88622d4eb13213342f6bf9,1.0,0.001288424439997877,0.0012409289863542087,0.001381931887872367,5.153697759991508,4.963715945416835,5.527727551489468,5.153697759991508,5.00455913680781,0.971061821990907,0.10035144413491137,0.06379580858431343,0.13176634980553534
ec33c4cef1638a27dc9c17eee6ae57b3188f52fb,1.0,0.0014378090092295218,0.0013699475928795198,0.0014944241845002248,5.751236036918088,5.479790371518079,5.977696738000899,4.773166686542681,5.751236036918088,1.2049099506901666,0.030641788829581466,0.014173106742672182,0.043589213431941956
ec3eed277286e503c932e42ac643888736847296,1.0,0.0013634006776077397,0.001290634217201114,0.0014987009600594212,5.453602710430959,5.162536868804456,5.994803840237685,1.5982684433131942,5.453602710430959,3.4121944490912277,0.34885023950863747,0.30667664132429806,0.3769280361156872
ec44cdbce7eb6f68fca3399ca21e02c0b9477938,1.0,0.0012426520498463158,0.001142990956811627,0.0013520607421910816,4.970608199385263,4.571963827246508,5.408242968764326,4.970608199385263,4.6482794813495865,0.9351530627427966,0.06287685034488101,0.0023471764953542766,0.1380710802725575
ec4d919cfd5c2b2713cc0d016f96371602acb405,1.0,0.0010432377520913918,0.0010094434574427372,0.001077669064157117,4.172951008365567,4.0377738297709485,4.310676256628468,2.7502200808039965,4.172951008365567,1.517315300507024,0.09912940364149443,0.06494876786802997,0.1469518517515284
ec5b334dcee34ea79a469bec07a4d9abca014101,1.0,0.003447803283816324,0.0032722030212705474,0.003664447764381655,13.791213135265295,13.08881208508219,14.657791057526621,6.912886456290724,13.791213135265295,1.9950006733750554,0.03582093071284267,0.0205150955591532,0.05232933434758529
ec645b93cc73601bc664e2a8edc5b107aa31f85f,1.0,0.0009154323366269339,0.0008826563119443773,0.0009547809575860542,3.6617293465077356,3.5306252477775093,3.8191238303442168,3.1352028868935604,3.6617293465077356,1.167940155265636,0.10572572071790384,0.07469587323438615,0.1372751920446511
ec6a0598463e3a7873e415172bc26fc75087449a,1.0,0.0025948768988752384,0.0025091191239514196,0.00268616387465884,10.379507595500954,10.036476495805678,10.744655498635359,7.945969612461955,10.379507595500954,1.3062606707207125,0.05781911258706885,0.04524030907171956,0.07481299513134089
ec6cb3b5c92703ce27292d2822a2ceb2ff29f331,1.0,0.0015616635533668116,0.0014970310736304342,0.0016094096314086127,6.246654213467246,5.988124294521737,6.43763852563445,5.520992765529974,6.246654213467246,1.1314367684862585,0.12393643388249014,0.09307505400327273,0.15866399540878537
ec714017bf9af7821d6da7bc374795192dd2ecf8,1.0,0.00228997542677092,0.002187986929823736,0.0024417646771791096,9.15990170708368,8.751947719294945,9.767058708716439,5.716461605388201,9.15990170708368,1.6023726457726533,0.01587104761701786,0.009831990587458731,0.021469979813542966
ec725ce6b078059d0523434c2c868d7f27cd7ebf,1.0,0.0010956583924572332,0.0010508749921456883,0.0011476285000343385,4.382633569828933,4.203499968582753,4.590514000137354,3.112011672214591,4.382633569828933,1.4082959935398098,0.10059552412061662,0.05718570222355803,0.15417914092856577
ec740e0a38250fb0f15f72feb4aadc0a7ba5cf9f,1.0,0.0022888766086623315,0.002210852562063644,0.0024188028095797304,9.155506434649325,8.843410248254576,9.675211238318921,9.155506434649325,8.891070981538805,0.9711173319577653,0.10150274229530497,0.07505940908288956,0.13585578421624497
ec7bdd6b4eff64ddb4ca5e316663edfa268f2b0c,1.0,0.0014397020476239284,0.001405952936138516,0.0014758857965685964,5.758808190495714,5.623811744554064,5.903543186274385,4.837393712417132,5.758808190495714,1.190477462215531,0.0,0.0,0.02478774686462835
ec7d7ab5c1ddb1409256cdc9591ee312ff522623,0.0,0.00046728110381214204,0.0004040322076835189,0.0005082198170144067,1.8691244152485682,1.6161288307340755,2.032879268057627,0.0,1.8691244152485682,,0.0,0.0,0.0
ec820731473af34eb8f93f9125f6ce153827058d,1.0,0.0009410771113208362,0.0009094778990583566,0.0009896586266103064,3.764308445283345,3.6379115962334265,3.958634506441226,2.5683241107299044,3.764308445283345,1.465667214490911,0.1862003638081684,0.14967550274196162,0.2286344926576367
ec85e07fb9a77d470ea3dc8f5b76083ac943bc86,1.0,0.0003196697423447372,0.0003006689235093884,0.00033118855682791575,1.2786789693789486,1.2026756940375536,1.324754227311663,0.760242678393478,1.2786789693789486,1.6819352631991336,0.19104549437605048,0.1070276919903294,0.2438986595617855
ec964f543c1e8e59eb9bd9523b9ef83295a6c5c7,1.0,0.0018733260548100443,0.0018098695879544288,0.001966515030257888,7.493304219240177,7.2394783518177155,7.866060121031552,4.932910297109526,7.493304219240177,1.519043276264507,0.0,0.0,0.02314436068283374
eca08e06547545f2a0218331890338cbb42942d8,1.0,0.00981718798044977,0.009553912148722246,0.010427194422213085,39.26875192179908,38.21564859488898,41.70877768885234,31.887706569407786,39.26875192179908,1.2314699345443825,0.017855851141154233,0.011179581965258175,0.03222860665323747
ecbb41112da6240ae47b350739f4711a043051c6,1.0,0.0013533172982841662,0.0012717212601203484,0.0014591900872734302,5.4132691931366645,5.086885040481394,5.836760349093721,5.4132691931366645,3.8066420737061883,0.7032057593833547,0.22968581813169336,0.02895016125267154,0.33630823306379526
ecbe10a59721ca123b103413d4846bda5de84393,1.0,0.00401052730082773,0.003835113082091253,0.004165136672500645,16.04210920331092,15.34045232836501,16.66054669000258,12.97372229455053,16.04210920331092,1.2365078301428751,0.09306270535382115,0.07634736882955821,0.11087767755145067
eccf416c54455a86723e54de0599c03feb03389a,1.0,0.002589257640073825,0.0025242230891990673,0.0027016813045137853,10.3570305602953,10.09689235679627,10.806725218055142,6.707272562221533,10.3570305602953,1.5441493489665077,0.08300015526744818,0.06058527980477737,0.11396652986457728
ecda33c494c4a452482cdcfeeacb6560caffbca0,1.0,0.0025146710469438924,0.002439619038592854,0.0026160612381892307,10.058684187775569,9.758476154371415,10.464244952756923,9.40583399760035,10.058684187775569,1.0694090699816492,0.07019172185241913,0.05109725530330126,0.08436130570281207
ece8a4abc23e0b61712f83e7a4cf9f409b294c4a,1.0,0.002377032418903238,0.002230987796228248,0.0024372598399332933,9.50812967561295,8.923951184912992,9.749039359733173,9.50812967561295,8.594324230435829,0.9038921979029264,0.1774794560261748,0.14213190893548008,0.21564296243031725
ecea05f432d1c88c2cba0a8d42343e0eacc95910,1.0,0.0007279683639137579,0.0007142120312557787,0.0009850759036850293,2.911873455655032,2.856848125023115,3.940303614740117,2.911873455655032,2.9004459955290365,0.9960755643059274,0.0,0.0,0.014696840070698722
eceeb09e8210bc1566faa31d243501084b9b6c79,1.0,0.0009019683317295074,0.0008747210947699796,0.0009284449958327822,3.6078733269180296,3.4988843790799184,3.7137799833311287,2.747393349316018,3.6078733269180296,1.3131986826044526,0.019088303855942172,0.0077601645405837765,0.031591983042300084
ecf691c4397f6b7e6067415a25314572cc1c47aa,1.0,0.0026252419243164194,0.002487910376981824,0.002742496921484382,10.500967697265677,9.951641507927297,10.969987685937527,7.717338258705002,10.500967697265677,1.3606981248257193,0.08468065341584603,0.06545887310963748,0.09929341709873936
ecfd173c9614411ea1ba97ddc207b43929865fc5,1.0,0.0012360351226469166,0.0011686288651182397,0.0012861492756384664,4.9441404905876665,4.674515460472959,5.144597102553865,3.1633158431510635,4.9441404905876665,1.5629613784195118,0.15660770518977477,0.1165781620438341,0.19047823996420002
ecfd2154a8ab7a461de60004d20231bb47a1db15,1.0,0.0015014318957209108,0.0014749912777425364,0.0015784675749438554,6.005727582883643,5.899965110970146,6.313870299775422,6.005727582883643,5.963894240533079,0.9930344255923645,0.07625310116316333,0.044290383527836624,0.10327466357295532
ed000527e62ce5b5f2e2656dd9a513a3c6d1cf7a,1.0,0.0009703948390608168,0.0009425761751818571,0.001013022346983129,3.881579356243267,3.7703047007274284,4.052089387932516,3.6561439675856886,3.881579356243267,1.0616593303371593,0.3046307277470431,0.2219289700633569,0.35751274042039066
ed0e0ae8a23edc5ee7a2be338aced5dd54ec9b58,1.0,0.002082744183710203,0.001831942030318011,0.0022521670074759515,8.330976734840812,7.327768121272044,9.008668029903806,8.330976734840812,7.364880513215089,0.8840356596381513,0.026433200314937275,0.0,0.1446047515967099
ed14a44d0cc33d9f664de4db81cc5144d183c903,1.0,0.0007350521876641738,0.000707032705289128,0.0007621132956899556,2.940208750656695,2.828130821156512,3.0484531827598227,2.5953086158684635,2.940208750656695,1.1328936885114214,0.2807401851315184,0.22450023373643066,0.31403990057432535
ed1758437201271084d0192a96d1f53be6fb29e7,1.0,0.0010409624534123499,0.0009902136555556057,0.0011674596358367594,4.163849813649399,3.960854622222423,4.669838543347037,4.000026417560118,4.163849813649399,1.0409555785357059,0.15407514645398912,0.004508406221365927,0.25077969443746273
ed18132db77334cedb2c892d980d557315f29ea9,1.0,0.0009872763356884012,0.0009505740375689268,0.0010256317255748406,3.9491053427536045,3.8022961502757076,4.1025269022993625,3.4992433213914547,3.949105342753605,1.1285597999464825,0.16196622410945524,0.10727622145258188,0.19650526530783183
ed1ac7ccf5113a684f010344c700ef740883eaad,1.0,0.000867910764410914,0.0008483285819989635,0.0008907464701508902,3.471643057643656,3.393314327995854,3.562985880603561,3.1284441641922047,3.471643057643656,1.1097027389459797,0.12741543413897483,0.10991852336376884,0.15118936734404442
ed1d35a5e25887aa56d8593141df8d8b22f11e8f,1.0,0.0011107312553941479,0.0010697211505477878,0.0011503268570180654,4.442925021576592,4.278884602191151,4.6013074280722615,4.070590530143686,4.442925021576592,1.0914694044207298,0.07399767493800788,0.051061358885719006,0.09648515409461911
ed282bd90522c407143aa7a48b96e18cbc02575c,1.0,0.0010756731777726409,0.0009528470586348907,0.0012455911684009107,4.302692711090564,3.811388234539563,4.982364673603643,4.302692711090564,3.8780369988260968,0.9013046618063428,0.33759644716790255,0.25698493315807736,0.40057326728050957
ed2a4beaef6d2e8881bdd04efbfbf3a72f21abc8,1.0,0.002521898363433214,0.0023578621933128953,0.0026936178323322076,10.087593453732856,9.431448773251581,10.774471329328831,10.087593453732856,7.4778323454989115,0.7412900192495151,0.143692487975294,0.019767741757509893,0.22731959833258866
ed32046e26a67f12ba43a10779e464d2f07211c5,1.0,0.00225171760532497,0.0022181480876303054,0.0023479216462622397,9.006870421299881,8.872592350521222,9.391686585048959,9.006870421299881,9.000628622111998,0.9993069957825614,0.012245432141059678,0.0063685527533660176,0.017645252372616476
ed3c0f7a4405688710cd1b1b25aa010e719d06cc,1.0,0.001912735562207748,0.001834389832601356,0.001989230305294763,7.650942248830992,7.337559330405424,7.956921221179051,6.380454844936203,7.650942248830992,1.199121760873067,0.03660898036436054,0.016263126706603116,0.05672094299257454
ed401bca0ad97c60093f39479292efa5acb80987,1.0,0.0008093003095059452,0.0007701225190036891,0.0008717949321230834,3.237201238023781,3.0804900760147564,3.487179728492334,1.9267589219335943,3.237201238023781,1.680127804870936,0.1364251355590877,0.1010473172728039,0.17234798536627496
ed47eca22a956b56c46ff576cc4a6885066b1adf,1.0,0.0010495334289773275,0.0010225743088840957,0.0010737596316380855,4.19813371590931,4.090297235536383,4.295038526552342,3.8458912737273825,4.19813371590931,1.091589287660891,0.08049993445129608,0.061045656058923696,0.10032033935182663
ed4a78ea84775e4e41bc3384366ba98d5d028065,1.0,0.002563013954086241,0.0024379094114292967,0.0026775485701796484,10.252055816344964,9.751637645717187,10.710194280718593,8.97947364485251,10.252055816344964,1.1417212435633086,0.12467369895840183,0.09609799120076112,0.1593109875095575
ed6c10be1655a35c7a126e3700e5af8842e74567,1.0,0.0016191617442607288,0.0015542016970334993,0.0017325742334948005,6.476646977042916,6.216806788133997,6.930296933979202,6.168600462286964,6.476646977042916,1.0499378289515198,0.28495893582800447,0.23899695004932361,0.33162084322969126
ed71c893be9e612d284bfb500260e2be29c7e141,1.0,0.0009474968628244829,0.0009028037097974824,0.0010025218214492373,3.7899874512979315,3.6112148391899295,4.010087285796949,3.206825747207123,3.7899874512979315,1.1818501378188988,0.2295226065132301,0.1622301568387982,0.2892137499329444
ed7ecb83c764c17f88711b1d7f410135a3059027,1.0,0.001612602604632213,0.0015699028729384923,0.0016791008792880382,6.450410418528852,6.279611491753969,6.716403517152153,5.4095903267316885,6.450410418528852,1.1924027567584763,0.06344752890207436,0.04693622823759392,0.08579724441328296
ed83d38a3be09632cd89974b36c12b0b258ea21e,1.0,0.0012189258154763733,0.0011578021363779665,0.0012867993686390125,4.875703261905493,4.631208545511866,5.14719747455605,3.4121642368070715,4.875703261905493,1.428918106963083,0.0,0.0,0.1827008938612937
ed8953d37b0eb723f384922228b55e8ab1d03457,1.0,0.0020169391788844035,0.0019649601021262536,0.0021312749482812194,8.067756715537614,7.859840408505015,8.525099793124879,8.067756715537614,7.883086775536351,0.9771101253405908,0.030722156541174654,0.0009121777099908777,0.08969022090202386
ed9031d5ab4a48d2cbdbff2ac0c9cc3294358642,1.0,0.002396861126803125,0.0022903500094488475,0.0025258546471322325,9.5874445072125,9.16140003779539,10.10341858852893,7.570392791276273,9.5874445072125,1.2664395060531828,0.031120084979335175,0.019286560577666347,0.04791908233587041
ed9d88f0934b4d656f7bfb9979133789b0b9a62d,1.0,0.0008159202940203097,0.0007870983527564525,0.0008418808089485467,3.2636811760812385,3.14839341102581,3.367523235794187,2.718613472154802,3.2636811760812385,1.2004947409807434,0.1066133357334018,0.08422813464514492,0.13731717044100303
eda0cb7fbc6ed98555c33f6c1171cdb163d04534,1.0,0.0016794892183478643,0.001629451994962145,0.001748765059512261,6.717956873391457,6.51780797984858,6.995060238049044,6.31984512683313,6.717956873391457,1.0629939086431095,0.08687770569544984,0.044092695575951746,0.1319051543291543
eda9bf5f89efd9bf7c7a67aacb7a4ae9678b7011,1.0,0.0005953870297690292,0.0005749023363131281,0.0006216471955009279,2.381548119076117,2.2996093452525126,2.4865887820037114,2.2649800126757618,2.381548119076117,1.0514654017907408,0.22675792542253645,0.14613702161707856,0.27597963121431807
edad5572841e5e04962706c988d5327228c00815,1.0,0.0013242293577820279,0.001200477224577237,0.001443830644078199,5.2969174311281115,4.801908898308948,5.775322576312797,3.403445644961186,5.2969174311281115,1.5563396580081184,0.2075560351883401,0.1208974991085059,0.26304230753085506
